ISO-10303-21;
HEADER;
FILE_DESCRIPTION(('Open CASCADE Model'),'2;1');
FILE_NAME('Open CASCADE Shape Model','2026-09-25T23:26:47',('Author'),(
    'Open CASCADE'),'Open CASCADE STEP processor 8.0','build123d',
  'Unknown');
FILE_SCHEMA(('AUTOMOTIVE_DESIGN { 1 0 10303 214 1 1 1 1 }'));
ENDSEC;
DATA;
#1 = APPLICATION_PROTOCOL_DEFINITION('international standard',
  'automotive_design',2000,#2);
#2 = APPLICATION_CONTEXT(
  'core data for automotive mechanical design processes');
#3 = SHAPE_DEFINITION_REPRESENTATION(#4,#10);
#4 = PRODUCT_DEFINITION_SHAPE('','',#5);
#5 = PRODUCT_DEFINITION('design','',#6,#9);
#6 = PRODUCT_DEFINITION_FORMATION('','',#7);
#7 = PRODUCT('COMPOUND','COMPOUND','',(#8));
#8 = PRODUCT_CONTEXT('',#2,'mechanical');
#9 = PRODUCT_DEFINITION_CONTEXT('part definition',#2,'design');
#10 = ADVANCED_BREP_SHAPE_REPRESENTATION('',(#11,#15),#7690);
#11 = AXIS2_PLACEMENT_3D('',#12,#13,#14);
#12 = CARTESIAN_POINT('',(0.,0.,0.));
#13 = DIRECTION('',(0.,0.,1.));
#14 = DIRECTION('',(1.,0.,-0.));
#15 = MANIFOLD_SOLID_BREP('',#16);
#16 = CLOSED_SHELL('',(#17,#596,#1095,#1142,#1637,#1720,#1769,#1950,
    #1999,#2048,#2095,#2278,#2394,#2497,#2558,#3058,#3063,#3605,#3611,
    #3711,#3738,#3813,#3913,#3940,#4227,#4357,#4491,#4502,#4609,#4747,
    #4774,#4801,#4828,#4855,#4861,#4865,#5000,#5074,#5133,#5241,#5326,
    #5376,#5509,#5617,#5624,#5631,#5637,#5642,#5760,#5858,#5907,#5956,
    #6197,#6203,#6210,#6216,#6265,#6489,#6516,#6523,#6570,#6685,#6712,
    #6769,#6925,#6963,#6997,#7002,#7342,#7380,#7409,#7414,#7550,#7579,
    #7680,#7686));
#17 = ADVANCED_FACE('',(#18,#433,#526),#32,.F.);
#18 = FACE_BOUND('',#19,.F.);
#19 = EDGE_LOOP('',(#20,#55,#83,#111,#160,#183,#211,#239,#267,#295,#323,
    #351,#379,#407));
#20 = ORIENTED_EDGE('',*,*,#21,.T.);
#21 = EDGE_CURVE('',#22,#24,#26,.T.);
#22 = VERTEX_POINT('',#23);
#23 = CARTESIAN_POINT('',(270.,-220.,172.5));
#24 = VERTEX_POINT('',#25);
#25 = CARTESIAN_POINT('',(270.,-220.,230.));
#26 = SURFACE_CURVE('',#27,(#31,#43),.PCURVE_S1.);
#27 = LINE('',#28,#29);
#28 = CARTESIAN_POINT('',(270.,-220.,170.));
#29 = VECTOR('',#30,1.);
#30 = DIRECTION('',(0.,0.,1.));
#31 = PCURVE('',#32,#37);
#32 = PLANE('',#33);
#33 = AXIS2_PLACEMENT_3D('',#34,#35,#36);
#34 = CARTESIAN_POINT('',(270.,-250.,170.));
#35 = DIRECTION('',(1.,0.,-0.));
#36 = DIRECTION('',(0.,0.,1.));
#37 = DEFINITIONAL_REPRESENTATION('',(#38),#42);
#38 = LINE('',#39,#40);
#39 = CARTESIAN_POINT('',(0.,-30.));
#40 = VECTOR('',#41,1.);
#41 = DIRECTION('',(1.,0.));
#42 = ( GEOMETRIC_REPRESENTATION_CONTEXT(2) 
PARAMETRIC_REPRESENTATION_CONTEXT() REPRESENTATION_CONTEXT('2D SPACE',''
  ) );
#43 = PCURVE('',#44,#49);
#44 = PLANE('',#45);
#45 = AXIS2_PLACEMENT_3D('',#46,#47,#48);
#46 = CARTESIAN_POINT('',(270.,-220.,170.));
#47 = DIRECTION('',(-0.,1.,0.));
#48 = DIRECTION('',(0.,0.,1.));
#49 = DEFINITIONAL_REPRESENTATION('',(#50),#54);
#50 = LINE('',#51,#52);
#51 = CARTESIAN_POINT('',(0.,0.));
#52 = VECTOR('',#53,1.);
#53 = DIRECTION('',(1.,0.));
#54 = ( GEOMETRIC_REPRESENTATION_CONTEXT(2) 
PARAMETRIC_REPRESENTATION_CONTEXT() REPRESENTATION_CONTEXT('2D SPACE',''
  ) );
#55 = ORIENTED_EDGE('',*,*,#56,.F.);
#56 = EDGE_CURVE('',#57,#24,#59,.T.);
#57 = VERTEX_POINT('',#58);
#58 = CARTESIAN_POINT('',(270.,-250.,230.));
#59 = SURFACE_CURVE('',#60,(#64,#71),.PCURVE_S1.);
#60 = LINE('',#61,#62);
#61 = CARTESIAN_POINT('',(270.,-250.,230.));
#62 = VECTOR('',#63,1.);
#63 = DIRECTION('',(-0.,1.,0.));
#64 = PCURVE('',#32,#65);
#65 = DEFINITIONAL_REPRESENTATION('',(#66),#70);
#66 = LINE('',#67,#68);
#67 = CARTESIAN_POINT('',(60.,0.));
#68 = VECTOR('',#69,1.);
#69 = DIRECTION('',(0.,-1.));
#70 = ( GEOMETRIC_REPRESENTATION_CONTEXT(2) 
PARAMETRIC_REPRESENTATION_CONTEXT() REPRESENTATION_CONTEXT('2D SPACE',''
  ) );
#71 = PCURVE('',#72,#77);
#72 = PLANE('',#73);
#73 = AXIS2_PLACEMENT_3D('',#74,#75,#76);
#74 = CARTESIAN_POINT('',(270.,-250.,230.));
#75 = DIRECTION('',(0.,0.,1.));
#76 = DIRECTION('',(1.,0.,-0.));
#77 = DEFINITIONAL_REPRESENTATION('',(#78),#82);
#78 = LINE('',#79,#80);
#79 = CARTESIAN_POINT('',(0.,0.));
#80 = VECTOR('',#81,1.);
#81 = DIRECTION('',(0.,1.));
#82 = ( GEOMETRIC_REPRESENTATION_CONTEXT(2) 
PARAMETRIC_REPRESENTATION_CONTEXT() REPRESENTATION_CONTEXT('2D SPACE',''
  ) );
#83 = ORIENTED_EDGE('',*,*,#84,.F.);
#84 = EDGE_CURVE('',#85,#57,#87,.T.);
#85 = VERTEX_POINT('',#86);
#86 = CARTESIAN_POINT('',(270.,-250.,210.81944428211));
#87 = SURFACE_CURVE('',#88,(#92,#99),.PCURVE_S1.);
#88 = LINE('',#89,#90);
#89 = CARTESIAN_POINT('',(270.,-250.,170.));
#90 = VECTOR('',#91,1.);
#91 = DIRECTION('',(0.,0.,1.));
#92 = PCURVE('',#32,#93);
#93 = DEFINITIONAL_REPRESENTATION('',(#94),#98);
#94 = LINE('',#95,#96);
#95 = CARTESIAN_POINT('',(0.,0.));
#96 = VECTOR('',#97,1.);
#97 = DIRECTION('',(1.,0.));
#98 = ( GEOMETRIC_REPRESENTATION_CONTEXT(2) 
PARAMETRIC_REPRESENTATION_CONTEXT() REPRESENTATION_CONTEXT('2D SPACE',''
  ) );
#99 = PCURVE('',#100,#105);
#100 = PLANE('',#101);
#101 = AXIS2_PLACEMENT_3D('',#102,#103,#104);
#102 = CARTESIAN_POINT('',(270.,-250.,170.));
#103 = DIRECTION('',(-0.,1.,0.));
#104 = DIRECTION('',(0.,0.,1.));
#105 = DEFINITIONAL_REPRESENTATION('',(#106),#110);
#106 = LINE('',#107,#108);
#107 = CARTESIAN_POINT('',(0.,0.));
#108 = VECTOR('',#109,1.);
#109 = DIRECTION('',(1.,0.));
#110 = ( GEOMETRIC_REPRESENTATION_CONTEXT(2) 
PARAMETRIC_REPRESENTATION_CONTEXT() REPRESENTATION_CONTEXT('2D SPACE',''
  ) );
#111 = ORIENTED_EDGE('',*,*,#112,.F.);
#112 = EDGE_CURVE('',#113,#85,#115,.T.);
#113 = VERTEX_POINT('',#114);
#114 = CARTESIAN_POINT('',(270.,-250.,200.99873753606));
#115 = SURFACE_CURVE('',#116,(#121,#128),.PCURVE_S1.);
#116 = ELLIPSE('',#117,7.016251795382,7.);
#117 = AXIS2_PLACEMENT_3D('',#118,#119,#120);
#118 = CARTESIAN_POINT('',(270.,-255.,205.90909090909));
#119 = DIRECTION('',(1.,0.,-0.));
#120 = DIRECTION('',(0.,0.,1.));
#121 = PCURVE('',#32,#122);
#122 = DEFINITIONAL_REPRESENTATION('',(#123),#127);
#123 = ELLIPSE('',#124,7.016251795382,7.);
#124 = AXIS2_PLACEMENT_2D('',#125,#126);
#125 = CARTESIAN_POINT('',(35.909090909091,5.));
#126 = DIRECTION('',(1.,0.));
#127 = ( GEOMETRIC_REPRESENTATION_CONTEXT(2) 
PARAMETRIC_REPRESENTATION_CONTEXT() REPRESENTATION_CONTEXT('2D SPACE',''
  ) );
#128 = PCURVE('',#129,#134);
#129 = CYLINDRICAL_SURFACE('',#130,7.);
#130 = AXIS2_PLACEMENT_3D('',#131,#132,#133);
#131 = CARTESIAN_POINT('',(430.,-255.,195.));
#132 = DIRECTION('',(-0.997683692682,0.,6.802388813738E-02));
#133 = DIRECTION('',(-6.802388813738E-02,0.,-0.997683692682));
#134 = DEFINITIONAL_REPRESENTATION('',(#135),#159);
#135 = B_SPLINE_CURVE_WITH_KNOTS('',8,(#136,#137,#138,#139,#140,#141,
    #142,#143,#144,#145,#146,#147,#148,#149,#150,#151,#152,#153,#154,
    #155,#156,#157,#158),.UNSPECIFIED.,.F.,.F.,(9,7,7,9),(3.14159265359,
    4.712388980385,7.068583470577,9.424777960769),.UNSPECIFIED.);
#136 = CARTESIAN_POINT('',(6.28318530718,159.89419688145));
#137 = CARTESIAN_POINT('',(6.08683576633,159.89419688145));
#138 = CARTESIAN_POINT('',(5.890486225481,159.91522623586));
#139 = CARTESIAN_POINT('',(5.694136684631,159.95728240247));
#140 = CARTESIAN_POINT('',(5.497787143782,160.01864351856));
#141 = CARTESIAN_POINT('',(5.301437602933,160.09583695766));
#142 = CARTESIAN_POINT('',(5.105088062083,160.18404537316));
#143 = CARTESIAN_POINT('',(4.908738521234,160.27775732786));
#144 = CARTESIAN_POINT('',(4.417864669111,160.51203803001));
#145 = CARTESIAN_POINT('',(4.123340357838,160.65260696073));
#146 = CARTESIAN_POINT('',(3.828816046559,160.77459093823));
#147 = CARTESIAN_POINT('',(3.534291735284,160.85943148902));
#148 = CARTESIAN_POINT('',(3.239767424023,160.89363568986));
#149 = CARTESIAN_POINT('',(2.945243112741,160.87428889685));
#150 = CARTESIAN_POINT('',(2.650718801466,160.80834927457));
#151 = CARTESIAN_POINT('',(2.061670178918,160.60955550674));
#152 = CARTESIAN_POINT('',(1.76714586765,160.47670064063));
#153 = CARTESIAN_POINT('',(1.472621556371,160.32353603822));
#154 = CARTESIAN_POINT('',(1.178097245134,160.1693491796));
#155 = CARTESIAN_POINT('',(0.883572933809,160.03613658424));
#156 = CARTESIAN_POINT('',(0.589048622555,159.94151310401));
#157 = CARTESIAN_POINT('',(0.294524311274,159.89419688145));
#158 = CARTESIAN_POINT('',(1.24344978758E-14,159.89419688145));
#159 = ( GEOMETRIC_REPRESENTATION_CONTEXT(2) 
PARAMETRIC_REPRESENTATION_CONTEXT() REPRESENTATION_CONTEXT('2D SPACE',''
  ) );
#160 = ORIENTED_EDGE('',*,*,#161,.F.);
#161 = EDGE_CURVE('',#162,#113,#164,.T.);
#162 = VERTEX_POINT('',#163);
#163 = CARTESIAN_POINT('',(270.,-250.,170.));
#164 = SURFACE_CURVE('',#165,(#169,#176),.PCURVE_S1.);
#165 = LINE('',#166,#167);
#166 = CARTESIAN_POINT('',(270.,-250.,170.));
#167 = VECTOR('',#168,1.);
#168 = DIRECTION('',(0.,0.,1.));
#169 = PCURVE('',#32,#170);
#170 = DEFINITIONAL_REPRESENTATION('',(#171),#175);
#171 = LINE('',#172,#173);
#172 = CARTESIAN_POINT('',(0.,0.));
#173 = VECTOR('',#174,1.);
#174 = DIRECTION('',(1.,0.));
#175 = ( GEOMETRIC_REPRESENTATION_CONTEXT(2) 
PARAMETRIC_REPRESENTATION_CONTEXT() REPRESENTATION_CONTEXT('2D SPACE',''
  ) );
#176 = PCURVE('',#100,#177);
#177 = DEFINITIONAL_REPRESENTATION('',(#178),#182);
#178 = LINE('',#179,#180);
#179 = CARTESIAN_POINT('',(0.,0.));
#180 = VECTOR('',#181,1.);
#181 = DIRECTION('',(1.,0.));
#182 = ( GEOMETRIC_REPRESENTATION_CONTEXT(2) 
PARAMETRIC_REPRESENTATION_CONTEXT() REPRESENTATION_CONTEXT('2D SPACE',''
  ) );
#183 = ORIENTED_EDGE('',*,*,#184,.T.);
#184 = EDGE_CURVE('',#162,#185,#187,.T.);
#185 = VERTEX_POINT('',#186);
#186 = CARTESIAN_POINT('',(270.,-235.,170.));
#187 = SURFACE_CURVE('',#188,(#192,#199),.PCURVE_S1.);
#188 = LINE('',#189,#190);
#189 = CARTESIAN_POINT('',(270.,-250.,170.));
#190 = VECTOR('',#191,1.);
#191 = DIRECTION('',(-0.,1.,0.));
#192 = PCURVE('',#32,#193);
#193 = DEFINITIONAL_REPRESENTATION('',(#194),#198);
#194 = LINE('',#195,#196);
#195 = CARTESIAN_POINT('',(0.,0.));
#196 = VECTOR('',#197,1.);
#197 = DIRECTION('',(0.,-1.));
#198 = ( GEOMETRIC_REPRESENTATION_CONTEXT(2) 
PARAMETRIC_REPRESENTATION_CONTEXT() REPRESENTATION_CONTEXT('2D SPACE',''
  ) );
#199 = PCURVE('',#200,#205);
#200 = PLANE('',#201);
#201 = AXIS2_PLACEMENT_3D('',#202,#203,#204);
#202 = CARTESIAN_POINT('',(270.,-250.,170.));
#203 = DIRECTION('',(0.,0.,1.));
#204 = DIRECTION('',(1.,0.,-0.));
#205 = DEFINITIONAL_REPRESENTATION('',(#206),#210);
#206 = LINE('',#207,#208);
#207 = CARTESIAN_POINT('',(0.,0.));
#208 = VECTOR('',#209,1.);
#209 = DIRECTION('',(0.,1.));
#210 = ( GEOMETRIC_REPRESENTATION_CONTEXT(2) 
PARAMETRIC_REPRESENTATION_CONTEXT() REPRESENTATION_CONTEXT('2D SPACE',''
  ) );
#211 = ORIENTED_EDGE('',*,*,#212,.F.);
#212 = EDGE_CURVE('',#213,#185,#215,.T.);
#213 = VERTEX_POINT('',#214);
#214 = CARTESIAN_POINT('',(270.,-235.,147.5));
#215 = SURFACE_CURVE('',#216,(#220,#227),.PCURVE_S1.);
#216 = LINE('',#217,#218);
#217 = CARTESIAN_POINT('',(270.,-235.,147.5));
#218 = VECTOR('',#219,1.);
#219 = DIRECTION('',(0.,0.,1.));
#220 = PCURVE('',#32,#221);
#221 = DEFINITIONAL_REPRESENTATION('',(#222),#226);
#222 = LINE('',#223,#224);
#223 = CARTESIAN_POINT('',(-22.5,-15.));
#224 = VECTOR('',#225,1.);
#225 = DIRECTION('',(1.,0.));
#226 = ( GEOMETRIC_REPRESENTATION_CONTEXT(2) 
PARAMETRIC_REPRESENTATION_CONTEXT() REPRESENTATION_CONTEXT('2D SPACE',''
  ) );
#227 = PCURVE('',#228,#233);
#228 = PLANE('',#229);
#229 = AXIS2_PLACEMENT_3D('',#230,#231,#232);
#230 = CARTESIAN_POINT('',(270.,-235.,147.5));
#231 = DIRECTION('',(-0.,1.,0.));
#232 = DIRECTION('',(0.,0.,1.));
#233 = DEFINITIONAL_REPRESENTATION('',(#234),#238);
#234 = LINE('',#235,#236);
#235 = CARTESIAN_POINT('',(0.,0.));
#236 = VECTOR('',#237,1.);
#237 = DIRECTION('',(1.,0.));
#238 = ( GEOMETRIC_REPRESENTATION_CONTEXT(2) 
PARAMETRIC_REPRESENTATION_CONTEXT() REPRESENTATION_CONTEXT('2D SPACE',''
  ) );
#239 = ORIENTED_EDGE('',*,*,#240,.T.);
#240 = EDGE_CURVE('',#213,#241,#243,.T.);
#241 = VERTEX_POINT('',#242);
#242 = CARTESIAN_POINT('',(270.,235.,147.5));
#243 = SURFACE_CURVE('',#244,(#248,#255),.PCURVE_S1.);
#244 = LINE('',#245,#246);
#245 = CARTESIAN_POINT('',(270.,-235.,147.5));
#246 = VECTOR('',#247,1.);
#247 = DIRECTION('',(-0.,1.,0.));
#248 = PCURVE('',#32,#249);
#249 = DEFINITIONAL_REPRESENTATION('',(#250),#254);
#250 = LINE('',#251,#252);
#251 = CARTESIAN_POINT('',(-22.5,-15.));
#252 = VECTOR('',#253,1.);
#253 = DIRECTION('',(0.,-1.));
#254 = ( GEOMETRIC_REPRESENTATION_CONTEXT(2) 
PARAMETRIC_REPRESENTATION_CONTEXT() REPRESENTATION_CONTEXT('2D SPACE',''
  ) );
#255 = PCURVE('',#256,#261);
#256 = PLANE('',#257);
#257 = AXIS2_PLACEMENT_3D('',#258,#259,#260);
#258 = CARTESIAN_POINT('',(270.,-235.,147.5));
#259 = DIRECTION('',(0.,0.,1.));
#260 = DIRECTION('',(1.,0.,-0.));
#261 = DEFINITIONAL_REPRESENTATION('',(#262),#266);
#262 = LINE('',#263,#264);
#263 = CARTESIAN_POINT('',(0.,0.));
#264 = VECTOR('',#265,1.);
#265 = DIRECTION('',(0.,1.));
#266 = ( GEOMETRIC_REPRESENTATION_CONTEXT(2) 
PARAMETRIC_REPRESENTATION_CONTEXT() REPRESENTATION_CONTEXT('2D SPACE',''
  ) );
#267 = ORIENTED_EDGE('',*,*,#268,.T.);
#268 = EDGE_CURVE('',#241,#269,#271,.T.);
#269 = VERTEX_POINT('',#270);
#270 = CARTESIAN_POINT('',(270.,235.,170.));
#271 = SURFACE_CURVE('',#272,(#276,#283),.PCURVE_S1.);
#272 = LINE('',#273,#274);
#273 = CARTESIAN_POINT('',(270.,235.,147.5));
#274 = VECTOR('',#275,1.);
#275 = DIRECTION('',(0.,0.,1.));
#276 = PCURVE('',#32,#277);
#277 = DEFINITIONAL_REPRESENTATION('',(#278),#282);
#278 = LINE('',#279,#280);
#279 = CARTESIAN_POINT('',(-22.5,-485.));
#280 = VECTOR('',#281,1.);
#281 = DIRECTION('',(1.,0.));
#282 = ( GEOMETRIC_REPRESENTATION_CONTEXT(2) 
PARAMETRIC_REPRESENTATION_CONTEXT() REPRESENTATION_CONTEXT('2D SPACE',''
  ) );
#283 = PCURVE('',#284,#289);
#284 = PLANE('',#285);
#285 = AXIS2_PLACEMENT_3D('',#286,#287,#288);
#286 = CARTESIAN_POINT('',(270.,235.,147.5));
#287 = DIRECTION('',(-0.,1.,0.));
#288 = DIRECTION('',(0.,0.,1.));
#289 = DEFINITIONAL_REPRESENTATION('',(#290),#294);
#290 = LINE('',#291,#292);
#291 = CARTESIAN_POINT('',(0.,0.));
#292 = VECTOR('',#293,1.);
#293 = DIRECTION('',(1.,0.));
#294 = ( GEOMETRIC_REPRESENTATION_CONTEXT(2) 
PARAMETRIC_REPRESENTATION_CONTEXT() REPRESENTATION_CONTEXT('2D SPACE',''
  ) );
#295 = ORIENTED_EDGE('',*,*,#296,.T.);
#296 = EDGE_CURVE('',#269,#297,#299,.T.);
#297 = VERTEX_POINT('',#298);
#298 = CARTESIAN_POINT('',(270.,250.,170.));
#299 = SURFACE_CURVE('',#300,(#304,#311),.PCURVE_S1.);
#300 = LINE('',#301,#302);
#301 = CARTESIAN_POINT('',(270.,220.,170.));
#302 = VECTOR('',#303,1.);
#303 = DIRECTION('',(-0.,1.,0.));
#304 = PCURVE('',#32,#305);
#305 = DEFINITIONAL_REPRESENTATION('',(#306),#310);
#306 = LINE('',#307,#308);
#307 = CARTESIAN_POINT('',(0.,-470.));
#308 = VECTOR('',#309,1.);
#309 = DIRECTION('',(0.,-1.));
#310 = ( GEOMETRIC_REPRESENTATION_CONTEXT(2) 
PARAMETRIC_REPRESENTATION_CONTEXT() REPRESENTATION_CONTEXT('2D SPACE',''
  ) );
#311 = PCURVE('',#312,#317);
#312 = PLANE('',#313);
#313 = AXIS2_PLACEMENT_3D('',#314,#315,#316);
#314 = CARTESIAN_POINT('',(270.,220.,170.));
#315 = DIRECTION('',(0.,0.,1.));
#316 = DIRECTION('',(1.,0.,-0.));
#317 = DEFINITIONAL_REPRESENTATION('',(#318),#322);
#318 = LINE('',#319,#320);
#319 = CARTESIAN_POINT('',(0.,0.));
#320 = VECTOR('',#321,1.);
#321 = DIRECTION('',(0.,1.));
#322 = ( GEOMETRIC_REPRESENTATION_CONTEXT(2) 
PARAMETRIC_REPRESENTATION_CONTEXT() REPRESENTATION_CONTEXT('2D SPACE',''
  ) );
#323 = ORIENTED_EDGE('',*,*,#324,.T.);
#324 = EDGE_CURVE('',#297,#325,#327,.T.);
#325 = VERTEX_POINT('',#326);
#326 = CARTESIAN_POINT('',(270.,250.,230.));
#327 = SURFACE_CURVE('',#328,(#332,#339),.PCURVE_S1.);
#328 = LINE('',#329,#330);
#329 = CARTESIAN_POINT('',(270.,250.,170.));
#330 = VECTOR('',#331,1.);
#331 = DIRECTION('',(0.,0.,1.));
#332 = PCURVE('',#32,#333);
#333 = DEFINITIONAL_REPRESENTATION('',(#334),#338);
#334 = LINE('',#335,#336);
#335 = CARTESIAN_POINT('',(0.,-500.));
#336 = VECTOR('',#337,1.);
#337 = DIRECTION('',(1.,0.));
#338 = ( GEOMETRIC_REPRESENTATION_CONTEXT(2) 
PARAMETRIC_REPRESENTATION_CONTEXT() REPRESENTATION_CONTEXT('2D SPACE',''
  ) );
#339 = PCURVE('',#340,#345);
#340 = PLANE('',#341);
#341 = AXIS2_PLACEMENT_3D('',#342,#343,#344);
#342 = CARTESIAN_POINT('',(270.,250.,170.));
#343 = DIRECTION('',(-0.,1.,0.));
#344 = DIRECTION('',(0.,0.,1.));
#345 = DEFINITIONAL_REPRESENTATION('',(#346),#350);
#346 = LINE('',#347,#348);
#347 = CARTESIAN_POINT('',(0.,0.));
#348 = VECTOR('',#349,1.);
#349 = DIRECTION('',(1.,0.));
#350 = ( GEOMETRIC_REPRESENTATION_CONTEXT(2) 
PARAMETRIC_REPRESENTATION_CONTEXT() REPRESENTATION_CONTEXT('2D SPACE',''
  ) );
#351 = ORIENTED_EDGE('',*,*,#352,.F.);
#352 = EDGE_CURVE('',#353,#325,#355,.T.);
#353 = VERTEX_POINT('',#354);
#354 = CARTESIAN_POINT('',(270.,220.,230.));
#355 = SURFACE_CURVE('',#356,(#360,#367),.PCURVE_S1.);
#356 = LINE('',#357,#358);
#357 = CARTESIAN_POINT('',(270.,220.,230.));
#358 = VECTOR('',#359,1.);
#359 = DIRECTION('',(-0.,1.,0.));
#360 = PCURVE('',#32,#361);
#361 = DEFINITIONAL_REPRESENTATION('',(#362),#366);
#362 = LINE('',#363,#364);
#363 = CARTESIAN_POINT('',(60.,-470.));
#364 = VECTOR('',#365,1.);
#365 = DIRECTION('',(0.,-1.));
#366 = ( GEOMETRIC_REPRESENTATION_CONTEXT(2) 
PARAMETRIC_REPRESENTATION_CONTEXT() REPRESENTATION_CONTEXT('2D SPACE',''
  ) );
#367 = PCURVE('',#368,#373);
#368 = PLANE('',#369);
#369 = AXIS2_PLACEMENT_3D('',#370,#371,#372);
#370 = CARTESIAN_POINT('',(270.,220.,230.));
#371 = DIRECTION('',(0.,0.,1.));
#372 = DIRECTION('',(1.,0.,-0.));
#373 = DEFINITIONAL_REPRESENTATION('',(#374),#378);
#374 = LINE('',#375,#376);
#375 = CARTESIAN_POINT('',(0.,0.));
#376 = VECTOR('',#377,1.);
#377 = DIRECTION('',(0.,1.));
#378 = ( GEOMETRIC_REPRESENTATION_CONTEXT(2) 
PARAMETRIC_REPRESENTATION_CONTEXT() REPRESENTATION_CONTEXT('2D SPACE',''
  ) );
#379 = ORIENTED_EDGE('',*,*,#380,.F.);
#380 = EDGE_CURVE('',#381,#353,#383,.T.);
#381 = VERTEX_POINT('',#382);
#382 = CARTESIAN_POINT('',(270.,220.,172.5));
#383 = SURFACE_CURVE('',#384,(#388,#395),.PCURVE_S1.);
#384 = LINE('',#385,#386);
#385 = CARTESIAN_POINT('',(270.,220.,170.));
#386 = VECTOR('',#387,1.);
#387 = DIRECTION('',(0.,0.,1.));
#388 = PCURVE('',#32,#389);
#389 = DEFINITIONAL_REPRESENTATION('',(#390),#394);
#390 = LINE('',#391,#392);
#391 = CARTESIAN_POINT('',(0.,-470.));
#392 = VECTOR('',#393,1.);
#393 = DIRECTION('',(1.,0.));
#394 = ( GEOMETRIC_REPRESENTATION_CONTEXT(2) 
PARAMETRIC_REPRESENTATION_CONTEXT() REPRESENTATION_CONTEXT('2D SPACE',''
  ) );
#395 = PCURVE('',#396,#401);
#396 = PLANE('',#397);
#397 = AXIS2_PLACEMENT_3D('',#398,#399,#400);
#398 = CARTESIAN_POINT('',(270.,220.,170.));
#399 = DIRECTION('',(-0.,1.,0.));
#400 = DIRECTION('',(0.,0.,1.));
#401 = DEFINITIONAL_REPRESENTATION('',(#402),#406);
#402 = LINE('',#403,#404);
#403 = CARTESIAN_POINT('',(0.,0.));
#404 = VECTOR('',#405,1.);
#405 = DIRECTION('',(1.,0.));
#406 = ( GEOMETRIC_REPRESENTATION_CONTEXT(2) 
PARAMETRIC_REPRESENTATION_CONTEXT() REPRESENTATION_CONTEXT('2D SPACE',''
  ) );
#407 = ORIENTED_EDGE('',*,*,#408,.F.);
#408 = EDGE_CURVE('',#22,#381,#409,.T.);
#409 = SURFACE_CURVE('',#410,(#414,#421),.PCURVE_S1.);
#410 = LINE('',#411,#412);
#411 = CARTESIAN_POINT('',(270.,-235.,172.5));
#412 = VECTOR('',#413,1.);
#413 = DIRECTION('',(-0.,1.,0.));
#414 = PCURVE('',#32,#415);
#415 = DEFINITIONAL_REPRESENTATION('',(#416),#420);
#416 = LINE('',#417,#418);
#417 = CARTESIAN_POINT('',(2.5,-15.));
#418 = VECTOR('',#419,1.);
#419 = DIRECTION('',(0.,-1.));
#420 = ( GEOMETRIC_REPRESENTATION_CONTEXT(2) 
PARAMETRIC_REPRESENTATION_CONTEXT() REPRESENTATION_CONTEXT('2D SPACE',''
  ) );
#421 = PCURVE('',#422,#427);
#422 = PLANE('',#423);
#423 = AXIS2_PLACEMENT_3D('',#424,#425,#426);
#424 = CARTESIAN_POINT('',(270.,-235.,172.5));
#425 = DIRECTION('',(0.,0.,1.));
#426 = DIRECTION('',(1.,0.,-0.));
#427 = DEFINITIONAL_REPRESENTATION('',(#428),#432);
#428 = LINE('',#429,#430);
#429 = CARTESIAN_POINT('',(0.,0.));
#430 = VECTOR('',#431,1.);
#431 = DIRECTION('',(0.,1.));
#432 = ( GEOMETRIC_REPRESENTATION_CONTEXT(2) 
PARAMETRIC_REPRESENTATION_CONTEXT() REPRESENTATION_CONTEXT('2D SPACE',''
  ) );
#433 = FACE_BOUND('',#434,.F.);
#434 = EDGE_LOOP('',(#435,#472,#502));
#435 = ORIENTED_EDGE('',*,*,#436,.F.);
#436 = EDGE_CURVE('',#437,#439,#441,.T.);
#437 = VERTEX_POINT('',#438);
#438 = CARTESIAN_POINT('',(270.,222.10859698849,200.99848020328));
#439 = VERTEX_POINT('',#440);
#440 = CARTESIAN_POINT('',(270.,231.98653674426,189.4208204852));
#441 = SURFACE_CURVE('',#442,(#447,#454),.PCURVE_S1.);
#442 = ELLIPSE('',#443,13.032834970948,11.);
#443 = AXIS2_PLACEMENT_3D('',#444,#445,#446);
#444 = CARTESIAN_POINT('',(270.,235.,200.));
#445 = DIRECTION('',(1.,0.,0.));
#446 = DIRECTION('',(0.,-0.961743592255,0.273951205066));
#447 = PCURVE('',#32,#448);
#448 = DEFINITIONAL_REPRESENTATION('',(#449),#453);
#449 = ELLIPSE('',#450,13.032834970948,11.);
#450 = AXIS2_PLACEMENT_2D('',#451,#452);
#451 = CARTESIAN_POINT('',(30.,-485.));
#452 = DIRECTION('',(0.273951205066,0.961743592255));
#453 = ( GEOMETRIC_REPRESENTATION_CONTEXT(2) 
PARAMETRIC_REPRESENTATION_CONTEXT() REPRESENTATION_CONTEXT('2D SPACE',''
  ) );
#454 = PCURVE('',#455,#460);
#455 = CYLINDRICAL_SURFACE('',#456,11.);
#456 = AXIS2_PLACEMENT_3D('',#457,#458,#459);
#457 = CARTESIAN_POINT('',(270.,235.,200.));
#458 = DIRECTION('',(-0.844022043133,-0.515791248582,0.146922355657));
#459 = DIRECTION('',(0.521450009454,-0.853281833652,-2.775557561563E-17)
  );
#460 = DEFINITIONAL_REPRESENTATION('',(#461),#471);
#461 = B_SPLINE_CURVE_WITH_KNOTS('',8,(#462,#463,#464,#465,#466,#467,
    #468,#469,#470),.UNSPECIFIED.,.F.,.F.,(9,9),(0.235940556006,
    1.570796670161),.PIECEWISE_BEZIER_KNOTS.);
#462 = CARTESIAN_POINT('',(6.28318530718,6.795971918813));
#463 = CARTESIAN_POINT('',(6.11632829291,6.523348131586));
#464 = CARTESIAN_POINT('',(5.949471278638,6.034486046575));
#465 = CARTESIAN_POINT('',(5.782614264364,5.340952360284));
#466 = CARTESIAN_POINT('',(5.615757250096,4.467153555186));
#467 = CARTESIAN_POINT('',(5.44890023582,3.449320051537));
#468 = CARTESIAN_POINT('',(5.282043221559,2.332531998582));
#469 = CARTESIAN_POINT('',(5.115186207294,1.166264719728));
#470 = CARTESIAN_POINT('',(4.948329193024,-2.399999971203E-06));
#471 = ( GEOMETRIC_REPRESENTATION_CONTEXT(2) 
PARAMETRIC_REPRESENTATION_CONTEXT() REPRESENTATION_CONTEXT('2D SPACE',''
  ) );
#472 = ORIENTED_EDGE('',*,*,#473,.F.);
#473 = EDGE_CURVE('',#474,#437,#476,.T.);
#474 = VERTEX_POINT('',#475);
#475 = CARTESIAN_POINT('',(270.,238.01346325573,210.5791795148));
#476 = SURFACE_CURVE('',#477,(#482,#489),.PCURVE_S1.);
#477 = ELLIPSE('',#478,13.032834970948,11.);
#478 = AXIS2_PLACEMENT_3D('',#479,#480,#481);
#479 = CARTESIAN_POINT('',(270.,235.,200.));
#480 = DIRECTION('',(1.,0.,0.));
#481 = DIRECTION('',(0.,-0.961743592255,0.273951205066));
#482 = PCURVE('',#32,#483);
#483 = DEFINITIONAL_REPRESENTATION('',(#484),#488);
#484 = ELLIPSE('',#485,13.032834970948,11.);
#485 = AXIS2_PLACEMENT_2D('',#486,#487);
#486 = CARTESIAN_POINT('',(30.,-485.));
#487 = DIRECTION('',(0.273951205066,0.961743592255));
#488 = ( GEOMETRIC_REPRESENTATION_CONTEXT(2) 
PARAMETRIC_REPRESENTATION_CONTEXT() REPRESENTATION_CONTEXT('2D SPACE',''
  ) );
#489 = PCURVE('',#455,#490);
#490 = DEFINITIONAL_REPRESENTATION('',(#491),#501);
#491 = B_SPLINE_CURVE_WITH_KNOTS('',8,(#492,#493,#494,#495,#496,#497,
    #498,#499,#500),.UNSPECIFIED.,.F.,.F.,(9,9),(4.712388637018,
    6.519125863185),.PIECEWISE_BEZIER_KNOTS.);
#492 = CARTESIAN_POINT('',(1.806737226167,-2.399999971203E-06));
#493 = CARTESIAN_POINT('',(1.580895072896,1.578548425458));
#494 = CARTESIAN_POINT('',(1.355052919625,3.157100411743));
#495 = CARTESIAN_POINT('',(1.12921076635,4.612956928795));
#496 = CARTESIAN_POINT('',(0.903368613085,5.823472619209));
#497 = CARTESIAN_POINT('',(0.67752645981,6.685859424266));
#498 = CARTESIAN_POINT('',(0.451684306541,7.137823090992));
#499 = CARTESIAN_POINT('',(0.225842153271,7.164970150082));
#500 = CARTESIAN_POINT('',(-2.6645352591E-15,6.795971918813));
#501 = ( GEOMETRIC_REPRESENTATION_CONTEXT(2) 
PARAMETRIC_REPRESENTATION_CONTEXT() REPRESENTATION_CONTEXT('2D SPACE',''
  ) );
#502 = ORIENTED_EDGE('',*,*,#503,.T.);
#503 = EDGE_CURVE('',#474,#439,#504,.T.);
#504 = SURFACE_CURVE('',#505,(#509,#515),.PCURVE_S1.);
#505 = LINE('',#506,#507);
#506 = CARTESIAN_POINT('',(270.,212.84849154039,122.23406604606));
#507 = VECTOR('',#508,1.);
#508 = DIRECTION('',(0.,-0.273951205066,-0.961743592255));
#509 = PCURVE('',#32,#510);
#510 = DEFINITIONAL_REPRESENTATION('',(#511),#514);
#511 = B_SPLINE_CURVE_WITH_KNOTS('',1,(#512,#513),.UNSPECIFIED.,.F.,.F.,
  (2,2),(-92.17276099001,-69.54588123484),.PIECEWISE_BEZIER_KNOTS.);
#512 = CARTESIAN_POINT('',(40.880628308623,-488.0993304879));
#513 = CARTESIAN_POINT('',(19.119371691377,-481.900669512));
#514 = ( GEOMETRIC_REPRESENTATION_CONTEXT(2) 
PARAMETRIC_REPRESENTATION_CONTEXT() REPRESENTATION_CONTEXT('2D SPACE',''
  ) );
#515 = PCURVE('',#516,#521);
#516 = PLANE('',#517);
#517 = AXIS2_PLACEMENT_3D('',#518,#519,#520);
#518 = CARTESIAN_POINT('',(270.,235.,200.));
#519 = DIRECTION('',(-0.844022043133,-0.515791248582,0.146922355657));
#520 = DIRECTION('',(0.521450009454,-0.853281833652,-2.775557561563E-17)
  );
#521 = DEFINITIONAL_REPRESENTATION('',(#522),#525);
#522 = B_SPLINE_CURVE_WITH_KNOTS('',1,(#523,#524),.UNSPECIFIED.,.F.,.F.,
  (2,2),(-92.17276099001,-69.54588123484),.PIECEWISE_BEZIER_KNOTS.);
#523 = CARTESIAN_POINT('',(-2.644602401818,11.));
#524 = CARTESIAN_POINT('',(2.644602401818,-11.));
#525 = ( GEOMETRIC_REPRESENTATION_CONTEXT(2) 
PARAMETRIC_REPRESENTATION_CONTEXT() REPRESENTATION_CONTEXT('2D SPACE',''
  ) );
#526 = FACE_BOUND('',#527,.F.);
#527 = EDGE_LOOP('',(#528,#572));
#528 = ORIENTED_EDGE('',*,*,#529,.F.);
#529 = EDGE_CURVE('',#530,#532,#534,.T.);
#530 = VERTEX_POINT('',#531);
#531 = CARTESIAN_POINT('',(270.,-231.9865367442,189.4208204852));
#532 = VERTEX_POINT('',#533);
#533 = CARTESIAN_POINT('',(270.,-238.0134632557,210.5791795148));
#534 = SURFACE_CURVE('',#535,(#540,#547),.PCURVE_S1.);
#535 = ELLIPSE('',#536,13.032834970948,11.);
#536 = AXIS2_PLACEMENT_3D('',#537,#538,#539);
#537 = CARTESIAN_POINT('',(270.,-235.,200.));
#538 = DIRECTION('',(1.,0.,-0.));
#539 = DIRECTION('',(0.,0.961743592255,0.273951205066));
#540 = PCURVE('',#32,#541);
#541 = DEFINITIONAL_REPRESENTATION('',(#542),#546);
#542 = ELLIPSE('',#543,13.032834970948,11.);
#543 = AXIS2_PLACEMENT_2D('',#544,#545);
#544 = CARTESIAN_POINT('',(30.,-15.));
#545 = DIRECTION('',(0.273951205066,-0.961743592255));
#546 = ( GEOMETRIC_REPRESENTATION_CONTEXT(2) 
PARAMETRIC_REPRESENTATION_CONTEXT() REPRESENTATION_CONTEXT('2D SPACE',''
  ) );
#547 = PCURVE('',#548,#553);
#548 = CYLINDRICAL_SURFACE('',#549,11.);
#549 = AXIS2_PLACEMENT_3D('',#550,#551,#552);
#550 = CARTESIAN_POINT('',(270.,-235.,200.));
#551 = DIRECTION('',(-0.844022043133,0.515791248582,0.146922355657));
#552 = DIRECTION('',(-0.521450009454,-0.853281833652,2.775557561563E-17)
  );
#553 = DEFINITIONAL_REPRESENTATION('',(#554),#571);
#554 = B_SPLINE_CURVE_WITH_KNOTS('',8,(#555,#556,#557,#558,#559,#560,
    #561,#562,#563,#564,#565,#566,#567,#568,#569,#570),.UNSPECIFIED.,.F.
  ,.F.,(9,7,9),(4.712388637018,6.28318530718,7.853981977341),
  .UNSPECIFIED.);
#555 = CARTESIAN_POINT('',(4.476448767745,-2.399999971203E-06));
#556 = CARTESIAN_POINT('',(4.280099183975,1.372406572593));
#557 = CARTESIAN_POINT('',(4.0837496002,2.744815976779));
#558 = CARTESIAN_POINT('',(3.887400016447,4.03659699015));
#559 = CARTESIAN_POINT('',(3.691050432655,5.167136943204));
#560 = CARTESIAN_POINT('',(3.494700848902,6.065717946542));
#561 = CARTESIAN_POINT('',(3.298351265121,6.68165175938));
#562 = CARTESIAN_POINT('',(3.102001681354,6.989619973931));
#563 = CARTESIAN_POINT('',(2.709302513814,6.989619973931));
#564 = CARTESIAN_POINT('',(2.512952930044,6.681651759387));
#565 = CARTESIAN_POINT('',(2.316603346271,6.065717946534));
#566 = CARTESIAN_POINT('',(2.120253762499,5.167136943208));
#567 = CARTESIAN_POINT('',(1.92390417873,4.036596990147));
#568 = CARTESIAN_POINT('',(1.727554594964,2.744815976782));
#569 = CARTESIAN_POINT('',(1.531205011193,1.372406572593));
#570 = CARTESIAN_POINT('',(1.334855427423,-2.400000028047E-06));
#571 = ( GEOMETRIC_REPRESENTATION_CONTEXT(2) 
PARAMETRIC_REPRESENTATION_CONTEXT() REPRESENTATION_CONTEXT('2D SPACE',''
  ) );
#572 = ORIENTED_EDGE('',*,*,#573,.T.);
#573 = EDGE_CURVE('',#530,#532,#574,.T.);
#574 = SURFACE_CURVE('',#575,(#579,#585),.PCURVE_S1.);
#575 = LINE('',#576,#577);
#576 = CARTESIAN_POINT('',(270.,-231.6108072297,188.10177006183));
#577 = VECTOR('',#578,1.);
#578 = DIRECTION('',(0.,-0.273951205066,0.961743592255));
#579 = PCURVE('',#32,#580);
#580 = DEFINITIONAL_REPRESENTATION('',(#581),#584);
#581 = B_SPLINE_CURVE_WITH_KNOTS('',1,(#582,#583),.UNSPECIFIED.,.F.,.F.,
  (2,2),(1.058079968236,23.684959723403),.PIECEWISE_BEZIER_KNOTS.);
#582 = CARTESIAN_POINT('',(19.119371691377,-18.09933048791));
#583 = CARTESIAN_POINT('',(40.880628308623,-11.90066951208));
#584 = ( GEOMETRIC_REPRESENTATION_CONTEXT(2) 
PARAMETRIC_REPRESENTATION_CONTEXT() REPRESENTATION_CONTEXT('2D SPACE',''
  ) );
#585 = PCURVE('',#586,#591);
#586 = PLANE('',#587);
#587 = AXIS2_PLACEMENT_3D('',#588,#589,#590);
#588 = CARTESIAN_POINT('',(270.,-235.,200.));
#589 = DIRECTION('',(-0.844022043133,0.515791248582,0.146922355657));
#590 = DIRECTION('',(-0.521450009454,-0.853281833652,2.775557561563E-17)
  );
#591 = DEFINITIONAL_REPRESENTATION('',(#592),#595);
#592 = B_SPLINE_CURVE_WITH_KNOTS('',1,(#593,#594),.UNSPECIFIED.,.F.,.F.,
  (2,2),(1.058079968236,23.684959723403),.PIECEWISE_BEZIER_KNOTS.);
#593 = CARTESIAN_POINT('',(-2.644602401818,-11.));
#594 = CARTESIAN_POINT('',(2.644602401818,11.));
#595 = ( GEOMETRIC_REPRESENTATION_CONTEXT(2) 
PARAMETRIC_REPRESENTATION_CONTEXT() REPRESENTATION_CONTEXT('2D SPACE',''
  ) );
#596 = ADVANCED_FACE('',(#597),#44,.T.);
#597 = FACE_BOUND('',#598,.T.);
#598 = EDGE_LOOP('',(#599,#624,#650,#669,#670,#693,#756,#814,#837,#865,
    #921,#944,#970,#996,#1019,#1045,#1071));
#599 = ORIENTED_EDGE('',*,*,#600,.F.);
#600 = EDGE_CURVE('',#601,#603,#605,.T.);
#601 = VERTEX_POINT('',#602);
#602 = CARTESIAN_POINT('',(300.,-220.,170.));
#603 = VERTEX_POINT('',#604);
#604 = CARTESIAN_POINT('',(830.,-220.,170.));
#605 = SURFACE_CURVE('',#606,(#610,#617),.PCURVE_S1.);
#606 = LINE('',#607,#608);
#607 = CARTESIAN_POINT('',(270.,-220.,170.));
#608 = VECTOR('',#609,1.);
#609 = DIRECTION('',(1.,0.,-0.));
#610 = PCURVE('',#44,#611);
#611 = DEFINITIONAL_REPRESENTATION('',(#612),#616);
#612 = LINE('',#613,#614);
#613 = CARTESIAN_POINT('',(0.,0.));
#614 = VECTOR('',#615,1.);
#615 = DIRECTION('',(0.,1.));
#616 = ( GEOMETRIC_REPRESENTATION_CONTEXT(2) 
PARAMETRIC_REPRESENTATION_CONTEXT() REPRESENTATION_CONTEXT('2D SPACE',''
  ) );
#617 = PCURVE('',#200,#618);
#618 = DEFINITIONAL_REPRESENTATION('',(#619),#623);
#619 = LINE('',#620,#621);
#620 = CARTESIAN_POINT('',(0.,30.));
#621 = VECTOR('',#622,1.);
#622 = DIRECTION('',(1.,0.));
#623 = ( GEOMETRIC_REPRESENTATION_CONTEXT(2) 
PARAMETRIC_REPRESENTATION_CONTEXT() REPRESENTATION_CONTEXT('2D SPACE',''
  ) );
#624 = ORIENTED_EDGE('',*,*,#625,.F.);
#625 = EDGE_CURVE('',#626,#601,#628,.T.);
#626 = VERTEX_POINT('',#627);
#627 = CARTESIAN_POINT('',(300.,-220.,172.5));
#628 = SURFACE_CURVE('',#629,(#633,#639),.PCURVE_S1.);
#629 = LINE('',#630,#631);
#630 = CARTESIAN_POINT('',(300.,-220.,158.75));
#631 = VECTOR('',#632,1.);
#632 = DIRECTION('',(-0.,0.,-1.));
#633 = PCURVE('',#44,#634);
#634 = DEFINITIONAL_REPRESENTATION('',(#635),#638);
#635 = B_SPLINE_CURVE_WITH_KNOTS('',1,(#636,#637),.UNSPECIFIED.,.F.,.F.,
  (2,2),(-13.75,-11.25),.PIECEWISE_BEZIER_KNOTS.);
#636 = CARTESIAN_POINT('',(2.5,30.));
#637 = CARTESIAN_POINT('',(0.,30.));
#638 = ( GEOMETRIC_REPRESENTATION_CONTEXT(2) 
PARAMETRIC_REPRESENTATION_CONTEXT() REPRESENTATION_CONTEXT('2D SPACE',''
  ) );
#639 = PCURVE('',#640,#645);
#640 = PLANE('',#641);
#641 = AXIS2_PLACEMENT_3D('',#642,#643,#644);
#642 = CARTESIAN_POINT('',(300.,-235.,147.5));
#643 = DIRECTION('',(1.,0.,-0.));
#644 = DIRECTION('',(0.,0.,1.));
#645 = DEFINITIONAL_REPRESENTATION('',(#646),#649);
#646 = B_SPLINE_CURVE_WITH_KNOTS('',1,(#647,#648),.UNSPECIFIED.,.F.,.F.,
  (2,2),(-13.75,-11.25),.PIECEWISE_BEZIER_KNOTS.);
#647 = CARTESIAN_POINT('',(25.,-15.));
#648 = CARTESIAN_POINT('',(22.5,-15.));
#649 = ( GEOMETRIC_REPRESENTATION_CONTEXT(2) 
PARAMETRIC_REPRESENTATION_CONTEXT() REPRESENTATION_CONTEXT('2D SPACE',''
  ) );
#650 = ORIENTED_EDGE('',*,*,#651,.F.);
#651 = EDGE_CURVE('',#22,#626,#652,.T.);
#652 = SURFACE_CURVE('',#653,(#657,#663),.PCURVE_S1.);
#653 = LINE('',#654,#655);
#654 = CARTESIAN_POINT('',(270.,-220.,172.5));
#655 = VECTOR('',#656,1.);
#656 = DIRECTION('',(1.,0.,-0.));
#657 = PCURVE('',#44,#658);
#658 = DEFINITIONAL_REPRESENTATION('',(#659),#662);
#659 = B_SPLINE_CURVE_WITH_KNOTS('',1,(#660,#661),.UNSPECIFIED.,.F.,.F.,
  (2,2),(0.,30.),.PIECEWISE_BEZIER_KNOTS.);
#660 = CARTESIAN_POINT('',(2.5,0.));
#661 = CARTESIAN_POINT('',(2.5,30.));
#662 = ( GEOMETRIC_REPRESENTATION_CONTEXT(2) 
PARAMETRIC_REPRESENTATION_CONTEXT() REPRESENTATION_CONTEXT('2D SPACE',''
  ) );
#663 = PCURVE('',#422,#664);
#664 = DEFINITIONAL_REPRESENTATION('',(#665),#668);
#665 = B_SPLINE_CURVE_WITH_KNOTS('',1,(#666,#667),.UNSPECIFIED.,.F.,.F.,
  (2,2),(0.,30.),.PIECEWISE_BEZIER_KNOTS.);
#666 = CARTESIAN_POINT('',(0.,15.));
#667 = CARTESIAN_POINT('',(30.,15.));
#668 = ( GEOMETRIC_REPRESENTATION_CONTEXT(2) 
PARAMETRIC_REPRESENTATION_CONTEXT() REPRESENTATION_CONTEXT('2D SPACE',''
  ) );
#669 = ORIENTED_EDGE('',*,*,#21,.T.);
#670 = ORIENTED_EDGE('',*,*,#671,.T.);
#671 = EDGE_CURVE('',#24,#672,#674,.T.);
#672 = VERTEX_POINT('',#673);
#673 = CARTESIAN_POINT('',(387.45760777932,-220.,230.));
#674 = SURFACE_CURVE('',#675,(#679,#686),.PCURVE_S1.);
#675 = LINE('',#676,#677);
#676 = CARTESIAN_POINT('',(270.,-220.,230.));
#677 = VECTOR('',#678,1.);
#678 = DIRECTION('',(1.,0.,-0.));
#679 = PCURVE('',#44,#680);
#680 = DEFINITIONAL_REPRESENTATION('',(#681),#685);
#681 = LINE('',#682,#683);
#682 = CARTESIAN_POINT('',(60.,0.));
#683 = VECTOR('',#684,1.);
#684 = DIRECTION('',(0.,1.));
#685 = ( GEOMETRIC_REPRESENTATION_CONTEXT(2) 
PARAMETRIC_REPRESENTATION_CONTEXT() REPRESENTATION_CONTEXT('2D SPACE',''
  ) );
#686 = PCURVE('',#72,#687);
#687 = DEFINITIONAL_REPRESENTATION('',(#688),#692);
#688 = LINE('',#689,#690);
#689 = CARTESIAN_POINT('',(0.,30.));
#690 = VECTOR('',#691,1.);
#691 = DIRECTION('',(1.,0.));
#692 = ( GEOMETRIC_REPRESENTATION_CONTEXT(2) 
PARAMETRIC_REPRESENTATION_CONTEXT() REPRESENTATION_CONTEXT('2D SPACE',''
  ) );
#693 = ORIENTED_EDGE('',*,*,#694,.F.);
#694 = EDGE_CURVE('',#695,#672,#697,.T.);
#695 = VERTEX_POINT('',#696);
#696 = CARTESIAN_POINT('',(382.94747131308,-220.,225.25845947388));
#697 = SURFACE_CURVE('',#698,(#703,#710),.PCURVE_S1.);
#698 = ELLIPSE('',#699,26.221220350972,9.);
#699 = AXIS2_PLACEMENT_3D('',#700,#701,#702);
#700 = CARTESIAN_POINT('',(409.0909090909,-220.,223.36363636363));
#701 = DIRECTION('',(-0.,1.,0.));
#702 = DIRECTION('',(-0.996636796201,-0.,8.194569213205E-02));
#703 = PCURVE('',#44,#704);
#704 = DEFINITIONAL_REPRESENTATION('',(#705),#709);
#705 = ELLIPSE('',#706,26.221220350972,9.);
#706 = AXIS2_PLACEMENT_2D('',#707,#708);
#707 = CARTESIAN_POINT('',(53.363636363636,139.0909090909));
#708 = DIRECTION('',(8.194569213205E-02,-0.996636796201));
#709 = ( GEOMETRIC_REPRESENTATION_CONTEXT(2) 
PARAMETRIC_REPRESENTATION_CONTEXT() REPRESENTATION_CONTEXT('2D SPACE',''
  ) );
#710 = PCURVE('',#711,#716);
#711 = CYLINDRICAL_SURFACE('',#712,9.);
#712 = AXIS2_PLACEMENT_3D('',#713,#714,#715);
#713 = CARTESIAN_POINT('',(450.,-235.,220.));
#714 = DIRECTION('',(-0.936091235149,0.343233452888,7.696750155669E-02)
  );
#715 = DIRECTION('',(-0.344254649158,-0.938876315887,3.469446951954E-18)
  );
#716 = DEFINITIONAL_REPRESENTATION('',(#717),#755);
#717 = B_SPLINE_CURVE_WITH_KNOTS('',8,(#718,#719,#720,#721,#722,#723,
    #724,#725,#726,#727,#728,#729,#730,#731,#732,#733,#734,#735,#736,
    #737,#738,#739,#740,#741,#742,#743,#744,#745,#746,#747,#748,#749,
    #750,#751,#752,#753,#754),.UNSPECIFIED.,.F.,.F.,(9,7,7,7,7,9),(
    6.254971378665,7.82576770546,9.003864950556,9.887437884378,
    11.212797285111,12.538156685844),.UNSPECIFIED.);
#718 = CARTESIAN_POINT('',(0.,68.320516679458));
#719 = CARTESIAN_POINT('',(0.196349540849,68.456934150276));
#720 = CARTESIAN_POINT('',(0.392699081699,67.508642199369));
#721 = CARTESIAN_POINT('',(0.589048622545,65.467635539186));
#722 = CARTESIAN_POINT('',(0.785398163399,62.415076398931));
#723 = CARTESIAN_POINT('',(0.981747704246,58.522466803435));
#724 = CARTESIAN_POINT('',(1.178097245096,54.033847074701));
#725 = CARTESIAN_POINT('',(1.374446785946,49.230630178606));
#726 = CARTESIAN_POINT('',(1.718058482432,40.77143155212));
#727 = CARTESIAN_POINT('',(1.865320638066,37.128841355752));
#728 = CARTESIAN_POINT('',(2.012582793704,33.588835103001));
#729 = CARTESIAN_POINT('',(2.159844949341,30.272007766849));
#730 = CARTESIAN_POINT('',(2.307107104981,27.291452902558));
#731 = CARTESIAN_POINT('',(2.454369260613,24.744300905659));
#732 = CARTESIAN_POINT('',(2.601631416254,22.705292296487));
#733 = CARTESIAN_POINT('',(2.859340188619,20.111977204125));
#734 = CARTESIAN_POINT('',(2.969786805347,19.313933295392));
#735 = CARTESIAN_POINT('',(3.080233422074,18.849924359949));
#736 = CARTESIAN_POINT('',(3.190680038802,18.732458503226));
#737 = CARTESIAN_POINT('',(3.30112665553,18.965070440274));
#738 = CARTESIAN_POINT('',(3.411573272258,19.542074210098));
#739 = CARTESIAN_POINT('',(3.522019888985,20.448891971988));
#740 = CARTESIAN_POINT('',(3.798136430805,23.484059251612));
#741 = CARTESIAN_POINT('',(3.963806355894,25.996469635294));
#742 = CARTESIAN_POINT('',(4.129476280987,29.124022977965));
#743 = CARTESIAN_POINT('',(4.29514620607,32.750088326982));
#744 = CARTESIAN_POINT('',(4.460816131172,36.724203004924));
#745 = CARTESIAN_POINT('',(4.626486056261,40.874833978152));
#746 = CARTESIAN_POINT('',(4.792155981355,45.025609195499));
#747 = CARTESIAN_POINT('',(5.123495831538,52.994171115028));
#748 = CARTESIAN_POINT('',(5.289165756632,56.811958353122));
#749 = CARTESIAN_POINT('',(5.454835681703,60.296614117484));
#750 = CARTESIAN_POINT('',(5.620505606817,63.291260525933));
#751 = CARTESIAN_POINT('',(5.786175531899,65.663367577392));
#752 = CARTESIAN_POINT('',(5.951845456999,67.318092817106));
#753 = CARTESIAN_POINT('',(6.117515382088,68.205414438454));
#754 = CARTESIAN_POINT('',(6.28318530718,68.320516679458));
#755 = ( GEOMETRIC_REPRESENTATION_CONTEXT(2) 
PARAMETRIC_REPRESENTATION_CONTEXT() REPRESENTATION_CONTEXT('2D SPACE',''
  ) );
#756 = ORIENTED_EDGE('',*,*,#757,.F.);
#757 = EDGE_CURVE('',#758,#695,#760,.T.);
#758 = VERTEX_POINT('',#759);
#759 = CARTESIAN_POINT('',(422.99563415954,-220.,230.));
#760 = SURFACE_CURVE('',#761,(#766,#773),.PCURVE_S1.);
#761 = ELLIPSE('',#762,26.221220350972,9.);
#762 = AXIS2_PLACEMENT_3D('',#763,#764,#765);
#763 = CARTESIAN_POINT('',(409.0909090909,-220.,223.36363636363));
#764 = DIRECTION('',(-0.,1.,0.));
#765 = DIRECTION('',(-0.996636796201,-0.,8.194569213205E-02));
#766 = PCURVE('',#44,#767);
#767 = DEFINITIONAL_REPRESENTATION('',(#768),#772);
#768 = ELLIPSE('',#769,26.221220350972,9.);
#769 = AXIS2_PLACEMENT_2D('',#770,#771);
#770 = CARTESIAN_POINT('',(53.363636363636,139.0909090909));
#771 = DIRECTION('',(8.194569213205E-02,-0.996636796201));
#772 = ( GEOMETRIC_REPRESENTATION_CONTEXT(2) 
PARAMETRIC_REPRESENTATION_CONTEXT() REPRESENTATION_CONTEXT('2D SPACE',''
  ) );
#773 = PCURVE('',#711,#774);
#774 = DEFINITIONAL_REPRESENTATION('',(#775),#813);
#775 = B_SPLINE_CURVE_WITH_KNOTS('',8,(#776,#777,#778,#779,#780,#781,
    #782,#783,#784,#785,#786,#787,#788,#789,#790,#791,#792,#793,#794,
    #795,#796,#797,#798,#799,#800,#801,#802,#803,#804,#805,#806,#807,
    #808,#809,#810,#811,#812),.UNSPECIFIED.,.F.,.F.,(9,7,7,7,7,9),(
    6.254971378665,7.82576770546,9.003864950556,9.887437884378,
    11.212797285111,12.538156685844),.UNSPECIFIED.);
#776 = CARTESIAN_POINT('',(0.,68.320516679458));
#777 = CARTESIAN_POINT('',(0.196349540849,68.456934150276));
#778 = CARTESIAN_POINT('',(0.392699081699,67.508642199369));
#779 = CARTESIAN_POINT('',(0.589048622545,65.467635539186));
#780 = CARTESIAN_POINT('',(0.785398163399,62.415076398931));
#781 = CARTESIAN_POINT('',(0.981747704246,58.522466803435));
#782 = CARTESIAN_POINT('',(1.178097245096,54.033847074701));
#783 = CARTESIAN_POINT('',(1.374446785946,49.230630178606));
#784 = CARTESIAN_POINT('',(1.718058482432,40.77143155212));
#785 = CARTESIAN_POINT('',(1.865320638066,37.128841355752));
#786 = CARTESIAN_POINT('',(2.012582793704,33.588835103001));
#787 = CARTESIAN_POINT('',(2.159844949341,30.272007766849));
#788 = CARTESIAN_POINT('',(2.307107104981,27.291452902558));
#789 = CARTESIAN_POINT('',(2.454369260613,24.744300905659));
#790 = CARTESIAN_POINT('',(2.601631416254,22.705292296487));
#791 = CARTESIAN_POINT('',(2.859340188619,20.111977204125));
#792 = CARTESIAN_POINT('',(2.969786805347,19.313933295392));
#793 = CARTESIAN_POINT('',(3.080233422074,18.849924359949));
#794 = CARTESIAN_POINT('',(3.190680038802,18.732458503226));
#795 = CARTESIAN_POINT('',(3.30112665553,18.965070440274));
#796 = CARTESIAN_POINT('',(3.411573272258,19.542074210098));
#797 = CARTESIAN_POINT('',(3.522019888985,20.448891971988));
#798 = CARTESIAN_POINT('',(3.798136430805,23.484059251612));
#799 = CARTESIAN_POINT('',(3.963806355894,25.996469635294));
#800 = CARTESIAN_POINT('',(4.129476280987,29.124022977965));
#801 = CARTESIAN_POINT('',(4.29514620607,32.750088326982));
#802 = CARTESIAN_POINT('',(4.460816131172,36.724203004924));
#803 = CARTESIAN_POINT('',(4.626486056261,40.874833978152));
#804 = CARTESIAN_POINT('',(4.792155981355,45.025609195499));
#805 = CARTESIAN_POINT('',(5.123495831538,52.994171115028));
#806 = CARTESIAN_POINT('',(5.289165756632,56.811958353122));
#807 = CARTESIAN_POINT('',(5.454835681703,60.296614117484));
#808 = CARTESIAN_POINT('',(5.620505606817,63.291260525933));
#809 = CARTESIAN_POINT('',(5.786175531899,65.663367577392));
#810 = CARTESIAN_POINT('',(5.951845456999,67.318092817106));
#811 = CARTESIAN_POINT('',(6.117515382088,68.205414438454));
#812 = CARTESIAN_POINT('',(6.28318530718,68.320516679458));
#813 = ( GEOMETRIC_REPRESENTATION_CONTEXT(2) 
PARAMETRIC_REPRESENTATION_CONTEXT() REPRESENTATION_CONTEXT('2D SPACE',''
  ) );
#814 = ORIENTED_EDGE('',*,*,#815,.T.);
#815 = EDGE_CURVE('',#758,#816,#818,.T.);
#816 = VERTEX_POINT('',#817);
#817 = CARTESIAN_POINT('',(1.42E+03,-220.,230.));
#818 = SURFACE_CURVE('',#819,(#823,#830),.PCURVE_S1.);
#819 = LINE('',#820,#821);
#820 = CARTESIAN_POINT('',(270.,-220.,230.));
#821 = VECTOR('',#822,1.);
#822 = DIRECTION('',(1.,0.,-0.));
#823 = PCURVE('',#44,#824);
#824 = DEFINITIONAL_REPRESENTATION('',(#825),#829);
#825 = LINE('',#826,#827);
#826 = CARTESIAN_POINT('',(60.,0.));
#827 = VECTOR('',#828,1.);
#828 = DIRECTION('',(0.,1.));
#829 = ( GEOMETRIC_REPRESENTATION_CONTEXT(2) 
PARAMETRIC_REPRESENTATION_CONTEXT() REPRESENTATION_CONTEXT('2D SPACE',''
  ) );
#830 = PCURVE('',#72,#831);
#831 = DEFINITIONAL_REPRESENTATION('',(#832),#836);
#832 = LINE('',#833,#834);
#833 = CARTESIAN_POINT('',(0.,30.));
#834 = VECTOR('',#835,1.);
#835 = DIRECTION('',(1.,0.));
#836 = ( GEOMETRIC_REPRESENTATION_CONTEXT(2) 
PARAMETRIC_REPRESENTATION_CONTEXT() REPRESENTATION_CONTEXT('2D SPACE',''
  ) );
#837 = ORIENTED_EDGE('',*,*,#838,.F.);
#838 = EDGE_CURVE('',#839,#816,#841,.T.);
#839 = VERTEX_POINT('',#840);
#840 = CARTESIAN_POINT('',(1.42E+03,-220.,214.00550924716));
#841 = SURFACE_CURVE('',#842,(#846,#853),.PCURVE_S1.);
#842 = LINE('',#843,#844);
#843 = CARTESIAN_POINT('',(1.42E+03,-220.,170.));
#844 = VECTOR('',#845,1.);
#845 = DIRECTION('',(0.,0.,1.));
#846 = PCURVE('',#44,#847);
#847 = DEFINITIONAL_REPRESENTATION('',(#848),#852);
#848 = LINE('',#849,#850);
#849 = CARTESIAN_POINT('',(0.,1.15E+03));
#850 = VECTOR('',#851,1.);
#851 = DIRECTION('',(1.,0.));
#852 = ( GEOMETRIC_REPRESENTATION_CONTEXT(2) 
PARAMETRIC_REPRESENTATION_CONTEXT() REPRESENTATION_CONTEXT('2D SPACE',''
  ) );
#853 = PCURVE('',#854,#859);
#854 = PLANE('',#855);
#855 = AXIS2_PLACEMENT_3D('',#856,#857,#858);
#856 = CARTESIAN_POINT('',(1.42E+03,-250.,170.));
#857 = DIRECTION('',(1.,0.,-0.));
#858 = DIRECTION('',(0.,0.,1.));
#859 = DEFINITIONAL_REPRESENTATION('',(#860),#864);
#860 = LINE('',#861,#862);
#861 = CARTESIAN_POINT('',(0.,-30.));
#862 = VECTOR('',#863,1.);
#863 = DIRECTION('',(1.,0.));
#864 = ( GEOMETRIC_REPRESENTATION_CONTEXT(2) 
PARAMETRIC_REPRESENTATION_CONTEXT() REPRESENTATION_CONTEXT('2D SPACE',''
  ) );
#865 = ORIENTED_EDGE('',*,*,#866,.F.);
#866 = EDGE_CURVE('',#867,#839,#869,.T.);
#867 = VERTEX_POINT('',#868);
#868 = CARTESIAN_POINT('',(1.42E+03,-220.,187.39989615824));
#869 = SURFACE_CURVE('',#870,(#875,#882),.PCURVE_S1.);
#870 = ELLIPSE('',#871,14.66532179597,14.);
#871 = AXIS2_PLACEMENT_3D('',#872,#873,#874);
#872 = CARTESIAN_POINT('',(1.424615384615E+03,-220.,200.76923076923));
#873 = DIRECTION('',(-0.,1.,0.));
#874 = DIRECTION('',(0.986393923832,0.,0.164398987305));
#875 = PCURVE('',#44,#876);
#876 = DEFINITIONAL_REPRESENTATION('',(#877),#881);
#877 = ELLIPSE('',#878,14.66532179597,14.);
#878 = AXIS2_PLACEMENT_2D('',#879,#880);
#879 = CARTESIAN_POINT('',(30.769230769231,1.154615384615E+03));
#880 = DIRECTION('',(0.164398987305,0.986393923832));
#881 = ( GEOMETRIC_REPRESENTATION_CONTEXT(2) 
PARAMETRIC_REPRESENTATION_CONTEXT() REPRESENTATION_CONTEXT('2D SPACE',''
  ) );
#882 = PCURVE('',#883,#888);
#883 = CYLINDRICAL_SURFACE('',#884,14.);
#884 = AXIS2_PLACEMENT_3D('',#885,#886,#887);
#885 = CARTESIAN_POINT('',(1.42E+03,-235.,200.));
#886 = DIRECTION('',(0.293733227789,0.954632990314,4.895553796481E-02));
#887 = DIRECTION('',(0.955779008722,-0.294085848838,0.));
#888 = DEFINITIONAL_REPRESENTATION('',(#889),#920);
#889 = B_SPLINE_CURVE_WITH_KNOTS('',8,(#890,#891,#892,#893,#894,#895,
    #896,#897,#898,#899,#900,#901,#902,#903,#904,#905,#906,#907,#908,
    #909,#910,#911,#912,#913,#914,#915,#916,#917,#918,#919),
  .UNSPECIFIED.,.F.,.F.,(9,7,7,7,9),(0.15778296672,1.728579293515,
    2.906676538611,4.673822406255,6.440968273899),.UNSPECIFIED.);
#890 = CARTESIAN_POINT('',(-1.7763568394E-15,20.02570839024));
#891 = CARTESIAN_POINT('',(0.196349540849,19.890973273664));
#892 = CARTESIAN_POINT('',(0.392699081698,19.566210007741));
#893 = CARTESIAN_POINT('',(0.58904862253,19.059335871447));
#894 = CARTESIAN_POINT('',(0.785398163422,18.393887357452));
#895 = CARTESIAN_POINT('',(0.981747704217,17.608083693485));
#896 = CARTESIAN_POINT('',(1.178097245099,16.75053676547));
#897 = CARTESIAN_POINT('',(1.374446785946,15.873473256785));
#898 = CARTESIAN_POINT('',(1.718058482432,14.391522875436));
#899 = CARTESIAN_POINT('',(1.865320638068,13.773408477299));
#900 = CARTESIAN_POINT('',(2.012582793708,13.193287258267));
#901 = CARTESIAN_POINT('',(2.159844949344,12.671365906443));
#902 = CARTESIAN_POINT('',(2.307107104979,12.225593936233));
#903 = CARTESIAN_POINT('',(2.454369260617,11.870326097379));
#904 = CARTESIAN_POINT('',(2.601631416254,11.615372123652));
#905 = CARTESIAN_POINT('',(2.969786805347,11.241144002621));
#906 = CARTESIAN_POINT('',(3.190680038795,11.253447972724));
#907 = CARTESIAN_POINT('',(3.411573272243,11.519283792775));
#908 = CARTESIAN_POINT('',(3.632466505679,12.03070872886));
#909 = CARTESIAN_POINT('',(3.85335973914,12.752462192628));
#910 = CARTESIAN_POINT('',(4.074252972618,13.625955106443));
#911 = CARTESIAN_POINT('',(4.29514620608,14.580513928471));
#912 = CARTESIAN_POINT('',(4.736932672991,16.508410068469));
#913 = CARTESIAN_POINT('',(4.957825906443,17.481748453509));
#914 = CARTESIAN_POINT('',(5.178719139931,18.392800095738));
#915 = CARTESIAN_POINT('',(5.399612373306,19.1689382943));
#916 = CARTESIAN_POINT('',(5.620505606811,19.747659816785));
#917 = CARTESIAN_POINT('',(5.84139884026,20.088357808403));
#918 = CARTESIAN_POINT('',(6.062292073724,20.177285396387));
#919 = CARTESIAN_POINT('',(6.28318530718,20.02570839024));
#920 = ( GEOMETRIC_REPRESENTATION_CONTEXT(2) 
PARAMETRIC_REPRESENTATION_CONTEXT() REPRESENTATION_CONTEXT('2D SPACE',''
  ) );
#921 = ORIENTED_EDGE('',*,*,#922,.F.);
#922 = EDGE_CURVE('',#923,#867,#925,.T.);
#923 = VERTEX_POINT('',#924);
#924 = CARTESIAN_POINT('',(1.42E+03,-220.,172.5));
#925 = SURFACE_CURVE('',#926,(#930,#937),.PCURVE_S1.);
#926 = LINE('',#927,#928);
#927 = CARTESIAN_POINT('',(1.42E+03,-220.,170.));
#928 = VECTOR('',#929,1.);
#929 = DIRECTION('',(0.,0.,1.));
#930 = PCURVE('',#44,#931);
#931 = DEFINITIONAL_REPRESENTATION('',(#932),#936);
#932 = LINE('',#933,#934);
#933 = CARTESIAN_POINT('',(0.,1.15E+03));
#934 = VECTOR('',#935,1.);
#935 = DIRECTION('',(1.,0.));
#936 = ( GEOMETRIC_REPRESENTATION_CONTEXT(2) 
PARAMETRIC_REPRESENTATION_CONTEXT() REPRESENTATION_CONTEXT('2D SPACE',''
  ) );
#937 = PCURVE('',#854,#938);
#938 = DEFINITIONAL_REPRESENTATION('',(#939),#943);
#939 = LINE('',#940,#941);
#940 = CARTESIAN_POINT('',(0.,-30.));
#941 = VECTOR('',#942,1.);
#942 = DIRECTION('',(1.,0.));
#943 = ( GEOMETRIC_REPRESENTATION_CONTEXT(2) 
PARAMETRIC_REPRESENTATION_CONTEXT() REPRESENTATION_CONTEXT('2D SPACE',''
  ) );
#944 = ORIENTED_EDGE('',*,*,#945,.F.);
#945 = EDGE_CURVE('',#946,#923,#948,.T.);
#946 = VERTEX_POINT('',#947);
#947 = CARTESIAN_POINT('',(1.39E+03,-220.,172.5));
#948 = SURFACE_CURVE('',#949,(#953,#959),.PCURVE_S1.);
#949 = LINE('',#950,#951);
#950 = CARTESIAN_POINT('',(830.,-220.,172.5));
#951 = VECTOR('',#952,1.);
#952 = DIRECTION('',(1.,0.,-0.));
#953 = PCURVE('',#44,#954);
#954 = DEFINITIONAL_REPRESENTATION('',(#955),#958);
#955 = B_SPLINE_CURVE_WITH_KNOTS('',1,(#956,#957),.UNSPECIFIED.,.F.,.F.,
  (2,2),(560.,590.),.PIECEWISE_BEZIER_KNOTS.);
#956 = CARTESIAN_POINT('',(2.5,1.12E+03));
#957 = CARTESIAN_POINT('',(2.5,1.15E+03));
#958 = ( GEOMETRIC_REPRESENTATION_CONTEXT(2) 
PARAMETRIC_REPRESENTATION_CONTEXT() REPRESENTATION_CONTEXT('2D SPACE',''
  ) );
#959 = PCURVE('',#960,#965);
#960 = PLANE('',#961);
#961 = AXIS2_PLACEMENT_3D('',#962,#963,#964);
#962 = CARTESIAN_POINT('',(1.39E+03,-235.,172.5));
#963 = DIRECTION('',(0.,0.,1.));
#964 = DIRECTION('',(1.,0.,-0.));
#965 = DEFINITIONAL_REPRESENTATION('',(#966),#969);
#966 = B_SPLINE_CURVE_WITH_KNOTS('',1,(#967,#968),.UNSPECIFIED.,.F.,.F.,
  (2,2),(560.,590.),.PIECEWISE_BEZIER_KNOTS.);
#967 = CARTESIAN_POINT('',(0.,15.));
#968 = CARTESIAN_POINT('',(30.,15.));
#969 = ( GEOMETRIC_REPRESENTATION_CONTEXT(2) 
PARAMETRIC_REPRESENTATION_CONTEXT() REPRESENTATION_CONTEXT('2D SPACE',''
  ) );
#970 = ORIENTED_EDGE('',*,*,#971,.T.);
#971 = EDGE_CURVE('',#946,#972,#974,.T.);
#972 = VERTEX_POINT('',#973);
#973 = CARTESIAN_POINT('',(1.39E+03,-220.,170.));
#974 = SURFACE_CURVE('',#975,(#979,#985),.PCURVE_S1.);
#975 = LINE('',#976,#977);
#976 = CARTESIAN_POINT('',(1.39E+03,-220.,158.75));
#977 = VECTOR('',#978,1.);
#978 = DIRECTION('',(-0.,0.,-1.));
#979 = PCURVE('',#44,#980);
#980 = DEFINITIONAL_REPRESENTATION('',(#981),#984);
#981 = B_SPLINE_CURVE_WITH_KNOTS('',1,(#982,#983),.UNSPECIFIED.,.F.,.F.,
  (2,2),(-13.75,-11.25),.PIECEWISE_BEZIER_KNOTS.);
#982 = CARTESIAN_POINT('',(2.5,1.12E+03));
#983 = CARTESIAN_POINT('',(0.,1.12E+03));
#984 = ( GEOMETRIC_REPRESENTATION_CONTEXT(2) 
PARAMETRIC_REPRESENTATION_CONTEXT() REPRESENTATION_CONTEXT('2D SPACE',''
  ) );
#985 = PCURVE('',#986,#991);
#986 = PLANE('',#987);
#987 = AXIS2_PLACEMENT_3D('',#988,#989,#990);
#988 = CARTESIAN_POINT('',(1.39E+03,-235.,147.5));
#989 = DIRECTION('',(1.,0.,-0.));
#990 = DIRECTION('',(0.,0.,1.));
#991 = DEFINITIONAL_REPRESENTATION('',(#992),#995);
#992 = B_SPLINE_CURVE_WITH_KNOTS('',1,(#993,#994),.UNSPECIFIED.,.F.,.F.,
  (2,2),(-13.75,-11.25),.PIECEWISE_BEZIER_KNOTS.);
#993 = CARTESIAN_POINT('',(25.,-15.));
#994 = CARTESIAN_POINT('',(22.5,-15.));
#995 = ( GEOMETRIC_REPRESENTATION_CONTEXT(2) 
PARAMETRIC_REPRESENTATION_CONTEXT() REPRESENTATION_CONTEXT('2D SPACE',''
  ) );
#996 = ORIENTED_EDGE('',*,*,#997,.F.);
#997 = EDGE_CURVE('',#998,#972,#1000,.T.);
#998 = VERTEX_POINT('',#999);
#999 = CARTESIAN_POINT('',(860.,-220.,170.));
#1000 = SURFACE_CURVE('',#1001,(#1005,#1012),.PCURVE_S1.);
#1001 = LINE('',#1002,#1003);
#1002 = CARTESIAN_POINT('',(270.,-220.,170.));
#1003 = VECTOR('',#1004,1.);
#1004 = DIRECTION('',(1.,0.,-0.));
#1005 = PCURVE('',#44,#1006);
#1006 = DEFINITIONAL_REPRESENTATION('',(#1007),#1011);
#1007 = LINE('',#1008,#1009);
#1008 = CARTESIAN_POINT('',(0.,0.));
#1009 = VECTOR('',#1010,1.);
#1010 = DIRECTION('',(0.,1.));
#1011 = ( GEOMETRIC_REPRESENTATION_CONTEXT(2) 
PARAMETRIC_REPRESENTATION_CONTEXT() REPRESENTATION_CONTEXT('2D SPACE',''
  ) );
#1012 = PCURVE('',#200,#1013);
#1013 = DEFINITIONAL_REPRESENTATION('',(#1014),#1018);
#1014 = LINE('',#1015,#1016);
#1015 = CARTESIAN_POINT('',(0.,30.));
#1016 = VECTOR('',#1017,1.);
#1017 = DIRECTION('',(1.,0.));
#1018 = ( GEOMETRIC_REPRESENTATION_CONTEXT(2) 
PARAMETRIC_REPRESENTATION_CONTEXT() REPRESENTATION_CONTEXT('2D SPACE',''
  ) );
#1019 = ORIENTED_EDGE('',*,*,#1020,.F.);
#1020 = EDGE_CURVE('',#1021,#998,#1023,.T.);
#1021 = VERTEX_POINT('',#1022);
#1022 = CARTESIAN_POINT('',(860.,-220.,172.5));
#1023 = SURFACE_CURVE('',#1024,(#1028,#1034),.PCURVE_S1.);
#1024 = LINE('',#1025,#1026);
#1025 = CARTESIAN_POINT('',(860.,-220.,158.75));
#1026 = VECTOR('',#1027,1.);
#1027 = DIRECTION('',(-0.,0.,-1.));
#1028 = PCURVE('',#44,#1029);
#1029 = DEFINITIONAL_REPRESENTATION('',(#1030),#1033);
#1030 = B_SPLINE_CURVE_WITH_KNOTS('',1,(#1031,#1032),.UNSPECIFIED.,.F.,
  .F.,(2,2),(-13.75,-11.25),.PIECEWISE_BEZIER_KNOTS.);
#1031 = CARTESIAN_POINT('',(2.5,590.));
#1032 = CARTESIAN_POINT('',(0.,590.));
#1033 = ( GEOMETRIC_REPRESENTATION_CONTEXT(2) 
PARAMETRIC_REPRESENTATION_CONTEXT() REPRESENTATION_CONTEXT('2D SPACE',''
  ) );
#1034 = PCURVE('',#1035,#1040);
#1035 = PLANE('',#1036);
#1036 = AXIS2_PLACEMENT_3D('',#1037,#1038,#1039);
#1037 = CARTESIAN_POINT('',(860.,-235.,147.5));
#1038 = DIRECTION('',(1.,0.,-0.));
#1039 = DIRECTION('',(0.,0.,1.));
#1040 = DEFINITIONAL_REPRESENTATION('',(#1041),#1044);
#1041 = B_SPLINE_CURVE_WITH_KNOTS('',1,(#1042,#1043),.UNSPECIFIED.,.F.,
  .F.,(2,2),(-13.75,-11.25),.PIECEWISE_BEZIER_KNOTS.);
#1042 = CARTESIAN_POINT('',(25.,-15.));
#1043 = CARTESIAN_POINT('',(22.5,-15.));
#1044 = ( GEOMETRIC_REPRESENTATION_CONTEXT(2) 
PARAMETRIC_REPRESENTATION_CONTEXT() REPRESENTATION_CONTEXT('2D SPACE',''
  ) );
#1045 = ORIENTED_EDGE('',*,*,#1046,.F.);
#1046 = EDGE_CURVE('',#1047,#1021,#1049,.T.);
#1047 = VERTEX_POINT('',#1048);
#1048 = CARTESIAN_POINT('',(830.,-220.,172.5));
#1049 = SURFACE_CURVE('',#1050,(#1054,#1060),.PCURVE_S1.);
#1050 = LINE('',#1051,#1052);
#1051 = CARTESIAN_POINT('',(550.,-220.,172.5));
#1052 = VECTOR('',#1053,1.);
#1053 = DIRECTION('',(1.,0.,-0.));
#1054 = PCURVE('',#44,#1055);
#1055 = DEFINITIONAL_REPRESENTATION('',(#1056),#1059);
#1056 = B_SPLINE_CURVE_WITH_KNOTS('',1,(#1057,#1058),.UNSPECIFIED.,.F.,
  .F.,(2,2),(280.,310.),.PIECEWISE_BEZIER_KNOTS.);
#1057 = CARTESIAN_POINT('',(2.5,560.));
#1058 = CARTESIAN_POINT('',(2.5,590.));
#1059 = ( GEOMETRIC_REPRESENTATION_CONTEXT(2) 
PARAMETRIC_REPRESENTATION_CONTEXT() REPRESENTATION_CONTEXT('2D SPACE',''
  ) );
#1060 = PCURVE('',#1061,#1066);
#1061 = PLANE('',#1062);
#1062 = AXIS2_PLACEMENT_3D('',#1063,#1064,#1065);
#1063 = CARTESIAN_POINT('',(830.,-235.,172.5));
#1064 = DIRECTION('',(0.,0.,1.));
#1065 = DIRECTION('',(1.,0.,-0.));
#1066 = DEFINITIONAL_REPRESENTATION('',(#1067),#1070);
#1067 = B_SPLINE_CURVE_WITH_KNOTS('',1,(#1068,#1069),.UNSPECIFIED.,.F.,
  .F.,(2,2),(280.,310.),.PIECEWISE_BEZIER_KNOTS.);
#1068 = CARTESIAN_POINT('',(0.,15.));
#1069 = CARTESIAN_POINT('',(30.,15.));
#1070 = ( GEOMETRIC_REPRESENTATION_CONTEXT(2) 
PARAMETRIC_REPRESENTATION_CONTEXT() REPRESENTATION_CONTEXT('2D SPACE',''
  ) );
#1071 = ORIENTED_EDGE('',*,*,#1072,.T.);
#1072 = EDGE_CURVE('',#1047,#603,#1073,.T.);
#1073 = SURFACE_CURVE('',#1074,(#1078,#1084),.PCURVE_S1.);
#1074 = LINE('',#1075,#1076);
#1075 = CARTESIAN_POINT('',(830.,-220.,158.75));
#1076 = VECTOR('',#1077,1.);
#1077 = DIRECTION('',(-0.,0.,-1.));
#1078 = PCURVE('',#44,#1079);
#1079 = DEFINITIONAL_REPRESENTATION('',(#1080),#1083);
#1080 = B_SPLINE_CURVE_WITH_KNOTS('',1,(#1081,#1082),.UNSPECIFIED.,.F.,
  .F.,(2,2),(-13.75,-11.25),.PIECEWISE_BEZIER_KNOTS.);
#1081 = CARTESIAN_POINT('',(2.5,560.));
#1082 = CARTESIAN_POINT('',(0.,560.));
#1083 = ( GEOMETRIC_REPRESENTATION_CONTEXT(2) 
PARAMETRIC_REPRESENTATION_CONTEXT() REPRESENTATION_CONTEXT('2D SPACE',''
  ) );
#1084 = PCURVE('',#1085,#1090);
#1085 = PLANE('',#1086);
#1086 = AXIS2_PLACEMENT_3D('',#1087,#1088,#1089);
#1087 = CARTESIAN_POINT('',(830.,-235.,147.5));
#1088 = DIRECTION('',(1.,0.,-0.));
#1089 = DIRECTION('',(0.,0.,1.));
#1090 = DEFINITIONAL_REPRESENTATION('',(#1091),#1094);
#1091 = B_SPLINE_CURVE_WITH_KNOTS('',1,(#1092,#1093),.UNSPECIFIED.,.F.,
  .F.,(2,2),(-13.75,-11.25),.PIECEWISE_BEZIER_KNOTS.);
#1092 = CARTESIAN_POINT('',(25.,-15.));
#1093 = CARTESIAN_POINT('',(22.5,-15.));
#1094 = ( GEOMETRIC_REPRESENTATION_CONTEXT(2) 
PARAMETRIC_REPRESENTATION_CONTEXT() REPRESENTATION_CONTEXT('2D SPACE',''
  ) );
#1095 = ADVANCED_FACE('',(#1096),#422,.T.);
#1096 = FACE_BOUND('',#1097,.T.);
#1097 = EDGE_LOOP('',(#1098,#1099,#1100,#1123));
#1098 = ORIENTED_EDGE('',*,*,#408,.F.);
#1099 = ORIENTED_EDGE('',*,*,#651,.T.);
#1100 = ORIENTED_EDGE('',*,*,#1101,.T.);
#1101 = EDGE_CURVE('',#626,#1102,#1104,.T.);
#1102 = VERTEX_POINT('',#1103);
#1103 = CARTESIAN_POINT('',(300.,220.,172.5));
#1104 = SURFACE_CURVE('',#1105,(#1109,#1116),.PCURVE_S1.);
#1105 = LINE('',#1106,#1107);
#1106 = CARTESIAN_POINT('',(300.,-235.,172.5));
#1107 = VECTOR('',#1108,1.);
#1108 = DIRECTION('',(-0.,1.,0.));
#1109 = PCURVE('',#422,#1110);
#1110 = DEFINITIONAL_REPRESENTATION('',(#1111),#1115);
#1111 = LINE('',#1112,#1113);
#1112 = CARTESIAN_POINT('',(30.,0.));
#1113 = VECTOR('',#1114,1.);
#1114 = DIRECTION('',(0.,1.));
#1115 = ( GEOMETRIC_REPRESENTATION_CONTEXT(2) 
PARAMETRIC_REPRESENTATION_CONTEXT() REPRESENTATION_CONTEXT('2D SPACE',''
  ) );
#1116 = PCURVE('',#640,#1117);
#1117 = DEFINITIONAL_REPRESENTATION('',(#1118),#1122);
#1118 = LINE('',#1119,#1120);
#1119 = CARTESIAN_POINT('',(25.,0.));
#1120 = VECTOR('',#1121,1.);
#1121 = DIRECTION('',(0.,-1.));
#1122 = ( GEOMETRIC_REPRESENTATION_CONTEXT(2) 
PARAMETRIC_REPRESENTATION_CONTEXT() REPRESENTATION_CONTEXT('2D SPACE',''
  ) );
#1123 = ORIENTED_EDGE('',*,*,#1124,.F.);
#1124 = EDGE_CURVE('',#381,#1102,#1125,.T.);
#1125 = SURFACE_CURVE('',#1126,(#1130,#1136),.PCURVE_S1.);
#1126 = LINE('',#1127,#1128);
#1127 = CARTESIAN_POINT('',(270.,220.,172.5));
#1128 = VECTOR('',#1129,1.);
#1129 = DIRECTION('',(1.,0.,-0.));
#1130 = PCURVE('',#422,#1131);
#1131 = DEFINITIONAL_REPRESENTATION('',(#1132),#1135);
#1132 = B_SPLINE_CURVE_WITH_KNOTS('',1,(#1133,#1134),.UNSPECIFIED.,.F.,
  .F.,(2,2),(0.,30.),.PIECEWISE_BEZIER_KNOTS.);
#1133 = CARTESIAN_POINT('',(0.,455.));
#1134 = CARTESIAN_POINT('',(30.,455.));
#1135 = ( GEOMETRIC_REPRESENTATION_CONTEXT(2) 
PARAMETRIC_REPRESENTATION_CONTEXT() REPRESENTATION_CONTEXT('2D SPACE',''
  ) );
#1136 = PCURVE('',#396,#1137);
#1137 = DEFINITIONAL_REPRESENTATION('',(#1138),#1141);
#1138 = B_SPLINE_CURVE_WITH_KNOTS('',1,(#1139,#1140),.UNSPECIFIED.,.F.,
  .F.,(2,2),(0.,30.),.PIECEWISE_BEZIER_KNOTS.);
#1139 = CARTESIAN_POINT('',(2.5,0.));
#1140 = CARTESIAN_POINT('',(2.5,30.));
#1141 = ( GEOMETRIC_REPRESENTATION_CONTEXT(2) 
PARAMETRIC_REPRESENTATION_CONTEXT() REPRESENTATION_CONTEXT('2D SPACE',''
  ) );
#1142 = ADVANCED_FACE('',(#1143),#396,.F.);
#1143 = FACE_BOUND('',#1144,.F.);
#1144 = EDGE_LOOP('',(#1145,#1170,#1189,#1190,#1191,#1214,#1277,#1335,
    #1358,#1381,#1437,#1488,#1511,#1532,#1553,#1576,#1597,#1618));
#1145 = ORIENTED_EDGE('',*,*,#1146,.F.);
#1146 = EDGE_CURVE('',#1147,#1149,#1151,.T.);
#1147 = VERTEX_POINT('',#1148);
#1148 = CARTESIAN_POINT('',(300.,220.,170.));
#1149 = VERTEX_POINT('',#1150);
#1150 = CARTESIAN_POINT('',(830.,220.,170.));
#1151 = SURFACE_CURVE('',#1152,(#1156,#1163),.PCURVE_S1.);
#1152 = LINE('',#1153,#1154);
#1153 = CARTESIAN_POINT('',(270.,220.,170.));
#1154 = VECTOR('',#1155,1.);
#1155 = DIRECTION('',(1.,0.,-0.));
#1156 = PCURVE('',#396,#1157);
#1157 = DEFINITIONAL_REPRESENTATION('',(#1158),#1162);
#1158 = LINE('',#1159,#1160);
#1159 = CARTESIAN_POINT('',(0.,0.));
#1160 = VECTOR('',#1161,1.);
#1161 = DIRECTION('',(0.,1.));
#1162 = ( GEOMETRIC_REPRESENTATION_CONTEXT(2) 
PARAMETRIC_REPRESENTATION_CONTEXT() REPRESENTATION_CONTEXT('2D SPACE',''
  ) );
#1163 = PCURVE('',#312,#1164);
#1164 = DEFINITIONAL_REPRESENTATION('',(#1165),#1169);
#1165 = LINE('',#1166,#1167);
#1166 = CARTESIAN_POINT('',(0.,0.));
#1167 = VECTOR('',#1168,1.);
#1168 = DIRECTION('',(1.,0.));
#1169 = ( GEOMETRIC_REPRESENTATION_CONTEXT(2) 
PARAMETRIC_REPRESENTATION_CONTEXT() REPRESENTATION_CONTEXT('2D SPACE',''
  ) );
#1170 = ORIENTED_EDGE('',*,*,#1171,.F.);
#1171 = EDGE_CURVE('',#1102,#1147,#1172,.T.);
#1172 = SURFACE_CURVE('',#1173,(#1177,#1183),.PCURVE_S1.);
#1173 = LINE('',#1174,#1175);
#1174 = CARTESIAN_POINT('',(300.,220.,158.75));
#1175 = VECTOR('',#1176,1.);
#1176 = DIRECTION('',(-0.,0.,-1.));
#1177 = PCURVE('',#396,#1178);
#1178 = DEFINITIONAL_REPRESENTATION('',(#1179),#1182);
#1179 = B_SPLINE_CURVE_WITH_KNOTS('',1,(#1180,#1181),.UNSPECIFIED.,.F.,
  .F.,(2,2),(-13.75,-11.25),.PIECEWISE_BEZIER_KNOTS.);
#1180 = CARTESIAN_POINT('',(2.5,30.));
#1181 = CARTESIAN_POINT('',(0.,30.));
#1182 = ( GEOMETRIC_REPRESENTATION_CONTEXT(2) 
PARAMETRIC_REPRESENTATION_CONTEXT() REPRESENTATION_CONTEXT('2D SPACE',''
  ) );
#1183 = PCURVE('',#640,#1184);
#1184 = DEFINITIONAL_REPRESENTATION('',(#1185),#1188);
#1185 = B_SPLINE_CURVE_WITH_KNOTS('',1,(#1186,#1187),.UNSPECIFIED.,.F.,
  .F.,(2,2),(-13.75,-11.25),.PIECEWISE_BEZIER_KNOTS.);
#1186 = CARTESIAN_POINT('',(25.,-455.));
#1187 = CARTESIAN_POINT('',(22.5,-455.));
#1188 = ( GEOMETRIC_REPRESENTATION_CONTEXT(2) 
PARAMETRIC_REPRESENTATION_CONTEXT() REPRESENTATION_CONTEXT('2D SPACE',''
  ) );
#1189 = ORIENTED_EDGE('',*,*,#1124,.F.);
#1190 = ORIENTED_EDGE('',*,*,#380,.T.);
#1191 = ORIENTED_EDGE('',*,*,#1192,.T.);
#1192 = EDGE_CURVE('',#353,#1193,#1195,.T.);
#1193 = VERTEX_POINT('',#1194);
#1194 = CARTESIAN_POINT('',(387.45760777932,220.,230.));
#1195 = SURFACE_CURVE('',#1196,(#1200,#1207),.PCURVE_S1.);
#1196 = LINE('',#1197,#1198);
#1197 = CARTESIAN_POINT('',(270.,220.,230.));
#1198 = VECTOR('',#1199,1.);
#1199 = DIRECTION('',(1.,0.,-0.));
#1200 = PCURVE('',#396,#1201);
#1201 = DEFINITIONAL_REPRESENTATION('',(#1202),#1206);
#1202 = LINE('',#1203,#1204);
#1203 = CARTESIAN_POINT('',(60.,0.));
#1204 = VECTOR('',#1205,1.);
#1205 = DIRECTION('',(0.,1.));
#1206 = ( GEOMETRIC_REPRESENTATION_CONTEXT(2) 
PARAMETRIC_REPRESENTATION_CONTEXT() REPRESENTATION_CONTEXT('2D SPACE',''
  ) );
#1207 = PCURVE('',#368,#1208);
#1208 = DEFINITIONAL_REPRESENTATION('',(#1209),#1213);
#1209 = LINE('',#1210,#1211);
#1210 = CARTESIAN_POINT('',(0.,0.));
#1211 = VECTOR('',#1212,1.);
#1212 = DIRECTION('',(1.,0.));
#1213 = ( GEOMETRIC_REPRESENTATION_CONTEXT(2) 
PARAMETRIC_REPRESENTATION_CONTEXT() REPRESENTATION_CONTEXT('2D SPACE',''
  ) );
#1214 = ORIENTED_EDGE('',*,*,#1215,.F.);
#1215 = EDGE_CURVE('',#1216,#1193,#1218,.T.);
#1216 = VERTEX_POINT('',#1217);
#1217 = CARTESIAN_POINT('',(435.23434686873,220.,221.46881325339));
#1218 = SURFACE_CURVE('',#1219,(#1224,#1231),.PCURVE_S1.);
#1219 = ELLIPSE('',#1220,26.221220350972,9.);
#1220 = AXIS2_PLACEMENT_3D('',#1221,#1222,#1223);
#1221 = CARTESIAN_POINT('',(409.0909090909,220.,223.36363636363));
#1222 = DIRECTION('',(-0.,1.,0.));
#1223 = DIRECTION('',(-0.996636796201,-0.,8.194569213205E-02));
#1224 = PCURVE('',#396,#1225);
#1225 = DEFINITIONAL_REPRESENTATION('',(#1226),#1230);
#1226 = ELLIPSE('',#1227,26.221220350972,9.);
#1227 = AXIS2_PLACEMENT_2D('',#1228,#1229);
#1228 = CARTESIAN_POINT('',(53.363636363636,139.0909090909));
#1229 = DIRECTION('',(8.194569213205E-02,-0.996636796201));
#1230 = ( GEOMETRIC_REPRESENTATION_CONTEXT(2) 
PARAMETRIC_REPRESENTATION_CONTEXT() REPRESENTATION_CONTEXT('2D SPACE',''
  ) );
#1231 = PCURVE('',#1232,#1237);
#1232 = CYLINDRICAL_SURFACE('',#1233,9.);
#1233 = AXIS2_PLACEMENT_3D('',#1234,#1235,#1236);
#1234 = CARTESIAN_POINT('',(450.,235.,220.));
#1235 = DIRECTION('',(-0.936091235149,-0.343233452888,7.696750155669E-02
    ));
#1236 = DIRECTION('',(0.344254649158,-0.938876315887,-3.469446951954E-18
    ));
#1237 = DEFINITIONAL_REPRESENTATION('',(#1238),#1276);
#1238 = B_SPLINE_CURVE_WITH_KNOTS('',8,(#1239,#1240,#1241,#1242,#1243,
    #1244,#1245,#1246,#1247,#1248,#1249,#1250,#1251,#1252,#1253,#1254,
    #1255,#1256,#1257,#1258,#1259,#1260,#1261,#1262,#1263,#1264,#1265,
    #1266,#1267,#1268,#1269,#1270,#1271,#1272,#1273,#1274,#1275),
  .UNSPECIFIED.,.F.,.F.,(9,7,7,7,7,9),(3.113378725075,4.68417505187,
    5.862272296966,6.745845230788,8.071204631521,9.396564032254),
  .UNSPECIFIED.);
#1239 = CARTESIAN_POINT('',(6.28318530718,19.083551157115));
#1240 = CARTESIAN_POINT('',(6.08683576633,18.947133686296));
#1241 = CARTESIAN_POINT('',(5.890486225481,19.895425637103));
#1242 = CARTESIAN_POINT('',(5.694136684637,21.936432297662));
#1243 = CARTESIAN_POINT('',(5.497787143781,24.988991437203));
#1244 = CARTESIAN_POINT('',(5.301437602937,28.881601033383));
#1245 = CARTESIAN_POINT('',(5.105088062083,33.370220761743));
#1246 = CARTESIAN_POINT('',(4.908738521234,38.173437657966));
#1247 = CARTESIAN_POINT('',(4.565126824748,46.632636284453));
#1248 = CARTESIAN_POINT('',(4.417864669109,50.275226480881));
#1249 = CARTESIAN_POINT('',(4.270602513485,53.815232733235));
#1250 = CARTESIAN_POINT('',(4.123340357826,57.132060069765));
#1251 = CARTESIAN_POINT('',(3.97607820221,60.112614933721));
#1252 = CARTESIAN_POINT('',(3.828816046562,62.659766930941));
#1253 = CARTESIAN_POINT('',(3.681553890926,64.698775540086));
#1254 = CARTESIAN_POINT('',(3.423845118561,67.292090632448));
#1255 = CARTESIAN_POINT('',(3.313398501833,68.09013454118));
#1256 = CARTESIAN_POINT('',(3.202951885105,68.554143476623));
#1257 = CARTESIAN_POINT('',(3.092505268378,68.671609333346));
#1258 = CARTESIAN_POINT('',(2.98205865165,68.438997396298));
#1259 = CARTESIAN_POINT('',(2.871612034922,67.861993626474));
#1260 = CARTESIAN_POINT('',(2.761165418194,66.955175864585));
#1261 = CARTESIAN_POINT('',(2.485048876375,63.920008584961));
#1262 = CARTESIAN_POINT('',(2.319378951292,61.407598201207));
#1263 = CARTESIAN_POINT('',(2.153709026173,58.280044858664));
#1264 = CARTESIAN_POINT('',(1.988039101135,54.653979509167));
#1265 = CARTESIAN_POINT('',(1.822369175997,50.679864831764));
#1266 = CARTESIAN_POINT('',(1.656699250926,46.529233858339));
#1267 = CARTESIAN_POINT('',(1.491029325825,42.378458641074));
#1268 = CARTESIAN_POINT('',(1.159689475642,34.409896721544));
#1269 = CARTESIAN_POINT('',(0.994019550552,30.592109483394));
#1270 = CARTESIAN_POINT('',(0.828349625458,27.107453719029));
#1271 = CARTESIAN_POINT('',(0.662679700358,24.112807310376));
#1272 = CARTESIAN_POINT('',(0.497009775277,21.740700259179));
#1273 = CARTESIAN_POINT('',(0.331339850186,20.085975019399));
#1274 = CARTESIAN_POINT('',(0.165669925092,19.198653398118));
#1275 = CARTESIAN_POINT('',(6.217248937901E-15,19.083551157115));
#1276 = ( GEOMETRIC_REPRESENTATION_CONTEXT(2) 
PARAMETRIC_REPRESENTATION_CONTEXT() REPRESENTATION_CONTEXT('2D SPACE',''
  ) );
#1277 = ORIENTED_EDGE('',*,*,#1278,.F.);
#1278 = EDGE_CURVE('',#1279,#1216,#1281,.T.);
#1279 = VERTEX_POINT('',#1280);
#1280 = CARTESIAN_POINT('',(422.99563415954,220.,230.));
#1281 = SURFACE_CURVE('',#1282,(#1287,#1294),.PCURVE_S1.);
#1282 = ELLIPSE('',#1283,26.221220350972,9.);
#1283 = AXIS2_PLACEMENT_3D('',#1284,#1285,#1286);
#1284 = CARTESIAN_POINT('',(409.0909090909,220.,223.36363636363));
#1285 = DIRECTION('',(-0.,1.,0.));
#1286 = DIRECTION('',(-0.996636796201,-0.,8.194569213205E-02));
#1287 = PCURVE('',#396,#1288);
#1288 = DEFINITIONAL_REPRESENTATION('',(#1289),#1293);
#1289 = ELLIPSE('',#1290,26.221220350972,9.);
#1290 = AXIS2_PLACEMENT_2D('',#1291,#1292);
#1291 = CARTESIAN_POINT('',(53.363636363636,139.0909090909));
#1292 = DIRECTION('',(8.194569213205E-02,-0.996636796201));
#1293 = ( GEOMETRIC_REPRESENTATION_CONTEXT(2) 
PARAMETRIC_REPRESENTATION_CONTEXT() REPRESENTATION_CONTEXT('2D SPACE',''
  ) );
#1294 = PCURVE('',#1232,#1295);
#1295 = DEFINITIONAL_REPRESENTATION('',(#1296),#1334);
#1296 = B_SPLINE_CURVE_WITH_KNOTS('',8,(#1297,#1298,#1299,#1300,#1301,
    #1302,#1303,#1304,#1305,#1306,#1307,#1308,#1309,#1310,#1311,#1312,
    #1313,#1314,#1315,#1316,#1317,#1318,#1319,#1320,#1321,#1322,#1323,
    #1324,#1325,#1326,#1327,#1328,#1329,#1330,#1331,#1332,#1333),
  .UNSPECIFIED.,.F.,.F.,(9,7,7,7,7,9),(3.113378725075,4.68417505187,
    5.862272296966,6.745845230788,8.071204631521,9.396564032254),
  .UNSPECIFIED.);
#1297 = CARTESIAN_POINT('',(6.28318530718,19.083551157115));
#1298 = CARTESIAN_POINT('',(6.08683576633,18.947133686296));
#1299 = CARTESIAN_POINT('',(5.890486225481,19.895425637103));
#1300 = CARTESIAN_POINT('',(5.694136684637,21.936432297662));
#1301 = CARTESIAN_POINT('',(5.497787143781,24.988991437203));
#1302 = CARTESIAN_POINT('',(5.301437602937,28.881601033383));
#1303 = CARTESIAN_POINT('',(5.105088062083,33.370220761743));
#1304 = CARTESIAN_POINT('',(4.908738521234,38.173437657966));
#1305 = CARTESIAN_POINT('',(4.565126824748,46.632636284453));
#1306 = CARTESIAN_POINT('',(4.417864669109,50.275226480881));
#1307 = CARTESIAN_POINT('',(4.270602513485,53.815232733235));
#1308 = CARTESIAN_POINT('',(4.123340357826,57.132060069765));
#1309 = CARTESIAN_POINT('',(3.97607820221,60.112614933721));
#1310 = CARTESIAN_POINT('',(3.828816046562,62.659766930941));
#1311 = CARTESIAN_POINT('',(3.681553890926,64.698775540086));
#1312 = CARTESIAN_POINT('',(3.423845118561,67.292090632448));
#1313 = CARTESIAN_POINT('',(3.313398501833,68.09013454118));
#1314 = CARTESIAN_POINT('',(3.202951885105,68.554143476623));
#1315 = CARTESIAN_POINT('',(3.092505268378,68.671609333346));
#1316 = CARTESIAN_POINT('',(2.98205865165,68.438997396298));
#1317 = CARTESIAN_POINT('',(2.871612034922,67.861993626474));
#1318 = CARTESIAN_POINT('',(2.761165418194,66.955175864585));
#1319 = CARTESIAN_POINT('',(2.485048876375,63.920008584961));
#1320 = CARTESIAN_POINT('',(2.319378951292,61.407598201207));
#1321 = CARTESIAN_POINT('',(2.153709026173,58.280044858664));
#1322 = CARTESIAN_POINT('',(1.988039101135,54.653979509167));
#1323 = CARTESIAN_POINT('',(1.822369175997,50.679864831764));
#1324 = CARTESIAN_POINT('',(1.656699250926,46.529233858339));
#1325 = CARTESIAN_POINT('',(1.491029325825,42.378458641074));
#1326 = CARTESIAN_POINT('',(1.159689475642,34.409896721544));
#1327 = CARTESIAN_POINT('',(0.994019550552,30.592109483394));
#1328 = CARTESIAN_POINT('',(0.828349625458,27.107453719029));
#1329 = CARTESIAN_POINT('',(0.662679700358,24.112807310376));
#1330 = CARTESIAN_POINT('',(0.497009775277,21.740700259179));
#1331 = CARTESIAN_POINT('',(0.331339850186,20.085975019399));
#1332 = CARTESIAN_POINT('',(0.165669925092,19.198653398118));
#1333 = CARTESIAN_POINT('',(6.217248937901E-15,19.083551157115));
#1334 = ( GEOMETRIC_REPRESENTATION_CONTEXT(2) 
PARAMETRIC_REPRESENTATION_CONTEXT() REPRESENTATION_CONTEXT('2D SPACE',''
  ) );
#1335 = ORIENTED_EDGE('',*,*,#1336,.T.);
#1336 = EDGE_CURVE('',#1279,#1337,#1339,.T.);
#1337 = VERTEX_POINT('',#1338);
#1338 = CARTESIAN_POINT('',(1.42E+03,220.,230.));
#1339 = SURFACE_CURVE('',#1340,(#1344,#1351),.PCURVE_S1.);
#1340 = LINE('',#1341,#1342);
#1341 = CARTESIAN_POINT('',(270.,220.,230.));
#1342 = VECTOR('',#1343,1.);
#1343 = DIRECTION('',(1.,0.,-0.));
#1344 = PCURVE('',#396,#1345);
#1345 = DEFINITIONAL_REPRESENTATION('',(#1346),#1350);
#1346 = LINE('',#1347,#1348);
#1347 = CARTESIAN_POINT('',(60.,0.));
#1348 = VECTOR('',#1349,1.);
#1349 = DIRECTION('',(0.,1.));
#1350 = ( GEOMETRIC_REPRESENTATION_CONTEXT(2) 
PARAMETRIC_REPRESENTATION_CONTEXT() REPRESENTATION_CONTEXT('2D SPACE',''
  ) );
#1351 = PCURVE('',#368,#1352);
#1352 = DEFINITIONAL_REPRESENTATION('',(#1353),#1357);
#1353 = LINE('',#1354,#1355);
#1354 = CARTESIAN_POINT('',(0.,0.));
#1355 = VECTOR('',#1356,1.);
#1356 = DIRECTION('',(1.,0.));
#1357 = ( GEOMETRIC_REPRESENTATION_CONTEXT(2) 
PARAMETRIC_REPRESENTATION_CONTEXT() REPRESENTATION_CONTEXT('2D SPACE',''
  ) );
#1358 = ORIENTED_EDGE('',*,*,#1359,.F.);
#1359 = EDGE_CURVE('',#1360,#1337,#1362,.T.);
#1360 = VERTEX_POINT('',#1361);
#1361 = CARTESIAN_POINT('',(1.42E+03,220.,214.00550924716));
#1362 = SURFACE_CURVE('',#1363,(#1367,#1374),.PCURVE_S1.);
#1363 = LINE('',#1364,#1365);
#1364 = CARTESIAN_POINT('',(1.42E+03,220.,170.));
#1365 = VECTOR('',#1366,1.);
#1366 = DIRECTION('',(0.,0.,1.));
#1367 = PCURVE('',#396,#1368);
#1368 = DEFINITIONAL_REPRESENTATION('',(#1369),#1373);
#1369 = LINE('',#1370,#1371);
#1370 = CARTESIAN_POINT('',(0.,1.15E+03));
#1371 = VECTOR('',#1372,1.);
#1372 = DIRECTION('',(1.,0.));
#1373 = ( GEOMETRIC_REPRESENTATION_CONTEXT(2) 
PARAMETRIC_REPRESENTATION_CONTEXT() REPRESENTATION_CONTEXT('2D SPACE',''
  ) );
#1374 = PCURVE('',#854,#1375);
#1375 = DEFINITIONAL_REPRESENTATION('',(#1376),#1380);
#1376 = LINE('',#1377,#1378);
#1377 = CARTESIAN_POINT('',(0.,-470.));
#1378 = VECTOR('',#1379,1.);
#1379 = DIRECTION('',(1.,0.));
#1380 = ( GEOMETRIC_REPRESENTATION_CONTEXT(2) 
PARAMETRIC_REPRESENTATION_CONTEXT() REPRESENTATION_CONTEXT('2D SPACE',''
  ) );
#1381 = ORIENTED_EDGE('',*,*,#1382,.F.);
#1382 = EDGE_CURVE('',#1383,#1360,#1385,.T.);
#1383 = VERTEX_POINT('',#1384);
#1384 = CARTESIAN_POINT('',(1.409967647144E+03,220.,200.55809221109));
#1385 = SURFACE_CURVE('',#1386,(#1391,#1398),.PCURVE_S1.);
#1386 = ELLIPSE('',#1387,14.66532179597,14.);
#1387 = AXIS2_PLACEMENT_3D('',#1388,#1389,#1390);
#1388 = CARTESIAN_POINT('',(1.424615384615E+03,220.,200.76923076923));
#1389 = DIRECTION('',(-0.,1.,0.));
#1390 = DIRECTION('',(0.986393923832,0.,0.164398987305));
#1391 = PCURVE('',#396,#1392);
#1392 = DEFINITIONAL_REPRESENTATION('',(#1393),#1397);
#1393 = ELLIPSE('',#1394,14.66532179597,14.);
#1394 = AXIS2_PLACEMENT_2D('',#1395,#1396);
#1395 = CARTESIAN_POINT('',(30.769230769231,1.154615384615E+03));
#1396 = DIRECTION('',(0.164398987305,0.986393923832));
#1397 = ( GEOMETRIC_REPRESENTATION_CONTEXT(2) 
PARAMETRIC_REPRESENTATION_CONTEXT() REPRESENTATION_CONTEXT('2D SPACE',''
  ) );
#1398 = PCURVE('',#1399,#1404);
#1399 = CYLINDRICAL_SURFACE('',#1400,14.);
#1400 = AXIS2_PLACEMENT_3D('',#1401,#1402,#1403);
#1401 = CARTESIAN_POINT('',(1.42E+03,235.,200.));
#1402 = DIRECTION('',(0.293733227789,-0.954632990314,4.895553796481E-02)
  );
#1403 = DIRECTION('',(-0.955779008722,-0.294085848838,0.));
#1404 = DEFINITIONAL_REPRESENTATION('',(#1405),#1436);
#1405 = B_SPLINE_CURVE_WITH_KNOTS('',8,(#1406,#1407,#1408,#1409,#1410,
    #1411,#1412,#1413,#1414,#1415,#1416,#1417,#1418,#1419,#1420,#1421,
    #1422,#1423,#1424,#1425,#1426,#1427,#1428,#1429,#1430,#1431,#1432,
    #1433,#1434,#1435),.UNSPECIFIED.,.F.,.F.,(9,7,7,7,9),(3.299375620309
    ,4.870171947104,6.048269192201,7.815415059845,9.582560927489),
  .UNSPECIFIED.);
#1406 = CARTESIAN_POINT('',(6.28318530718,11.399981172553));
#1407 = CARTESIAN_POINT('',(6.08683576633,11.534716289129));
#1408 = CARTESIAN_POINT('',(5.89048622548,11.85947955502));
#1409 = CARTESIAN_POINT('',(5.694136684636,12.366353691388));
#1410 = CARTESIAN_POINT('',(5.49778714378,13.031802205194));
#1411 = CARTESIAN_POINT('',(5.301437602935,13.817605869328));
#1412 = CARTESIAN_POINT('',(5.105088062082,14.675152797279));
#1413 = CARTESIAN_POINT('',(4.908738521234,15.552216306008));
#1414 = CARTESIAN_POINT('',(4.565126824748,17.034166687357));
#1415 = CARTESIAN_POINT('',(4.417864669111,17.652281085491));
#1416 = CARTESIAN_POINT('',(4.270602513474,18.232402304531));
#1417 = CARTESIAN_POINT('',(4.123340357837,18.754323656356));
#1418 = CARTESIAN_POINT('',(3.9760782022,19.200095626562));
#1419 = CARTESIAN_POINT('',(3.828816046562,19.555363465415));
#1420 = CARTESIAN_POINT('',(3.681553890926,19.810317439141));
#1421 = CARTESIAN_POINT('',(3.313398501833,20.184545560172));
#1422 = CARTESIAN_POINT('',(3.092505268379,20.17224159004));
#1423 = CARTESIAN_POINT('',(2.871612034921,19.906405769994));
#1424 = CARTESIAN_POINT('',(2.650718801476,19.394980833851));
#1425 = CARTESIAN_POINT('',(2.429825568011,18.673227370113));
#1426 = CARTESIAN_POINT('',(2.208932334557,17.799734456326));
#1427 = CARTESIAN_POINT('',(1.9880391011,16.845175634322));
#1428 = CARTESIAN_POINT('',(1.546252634189,14.917279494324));
#1429 = CARTESIAN_POINT('',(1.32535940074,13.94394110927));
#1430 = CARTESIAN_POINT('',(1.104466167249,13.03288946698));
#1431 = CARTESIAN_POINT('',(0.883572933853,12.256751268498));
#1432 = CARTESIAN_POINT('',(0.66267970034,11.678029745897));
#1433 = CARTESIAN_POINT('',(0.441786466922,11.337331754374));
#1434 = CARTESIAN_POINT('',(0.220893233456,11.248404166406));
#1435 = CARTESIAN_POINT('',(7.993605777301E-15,11.399981172553));
#1436 = ( GEOMETRIC_REPRESENTATION_CONTEXT(2) 
PARAMETRIC_REPRESENTATION_CONTEXT() REPRESENTATION_CONTEXT('2D SPACE',''
  ) );
#1437 = ORIENTED_EDGE('',*,*,#1438,.F.);
#1438 = EDGE_CURVE('',#1439,#1383,#1441,.T.);
#1439 = VERTEX_POINT('',#1440);
#1440 = CARTESIAN_POINT('',(1.42E+03,220.,187.39989615824));
#1441 = SURFACE_CURVE('',#1442,(#1447,#1454),.PCURVE_S1.);
#1442 = ELLIPSE('',#1443,14.66532179597,14.);
#1443 = AXIS2_PLACEMENT_3D('',#1444,#1445,#1446);
#1444 = CARTESIAN_POINT('',(1.424615384615E+03,220.,200.76923076923));
#1445 = DIRECTION('',(-0.,1.,0.));
#1446 = DIRECTION('',(0.986393923832,0.,0.164398987305));
#1447 = PCURVE('',#396,#1448);
#1448 = DEFINITIONAL_REPRESENTATION('',(#1449),#1453);
#1449 = ELLIPSE('',#1450,14.66532179597,14.);
#1450 = AXIS2_PLACEMENT_2D('',#1451,#1452);
#1451 = CARTESIAN_POINT('',(30.769230769231,1.154615384615E+03));
#1452 = DIRECTION('',(0.164398987305,0.986393923832));
#1453 = ( GEOMETRIC_REPRESENTATION_CONTEXT(2) 
PARAMETRIC_REPRESENTATION_CONTEXT() REPRESENTATION_CONTEXT('2D SPACE',''
  ) );
#1454 = PCURVE('',#1399,#1455);
#1455 = DEFINITIONAL_REPRESENTATION('',(#1456),#1487);
#1456 = B_SPLINE_CURVE_WITH_KNOTS('',8,(#1457,#1458,#1459,#1460,#1461,
    #1462,#1463,#1464,#1465,#1466,#1467,#1468,#1469,#1470,#1471,#1472,
    #1473,#1474,#1475,#1476,#1477,#1478,#1479,#1480,#1481,#1482,#1483,
    #1484,#1485,#1486),.UNSPECIFIED.,.F.,.F.,(9,7,7,7,9),(3.299375620309
    ,4.870171947104,6.048269192201,7.815415059845,9.582560927489),
  .UNSPECIFIED.);
#1457 = CARTESIAN_POINT('',(6.28318530718,11.399981172553));
#1458 = CARTESIAN_POINT('',(6.08683576633,11.534716289129));
#1459 = CARTESIAN_POINT('',(5.89048622548,11.85947955502));
#1460 = CARTESIAN_POINT('',(5.694136684636,12.366353691388));
#1461 = CARTESIAN_POINT('',(5.49778714378,13.031802205194));
#1462 = CARTESIAN_POINT('',(5.301437602935,13.817605869328));
#1463 = CARTESIAN_POINT('',(5.105088062082,14.675152797279));
#1464 = CARTESIAN_POINT('',(4.908738521234,15.552216306008));
#1465 = CARTESIAN_POINT('',(4.565126824748,17.034166687357));
#1466 = CARTESIAN_POINT('',(4.417864669111,17.652281085491));
#1467 = CARTESIAN_POINT('',(4.270602513474,18.232402304531));
#1468 = CARTESIAN_POINT('',(4.123340357837,18.754323656356));
#1469 = CARTESIAN_POINT('',(3.9760782022,19.200095626562));
#1470 = CARTESIAN_POINT('',(3.828816046562,19.555363465415));
#1471 = CARTESIAN_POINT('',(3.681553890926,19.810317439141));
#1472 = CARTESIAN_POINT('',(3.313398501833,20.184545560172));
#1473 = CARTESIAN_POINT('',(3.092505268379,20.17224159004));
#1474 = CARTESIAN_POINT('',(2.871612034921,19.906405769994));
#1475 = CARTESIAN_POINT('',(2.650718801476,19.394980833851));
#1476 = CARTESIAN_POINT('',(2.429825568011,18.673227370113));
#1477 = CARTESIAN_POINT('',(2.208932334557,17.799734456326));
#1478 = CARTESIAN_POINT('',(1.9880391011,16.845175634322));
#1479 = CARTESIAN_POINT('',(1.546252634189,14.917279494324));
#1480 = CARTESIAN_POINT('',(1.32535940074,13.94394110927));
#1481 = CARTESIAN_POINT('',(1.104466167249,13.03288946698));
#1482 = CARTESIAN_POINT('',(0.883572933853,12.256751268498));
#1483 = CARTESIAN_POINT('',(0.66267970034,11.678029745897));
#1484 = CARTESIAN_POINT('',(0.441786466922,11.337331754374));
#1485 = CARTESIAN_POINT('',(0.220893233456,11.248404166406));
#1486 = CARTESIAN_POINT('',(7.993605777301E-15,11.399981172553));
#1487 = ( GEOMETRIC_REPRESENTATION_CONTEXT(2) 
PARAMETRIC_REPRESENTATION_CONTEXT() REPRESENTATION_CONTEXT('2D SPACE',''
  ) );
#1488 = ORIENTED_EDGE('',*,*,#1489,.F.);
#1489 = EDGE_CURVE('',#1490,#1439,#1492,.T.);
#1490 = VERTEX_POINT('',#1491);
#1491 = CARTESIAN_POINT('',(1.42E+03,220.,172.5));
#1492 = SURFACE_CURVE('',#1493,(#1497,#1504),.PCURVE_S1.);
#1493 = LINE('',#1494,#1495);
#1494 = CARTESIAN_POINT('',(1.42E+03,220.,170.));
#1495 = VECTOR('',#1496,1.);
#1496 = DIRECTION('',(0.,0.,1.));
#1497 = PCURVE('',#396,#1498);
#1498 = DEFINITIONAL_REPRESENTATION('',(#1499),#1503);
#1499 = LINE('',#1500,#1501);
#1500 = CARTESIAN_POINT('',(0.,1.15E+03));
#1501 = VECTOR('',#1502,1.);
#1502 = DIRECTION('',(1.,0.));
#1503 = ( GEOMETRIC_REPRESENTATION_CONTEXT(2) 
PARAMETRIC_REPRESENTATION_CONTEXT() REPRESENTATION_CONTEXT('2D SPACE',''
  ) );
#1504 = PCURVE('',#854,#1505);
#1505 = DEFINITIONAL_REPRESENTATION('',(#1506),#1510);
#1506 = LINE('',#1507,#1508);
#1507 = CARTESIAN_POINT('',(0.,-470.));
#1508 = VECTOR('',#1509,1.);
#1509 = DIRECTION('',(1.,0.));
#1510 = ( GEOMETRIC_REPRESENTATION_CONTEXT(2) 
PARAMETRIC_REPRESENTATION_CONTEXT() REPRESENTATION_CONTEXT('2D SPACE',''
  ) );
#1511 = ORIENTED_EDGE('',*,*,#1512,.F.);
#1512 = EDGE_CURVE('',#1513,#1490,#1515,.T.);
#1513 = VERTEX_POINT('',#1514);
#1514 = CARTESIAN_POINT('',(1.39E+03,220.,172.5));
#1515 = SURFACE_CURVE('',#1516,(#1520,#1526),.PCURVE_S1.);
#1516 = LINE('',#1517,#1518);
#1517 = CARTESIAN_POINT('',(830.,220.,172.5));
#1518 = VECTOR('',#1519,1.);
#1519 = DIRECTION('',(1.,0.,-0.));
#1520 = PCURVE('',#396,#1521);
#1521 = DEFINITIONAL_REPRESENTATION('',(#1522),#1525);
#1522 = B_SPLINE_CURVE_WITH_KNOTS('',1,(#1523,#1524),.UNSPECIFIED.,.F.,
  .F.,(2,2),(560.,590.),.PIECEWISE_BEZIER_KNOTS.);
#1523 = CARTESIAN_POINT('',(2.5,1.12E+03));
#1524 = CARTESIAN_POINT('',(2.5,1.15E+03));
#1525 = ( GEOMETRIC_REPRESENTATION_CONTEXT(2) 
PARAMETRIC_REPRESENTATION_CONTEXT() REPRESENTATION_CONTEXT('2D SPACE',''
  ) );
#1526 = PCURVE('',#960,#1527);
#1527 = DEFINITIONAL_REPRESENTATION('',(#1528),#1531);
#1528 = B_SPLINE_CURVE_WITH_KNOTS('',1,(#1529,#1530),.UNSPECIFIED.,.F.,
  .F.,(2,2),(560.,590.),.PIECEWISE_BEZIER_KNOTS.);
#1529 = CARTESIAN_POINT('',(0.,455.));
#1530 = CARTESIAN_POINT('',(30.,455.));
#1531 = ( GEOMETRIC_REPRESENTATION_CONTEXT(2) 
PARAMETRIC_REPRESENTATION_CONTEXT() REPRESENTATION_CONTEXT('2D SPACE',''
  ) );
#1532 = ORIENTED_EDGE('',*,*,#1533,.T.);
#1533 = EDGE_CURVE('',#1513,#1534,#1536,.T.);
#1534 = VERTEX_POINT('',#1535);
#1535 = CARTESIAN_POINT('',(1.39E+03,220.,170.));
#1536 = SURFACE_CURVE('',#1537,(#1541,#1547),.PCURVE_S1.);
#1537 = LINE('',#1538,#1539);
#1538 = CARTESIAN_POINT('',(1.39E+03,220.,158.75));
#1539 = VECTOR('',#1540,1.);
#1540 = DIRECTION('',(-0.,0.,-1.));
#1541 = PCURVE('',#396,#1542);
#1542 = DEFINITIONAL_REPRESENTATION('',(#1543),#1546);
#1543 = B_SPLINE_CURVE_WITH_KNOTS('',1,(#1544,#1545),.UNSPECIFIED.,.F.,
  .F.,(2,2),(-13.75,-11.25),.PIECEWISE_BEZIER_KNOTS.);
#1544 = CARTESIAN_POINT('',(2.5,1.12E+03));
#1545 = CARTESIAN_POINT('',(0.,1.12E+03));
#1546 = ( GEOMETRIC_REPRESENTATION_CONTEXT(2) 
PARAMETRIC_REPRESENTATION_CONTEXT() REPRESENTATION_CONTEXT('2D SPACE',''
  ) );
#1547 = PCURVE('',#986,#1548);
#1548 = DEFINITIONAL_REPRESENTATION('',(#1549),#1552);
#1549 = B_SPLINE_CURVE_WITH_KNOTS('',1,(#1550,#1551),.UNSPECIFIED.,.F.,
  .F.,(2,2),(-13.75,-11.25),.PIECEWISE_BEZIER_KNOTS.);
#1550 = CARTESIAN_POINT('',(25.,-455.));
#1551 = CARTESIAN_POINT('',(22.5,-455.));
#1552 = ( GEOMETRIC_REPRESENTATION_CONTEXT(2) 
PARAMETRIC_REPRESENTATION_CONTEXT() REPRESENTATION_CONTEXT('2D SPACE',''
  ) );
#1553 = ORIENTED_EDGE('',*,*,#1554,.F.);
#1554 = EDGE_CURVE('',#1555,#1534,#1557,.T.);
#1555 = VERTEX_POINT('',#1556);
#1556 = CARTESIAN_POINT('',(860.,220.,170.));
#1557 = SURFACE_CURVE('',#1558,(#1562,#1569),.PCURVE_S1.);
#1558 = LINE('',#1559,#1560);
#1559 = CARTESIAN_POINT('',(270.,220.,170.));
#1560 = VECTOR('',#1561,1.);
#1561 = DIRECTION('',(1.,0.,-0.));
#1562 = PCURVE('',#396,#1563);
#1563 = DEFINITIONAL_REPRESENTATION('',(#1564),#1568);
#1564 = LINE('',#1565,#1566);
#1565 = CARTESIAN_POINT('',(0.,0.));
#1566 = VECTOR('',#1567,1.);
#1567 = DIRECTION('',(0.,1.));
#1568 = ( GEOMETRIC_REPRESENTATION_CONTEXT(2) 
PARAMETRIC_REPRESENTATION_CONTEXT() REPRESENTATION_CONTEXT('2D SPACE',''
  ) );
#1569 = PCURVE('',#312,#1570);
#1570 = DEFINITIONAL_REPRESENTATION('',(#1571),#1575);
#1571 = LINE('',#1572,#1573);
#1572 = CARTESIAN_POINT('',(0.,0.));
#1573 = VECTOR('',#1574,1.);
#1574 = DIRECTION('',(1.,0.));
#1575 = ( GEOMETRIC_REPRESENTATION_CONTEXT(2) 
PARAMETRIC_REPRESENTATION_CONTEXT() REPRESENTATION_CONTEXT('2D SPACE',''
  ) );
#1576 = ORIENTED_EDGE('',*,*,#1577,.F.);
#1577 = EDGE_CURVE('',#1578,#1555,#1580,.T.);
#1578 = VERTEX_POINT('',#1579);
#1579 = CARTESIAN_POINT('',(860.,220.,172.5));
#1580 = SURFACE_CURVE('',#1581,(#1585,#1591),.PCURVE_S1.);
#1581 = LINE('',#1582,#1583);
#1582 = CARTESIAN_POINT('',(860.,220.,158.75));
#1583 = VECTOR('',#1584,1.);
#1584 = DIRECTION('',(-0.,0.,-1.));
#1585 = PCURVE('',#396,#1586);
#1586 = DEFINITIONAL_REPRESENTATION('',(#1587),#1590);
#1587 = B_SPLINE_CURVE_WITH_KNOTS('',1,(#1588,#1589),.UNSPECIFIED.,.F.,
  .F.,(2,2),(-13.75,-11.25),.PIECEWISE_BEZIER_KNOTS.);
#1588 = CARTESIAN_POINT('',(2.5,590.));
#1589 = CARTESIAN_POINT('',(0.,590.));
#1590 = ( GEOMETRIC_REPRESENTATION_CONTEXT(2) 
PARAMETRIC_REPRESENTATION_CONTEXT() REPRESENTATION_CONTEXT('2D SPACE',''
  ) );
#1591 = PCURVE('',#1035,#1592);
#1592 = DEFINITIONAL_REPRESENTATION('',(#1593),#1596);
#1593 = B_SPLINE_CURVE_WITH_KNOTS('',1,(#1594,#1595),.UNSPECIFIED.,.F.,
  .F.,(2,2),(-13.75,-11.25),.PIECEWISE_BEZIER_KNOTS.);
#1594 = CARTESIAN_POINT('',(25.,-455.));
#1595 = CARTESIAN_POINT('',(22.5,-455.));
#1596 = ( GEOMETRIC_REPRESENTATION_CONTEXT(2) 
PARAMETRIC_REPRESENTATION_CONTEXT() REPRESENTATION_CONTEXT('2D SPACE',''
  ) );
#1597 = ORIENTED_EDGE('',*,*,#1598,.F.);
#1598 = EDGE_CURVE('',#1599,#1578,#1601,.T.);
#1599 = VERTEX_POINT('',#1600);
#1600 = CARTESIAN_POINT('',(830.,220.,172.5));
#1601 = SURFACE_CURVE('',#1602,(#1606,#1612),.PCURVE_S1.);
#1602 = LINE('',#1603,#1604);
#1603 = CARTESIAN_POINT('',(550.,220.,172.5));
#1604 = VECTOR('',#1605,1.);
#1605 = DIRECTION('',(1.,0.,-0.));
#1606 = PCURVE('',#396,#1607);
#1607 = DEFINITIONAL_REPRESENTATION('',(#1608),#1611);
#1608 = B_SPLINE_CURVE_WITH_KNOTS('',1,(#1609,#1610),.UNSPECIFIED.,.F.,
  .F.,(2,2),(280.,310.),.PIECEWISE_BEZIER_KNOTS.);
#1609 = CARTESIAN_POINT('',(2.5,560.));
#1610 = CARTESIAN_POINT('',(2.5,590.));
#1611 = ( GEOMETRIC_REPRESENTATION_CONTEXT(2) 
PARAMETRIC_REPRESENTATION_CONTEXT() REPRESENTATION_CONTEXT('2D SPACE',''
  ) );
#1612 = PCURVE('',#1061,#1613);
#1613 = DEFINITIONAL_REPRESENTATION('',(#1614),#1617);
#1614 = B_SPLINE_CURVE_WITH_KNOTS('',1,(#1615,#1616),.UNSPECIFIED.,.F.,
  .F.,(2,2),(280.,310.),.PIECEWISE_BEZIER_KNOTS.);
#1615 = CARTESIAN_POINT('',(0.,455.));
#1616 = CARTESIAN_POINT('',(30.,455.));
#1617 = ( GEOMETRIC_REPRESENTATION_CONTEXT(2) 
PARAMETRIC_REPRESENTATION_CONTEXT() REPRESENTATION_CONTEXT('2D SPACE',''
  ) );
#1618 = ORIENTED_EDGE('',*,*,#1619,.T.);
#1619 = EDGE_CURVE('',#1599,#1149,#1620,.T.);
#1620 = SURFACE_CURVE('',#1621,(#1625,#1631),.PCURVE_S1.);
#1621 = LINE('',#1622,#1623);
#1622 = CARTESIAN_POINT('',(830.,220.,158.75));
#1623 = VECTOR('',#1624,1.);
#1624 = DIRECTION('',(-0.,0.,-1.));
#1625 = PCURVE('',#396,#1626);
#1626 = DEFINITIONAL_REPRESENTATION('',(#1627),#1630);
#1627 = B_SPLINE_CURVE_WITH_KNOTS('',1,(#1628,#1629),.UNSPECIFIED.,.F.,
  .F.,(2,2),(-13.75,-11.25),.PIECEWISE_BEZIER_KNOTS.);
#1628 = CARTESIAN_POINT('',(2.5,560.));
#1629 = CARTESIAN_POINT('',(0.,560.));
#1630 = ( GEOMETRIC_REPRESENTATION_CONTEXT(2) 
PARAMETRIC_REPRESENTATION_CONTEXT() REPRESENTATION_CONTEXT('2D SPACE',''
  ) );
#1631 = PCURVE('',#1085,#1632);
#1632 = DEFINITIONAL_REPRESENTATION('',(#1633),#1636);
#1633 = B_SPLINE_CURVE_WITH_KNOTS('',1,(#1634,#1635),.UNSPECIFIED.,.F.,
  .F.,(2,2),(-13.75,-11.25),.PIECEWISE_BEZIER_KNOTS.);
#1634 = CARTESIAN_POINT('',(25.,-455.));
#1635 = CARTESIAN_POINT('',(22.5,-455.));
#1636 = ( GEOMETRIC_REPRESENTATION_CONTEXT(2) 
PARAMETRIC_REPRESENTATION_CONTEXT() REPRESENTATION_CONTEXT('2D SPACE',''
  ) );
#1637 = ADVANCED_FACE('',(#1638),#368,.T.);
#1638 = FACE_BOUND('',#1639,.T.);
#1639 = EDGE_LOOP('',(#1640,#1663,#1664,#1665,#1698,#1699));
#1640 = ORIENTED_EDGE('',*,*,#1641,.F.);
#1641 = EDGE_CURVE('',#325,#1642,#1644,.T.);
#1642 = VERTEX_POINT('',#1643);
#1643 = CARTESIAN_POINT('',(1.42E+03,250.,230.));
#1644 = SURFACE_CURVE('',#1645,(#1649,#1656),.PCURVE_S1.);
#1645 = LINE('',#1646,#1647);
#1646 = CARTESIAN_POINT('',(270.,250.,230.));
#1647 = VECTOR('',#1648,1.);
#1648 = DIRECTION('',(1.,0.,-0.));
#1649 = PCURVE('',#368,#1650);
#1650 = DEFINITIONAL_REPRESENTATION('',(#1651),#1655);
#1651 = LINE('',#1652,#1653);
#1652 = CARTESIAN_POINT('',(0.,30.));
#1653 = VECTOR('',#1654,1.);
#1654 = DIRECTION('',(1.,0.));
#1655 = ( GEOMETRIC_REPRESENTATION_CONTEXT(2) 
PARAMETRIC_REPRESENTATION_CONTEXT() REPRESENTATION_CONTEXT('2D SPACE',''
  ) );
#1656 = PCURVE('',#340,#1657);
#1657 = DEFINITIONAL_REPRESENTATION('',(#1658),#1662);
#1658 = LINE('',#1659,#1660);
#1659 = CARTESIAN_POINT('',(60.,0.));
#1660 = VECTOR('',#1661,1.);
#1661 = DIRECTION('',(0.,1.));
#1662 = ( GEOMETRIC_REPRESENTATION_CONTEXT(2) 
PARAMETRIC_REPRESENTATION_CONTEXT() REPRESENTATION_CONTEXT('2D SPACE',''
  ) );
#1663 = ORIENTED_EDGE('',*,*,#352,.F.);
#1664 = ORIENTED_EDGE('',*,*,#1192,.T.);
#1665 = ORIENTED_EDGE('',*,*,#1666,.F.);
#1666 = EDGE_CURVE('',#1279,#1193,#1667,.T.);
#1667 = SURFACE_CURVE('',#1668,(#1673,#1680),.PCURVE_S1.);
#1668 = ELLIPSE('',#1669,116.93246913271,9.);
#1669 = AXIS2_PLACEMENT_3D('',#1670,#1671,#1672);
#1670 = CARTESIAN_POINT('',(328.37837837837,190.4054054054,230.));
#1671 = DIRECTION('',(0.,0.,1.));
#1672 = DIRECTION('',(-0.938876315887,-0.344254649158,0.));
#1673 = PCURVE('',#368,#1674);
#1674 = DEFINITIONAL_REPRESENTATION('',(#1675),#1679);
#1675 = ELLIPSE('',#1676,116.93246913271,9.);
#1676 = AXIS2_PLACEMENT_2D('',#1677,#1678);
#1677 = CARTESIAN_POINT('',(58.378378378378,-29.59459459459));
#1678 = DIRECTION('',(-0.938876315887,-0.344254649158));
#1679 = ( GEOMETRIC_REPRESENTATION_CONTEXT(2) 
PARAMETRIC_REPRESENTATION_CONTEXT() REPRESENTATION_CONTEXT('2D SPACE',''
  ) );
#1680 = PCURVE('',#1232,#1681);
#1681 = DEFINITIONAL_REPRESENTATION('',(#1682),#1697);
#1682 = B_SPLINE_CURVE_WITH_KNOTS('',7,(#1683,#1684,#1685,#1686,#1687,
    #1688,#1689,#1690,#1691,#1692,#1693,#1694,#1695,#1696),
  .UNSPECIFIED.,.F.,.F.,(8,6,8),(2.480782368171,3.348499957763,
    4.216217547355),.UNSPECIFIED.);
#1683 = CARTESIAN_POINT('',(0.909986041376,37.881196600784));
#1684 = CARTESIAN_POINT('',(1.033945697032,29.011238423278));
#1685 = CARTESIAN_POINT('',(1.157905352688,21.791349851707));
#1686 = CARTESIAN_POINT('',(1.281865008344,16.444136197199));
#1687 = CARTESIAN_POINT('',(1.405824664,13.130137436387));
#1688 = CARTESIAN_POINT('',(1.529784319656,11.933646471672));
#1689 = CARTESIAN_POINT('',(1.653743975312,12.857110022281));
#1690 = CARTESIAN_POINT('',(1.901663286624,18.794942264833));
#1691 = CARTESIAN_POINT('',(2.02562294228,23.809310730823));
#1692 = CARTESIAN_POINT('',(2.149582597934,30.794608789376));
#1693 = CARTESIAN_POINT('',(2.273542253593,39.599356535316));
#1694 = CARTESIAN_POINT('',(2.397501909247,49.999601639223));
#1695 = CARTESIAN_POINT('',(2.521461564904,61.713795255517));
#1696 = CARTESIAN_POINT('',(2.64542122056,74.422973935539));
#1697 = ( GEOMETRIC_REPRESENTATION_CONTEXT(2) 
PARAMETRIC_REPRESENTATION_CONTEXT() REPRESENTATION_CONTEXT('2D SPACE',''
  ) );
#1698 = ORIENTED_EDGE('',*,*,#1336,.T.);
#1699 = ORIENTED_EDGE('',*,*,#1700,.T.);
#1700 = EDGE_CURVE('',#1337,#1642,#1701,.T.);
#1701 = SURFACE_CURVE('',#1702,(#1706,#1713),.PCURVE_S1.);
#1702 = LINE('',#1703,#1704);
#1703 = CARTESIAN_POINT('',(1.42E+03,220.,230.));
#1704 = VECTOR('',#1705,1.);
#1705 = DIRECTION('',(-0.,1.,0.));
#1706 = PCURVE('',#368,#1707);
#1707 = DEFINITIONAL_REPRESENTATION('',(#1708),#1712);
#1708 = LINE('',#1709,#1710);
#1709 = CARTESIAN_POINT('',(1.15E+03,0.));
#1710 = VECTOR('',#1711,1.);
#1711 = DIRECTION('',(0.,1.));
#1712 = ( GEOMETRIC_REPRESENTATION_CONTEXT(2) 
PARAMETRIC_REPRESENTATION_CONTEXT() REPRESENTATION_CONTEXT('2D SPACE',''
  ) );
#1713 = PCURVE('',#854,#1714);
#1714 = DEFINITIONAL_REPRESENTATION('',(#1715),#1719);
#1715 = LINE('',#1716,#1717);
#1716 = CARTESIAN_POINT('',(60.,-470.));
#1717 = VECTOR('',#1718,1.);
#1718 = DIRECTION('',(0.,-1.));
#1719 = ( GEOMETRIC_REPRESENTATION_CONTEXT(2) 
PARAMETRIC_REPRESENTATION_CONTEXT() REPRESENTATION_CONTEXT('2D SPACE',''
  ) );
#1720 = ADVANCED_FACE('',(#1721),#340,.T.);
#1721 = FACE_BOUND('',#1722,.T.);
#1722 = EDGE_LOOP('',(#1723,#1746,#1747,#1748));
#1723 = ORIENTED_EDGE('',*,*,#1724,.F.);
#1724 = EDGE_CURVE('',#297,#1725,#1727,.T.);
#1725 = VERTEX_POINT('',#1726);
#1726 = CARTESIAN_POINT('',(1.42E+03,250.,170.));
#1727 = SURFACE_CURVE('',#1728,(#1732,#1739),.PCURVE_S1.);
#1728 = LINE('',#1729,#1730);
#1729 = CARTESIAN_POINT('',(270.,250.,170.));
#1730 = VECTOR('',#1731,1.);
#1731 = DIRECTION('',(1.,0.,-0.));
#1732 = PCURVE('',#340,#1733);
#1733 = DEFINITIONAL_REPRESENTATION('',(#1734),#1738);
#1734 = LINE('',#1735,#1736);
#1735 = CARTESIAN_POINT('',(0.,0.));
#1736 = VECTOR('',#1737,1.);
#1737 = DIRECTION('',(0.,1.));
#1738 = ( GEOMETRIC_REPRESENTATION_CONTEXT(2) 
PARAMETRIC_REPRESENTATION_CONTEXT() REPRESENTATION_CONTEXT('2D SPACE',''
  ) );
#1739 = PCURVE('',#312,#1740);
#1740 = DEFINITIONAL_REPRESENTATION('',(#1741),#1745);
#1741 = LINE('',#1742,#1743);
#1742 = CARTESIAN_POINT('',(0.,30.));
#1743 = VECTOR('',#1744,1.);
#1744 = DIRECTION('',(1.,0.));
#1745 = ( GEOMETRIC_REPRESENTATION_CONTEXT(2) 
PARAMETRIC_REPRESENTATION_CONTEXT() REPRESENTATION_CONTEXT('2D SPACE',''
  ) );
#1746 = ORIENTED_EDGE('',*,*,#324,.T.);
#1747 = ORIENTED_EDGE('',*,*,#1641,.T.);
#1748 = ORIENTED_EDGE('',*,*,#1749,.F.);
#1749 = EDGE_CURVE('',#1725,#1642,#1750,.T.);
#1750 = SURFACE_CURVE('',#1751,(#1755,#1762),.PCURVE_S1.);
#1751 = LINE('',#1752,#1753);
#1752 = CARTESIAN_POINT('',(1.42E+03,250.,170.));
#1753 = VECTOR('',#1754,1.);
#1754 = DIRECTION('',(0.,0.,1.));
#1755 = PCURVE('',#340,#1756);
#1756 = DEFINITIONAL_REPRESENTATION('',(#1757),#1761);
#1757 = LINE('',#1758,#1759);
#1758 = CARTESIAN_POINT('',(0.,1.15E+03));
#1759 = VECTOR('',#1760,1.);
#1760 = DIRECTION('',(1.,0.));
#1761 = ( GEOMETRIC_REPRESENTATION_CONTEXT(2) 
PARAMETRIC_REPRESENTATION_CONTEXT() REPRESENTATION_CONTEXT('2D SPACE',''
  ) );
#1762 = PCURVE('',#854,#1763);
#1763 = DEFINITIONAL_REPRESENTATION('',(#1764),#1768);
#1764 = LINE('',#1765,#1766);
#1765 = CARTESIAN_POINT('',(0.,-500.));
#1766 = VECTOR('',#1767,1.);
#1767 = DIRECTION('',(1.,0.));
#1768 = ( GEOMETRIC_REPRESENTATION_CONTEXT(2) 
PARAMETRIC_REPRESENTATION_CONTEXT() REPRESENTATION_CONTEXT('2D SPACE',''
  ) );
#1769 = ADVANCED_FACE('',(#1770),#312,.F.);
#1770 = FACE_BOUND('',#1771,.F.);
#1771 = EDGE_LOOP('',(#1772,#1773,#1794,#1813,#1814,#1835,#1861,#1880,
    #1881,#1902,#1928,#1949));
#1772 = ORIENTED_EDGE('',*,*,#296,.F.);
#1773 = ORIENTED_EDGE('',*,*,#1774,.F.);
#1774 = EDGE_CURVE('',#1775,#269,#1777,.T.);
#1775 = VERTEX_POINT('',#1776);
#1776 = CARTESIAN_POINT('',(300.,235.,170.));
#1777 = SURFACE_CURVE('',#1778,(#1782,#1788),.PCURVE_S1.);
#1778 = LINE('',#1779,#1780);
#1779 = CARTESIAN_POINT('',(270.,235.,170.));
#1780 = VECTOR('',#1781,1.);
#1781 = DIRECTION('',(-1.,-0.,0.));
#1782 = PCURVE('',#312,#1783);
#1783 = DEFINITIONAL_REPRESENTATION('',(#1784),#1787);
#1784 = B_SPLINE_CURVE_WITH_KNOTS('',1,(#1785,#1786),.UNSPECIFIED.,.F.,
  .F.,(2,2),(-30.,0.),.PIECEWISE_BEZIER_KNOTS.);
#1785 = CARTESIAN_POINT('',(30.,15.));
#1786 = CARTESIAN_POINT('',(0.,15.));
#1787 = ( GEOMETRIC_REPRESENTATION_CONTEXT(2) 
PARAMETRIC_REPRESENTATION_CONTEXT() REPRESENTATION_CONTEXT('2D SPACE',''
  ) );
#1788 = PCURVE('',#284,#1789);
#1789 = DEFINITIONAL_REPRESENTATION('',(#1790),#1793);
#1790 = B_SPLINE_CURVE_WITH_KNOTS('',1,(#1791,#1792),.UNSPECIFIED.,.F.,
  .F.,(2,2),(-30.,0.),.PIECEWISE_BEZIER_KNOTS.);
#1791 = CARTESIAN_POINT('',(22.5,30.));
#1792 = CARTESIAN_POINT('',(22.5,0.));
#1793 = ( GEOMETRIC_REPRESENTATION_CONTEXT(2) 
PARAMETRIC_REPRESENTATION_CONTEXT() REPRESENTATION_CONTEXT('2D SPACE',''
  ) );
#1794 = ORIENTED_EDGE('',*,*,#1795,.F.);
#1795 = EDGE_CURVE('',#1147,#1775,#1796,.T.);
#1796 = SURFACE_CURVE('',#1797,(#1801,#1807),.PCURVE_S1.);
#1797 = LINE('',#1798,#1799);
#1798 = CARTESIAN_POINT('',(300.,-7.5,170.));
#1799 = VECTOR('',#1800,1.);
#1800 = DIRECTION('',(-0.,1.,0.));
#1801 = PCURVE('',#312,#1802);
#1802 = DEFINITIONAL_REPRESENTATION('',(#1803),#1806);
#1803 = B_SPLINE_CURVE_WITH_KNOTS('',1,(#1804,#1805),.UNSPECIFIED.,.F.,
  .F.,(2,2),(227.5,242.5),.PIECEWISE_BEZIER_KNOTS.);
#1804 = CARTESIAN_POINT('',(30.,0.));
#1805 = CARTESIAN_POINT('',(30.,15.));
#1806 = ( GEOMETRIC_REPRESENTATION_CONTEXT(2) 
PARAMETRIC_REPRESENTATION_CONTEXT() REPRESENTATION_CONTEXT('2D SPACE',''
  ) );
#1807 = PCURVE('',#640,#1808);
#1808 = DEFINITIONAL_REPRESENTATION('',(#1809),#1812);
#1809 = B_SPLINE_CURVE_WITH_KNOTS('',1,(#1810,#1811),.UNSPECIFIED.,.F.,
  .F.,(2,2),(227.5,242.5),.PIECEWISE_BEZIER_KNOTS.);
#1810 = CARTESIAN_POINT('',(22.5,-455.));
#1811 = CARTESIAN_POINT('',(22.5,-470.));
#1812 = ( GEOMETRIC_REPRESENTATION_CONTEXT(2) 
PARAMETRIC_REPRESENTATION_CONTEXT() REPRESENTATION_CONTEXT('2D SPACE',''
  ) );
#1813 = ORIENTED_EDGE('',*,*,#1146,.T.);
#1814 = ORIENTED_EDGE('',*,*,#1815,.T.);
#1815 = EDGE_CURVE('',#1149,#1816,#1818,.T.);
#1816 = VERTEX_POINT('',#1817);
#1817 = CARTESIAN_POINT('',(830.,235.,170.));
#1818 = SURFACE_CURVE('',#1819,(#1823,#1829),.PCURVE_S1.);
#1819 = LINE('',#1820,#1821);
#1820 = CARTESIAN_POINT('',(830.,-7.5,170.));
#1821 = VECTOR('',#1822,1.);
#1822 = DIRECTION('',(-0.,1.,0.));
#1823 = PCURVE('',#312,#1824);
#1824 = DEFINITIONAL_REPRESENTATION('',(#1825),#1828);
#1825 = B_SPLINE_CURVE_WITH_KNOTS('',1,(#1826,#1827),.UNSPECIFIED.,.F.,
  .F.,(2,2),(227.5,242.5),.PIECEWISE_BEZIER_KNOTS.);
#1826 = CARTESIAN_POINT('',(560.,0.));
#1827 = CARTESIAN_POINT('',(560.,15.));
#1828 = ( GEOMETRIC_REPRESENTATION_CONTEXT(2) 
PARAMETRIC_REPRESENTATION_CONTEXT() REPRESENTATION_CONTEXT('2D SPACE',''
  ) );
#1829 = PCURVE('',#1085,#1830);
#1830 = DEFINITIONAL_REPRESENTATION('',(#1831),#1834);
#1831 = B_SPLINE_CURVE_WITH_KNOTS('',1,(#1832,#1833),.UNSPECIFIED.,.F.,
  .F.,(2,2),(227.5,242.5),.PIECEWISE_BEZIER_KNOTS.);
#1832 = CARTESIAN_POINT('',(22.5,-455.));
#1833 = CARTESIAN_POINT('',(22.5,-470.));
#1834 = ( GEOMETRIC_REPRESENTATION_CONTEXT(2) 
PARAMETRIC_REPRESENTATION_CONTEXT() REPRESENTATION_CONTEXT('2D SPACE',''
  ) );
#1835 = ORIENTED_EDGE('',*,*,#1836,.F.);
#1836 = EDGE_CURVE('',#1837,#1816,#1839,.T.);
#1837 = VERTEX_POINT('',#1838);
#1838 = CARTESIAN_POINT('',(860.,235.,170.));
#1839 = SURFACE_CURVE('',#1840,(#1844,#1850),.PCURVE_S1.);
#1840 = LINE('',#1841,#1842);
#1841 = CARTESIAN_POINT('',(550.,235.,170.));
#1842 = VECTOR('',#1843,1.);
#1843 = DIRECTION('',(-1.,-0.,0.));
#1844 = PCURVE('',#312,#1845);
#1845 = DEFINITIONAL_REPRESENTATION('',(#1846),#1849);
#1846 = B_SPLINE_CURVE_WITH_KNOTS('',1,(#1847,#1848),.UNSPECIFIED.,.F.,
  .F.,(2,2),(-310.,-280.),.PIECEWISE_BEZIER_KNOTS.);
#1847 = CARTESIAN_POINT('',(590.,15.));
#1848 = CARTESIAN_POINT('',(560.,15.));
#1849 = ( GEOMETRIC_REPRESENTATION_CONTEXT(2) 
PARAMETRIC_REPRESENTATION_CONTEXT() REPRESENTATION_CONTEXT('2D SPACE',''
  ) );
#1850 = PCURVE('',#1851,#1856);
#1851 = PLANE('',#1852);
#1852 = AXIS2_PLACEMENT_3D('',#1853,#1854,#1855);
#1853 = CARTESIAN_POINT('',(830.,235.,147.5));
#1854 = DIRECTION('',(-0.,1.,0.));
#1855 = DIRECTION('',(0.,0.,1.));
#1856 = DEFINITIONAL_REPRESENTATION('',(#1857),#1860);
#1857 = B_SPLINE_CURVE_WITH_KNOTS('',1,(#1858,#1859),.UNSPECIFIED.,.F.,
  .F.,(2,2),(-310.,-280.),.PIECEWISE_BEZIER_KNOTS.);
#1858 = CARTESIAN_POINT('',(22.5,30.));
#1859 = CARTESIAN_POINT('',(22.5,0.));
#1860 = ( GEOMETRIC_REPRESENTATION_CONTEXT(2) 
PARAMETRIC_REPRESENTATION_CONTEXT() REPRESENTATION_CONTEXT('2D SPACE',''
  ) );
#1861 = ORIENTED_EDGE('',*,*,#1862,.F.);
#1862 = EDGE_CURVE('',#1555,#1837,#1863,.T.);
#1863 = SURFACE_CURVE('',#1864,(#1868,#1874),.PCURVE_S1.);
#1864 = LINE('',#1865,#1866);
#1865 = CARTESIAN_POINT('',(860.,-7.5,170.));
#1866 = VECTOR('',#1867,1.);
#1867 = DIRECTION('',(-0.,1.,0.));
#1868 = PCURVE('',#312,#1869);
#1869 = DEFINITIONAL_REPRESENTATION('',(#1870),#1873);
#1870 = B_SPLINE_CURVE_WITH_KNOTS('',1,(#1871,#1872),.UNSPECIFIED.,.F.,
  .F.,(2,2),(227.5,242.5),.PIECEWISE_BEZIER_KNOTS.);
#1871 = CARTESIAN_POINT('',(590.,0.));
#1872 = CARTESIAN_POINT('',(590.,15.));
#1873 = ( GEOMETRIC_REPRESENTATION_CONTEXT(2) 
PARAMETRIC_REPRESENTATION_CONTEXT() REPRESENTATION_CONTEXT('2D SPACE',''
  ) );
#1874 = PCURVE('',#1035,#1875);
#1875 = DEFINITIONAL_REPRESENTATION('',(#1876),#1879);
#1876 = B_SPLINE_CURVE_WITH_KNOTS('',1,(#1877,#1878),.UNSPECIFIED.,.F.,
  .F.,(2,2),(227.5,242.5),.PIECEWISE_BEZIER_KNOTS.);
#1877 = CARTESIAN_POINT('',(22.5,-455.));
#1878 = CARTESIAN_POINT('',(22.5,-470.));
#1879 = ( GEOMETRIC_REPRESENTATION_CONTEXT(2) 
PARAMETRIC_REPRESENTATION_CONTEXT() REPRESENTATION_CONTEXT('2D SPACE',''
  ) );
#1880 = ORIENTED_EDGE('',*,*,#1554,.T.);
#1881 = ORIENTED_EDGE('',*,*,#1882,.T.);
#1882 = EDGE_CURVE('',#1534,#1883,#1885,.T.);
#1883 = VERTEX_POINT('',#1884);
#1884 = CARTESIAN_POINT('',(1.39E+03,235.,170.));
#1885 = SURFACE_CURVE('',#1886,(#1890,#1896),.PCURVE_S1.);
#1886 = LINE('',#1887,#1888);
#1887 = CARTESIAN_POINT('',(1.39E+03,-7.5,170.));
#1888 = VECTOR('',#1889,1.);
#1889 = DIRECTION('',(-0.,1.,0.));
#1890 = PCURVE('',#312,#1891);
#1891 = DEFINITIONAL_REPRESENTATION('',(#1892),#1895);
#1892 = B_SPLINE_CURVE_WITH_KNOTS('',1,(#1893,#1894),.UNSPECIFIED.,.F.,
  .F.,(2,2),(227.5,242.5),.PIECEWISE_BEZIER_KNOTS.);
#1893 = CARTESIAN_POINT('',(1.12E+03,0.));
#1894 = CARTESIAN_POINT('',(1.12E+03,15.));
#1895 = ( GEOMETRIC_REPRESENTATION_CONTEXT(2) 
PARAMETRIC_REPRESENTATION_CONTEXT() REPRESENTATION_CONTEXT('2D SPACE',''
  ) );
#1896 = PCURVE('',#986,#1897);
#1897 = DEFINITIONAL_REPRESENTATION('',(#1898),#1901);
#1898 = B_SPLINE_CURVE_WITH_KNOTS('',1,(#1899,#1900),.UNSPECIFIED.,.F.,
  .F.,(2,2),(227.5,242.5),.PIECEWISE_BEZIER_KNOTS.);
#1899 = CARTESIAN_POINT('',(22.5,-455.));
#1900 = CARTESIAN_POINT('',(22.5,-470.));
#1901 = ( GEOMETRIC_REPRESENTATION_CONTEXT(2) 
PARAMETRIC_REPRESENTATION_CONTEXT() REPRESENTATION_CONTEXT('2D SPACE',''
  ) );
#1902 = ORIENTED_EDGE('',*,*,#1903,.F.);
#1903 = EDGE_CURVE('',#1904,#1883,#1906,.T.);
#1904 = VERTEX_POINT('',#1905);
#1905 = CARTESIAN_POINT('',(1.42E+03,235.,170.));
#1906 = SURFACE_CURVE('',#1907,(#1911,#1917),.PCURVE_S1.);
#1907 = LINE('',#1908,#1909);
#1908 = CARTESIAN_POINT('',(830.,235.,170.));
#1909 = VECTOR('',#1910,1.);
#1910 = DIRECTION('',(-1.,-0.,0.));
#1911 = PCURVE('',#312,#1912);
#1912 = DEFINITIONAL_REPRESENTATION('',(#1913),#1916);
#1913 = B_SPLINE_CURVE_WITH_KNOTS('',1,(#1914,#1915),.UNSPECIFIED.,.F.,
  .F.,(2,2),(-590.,-560.),.PIECEWISE_BEZIER_KNOTS.);
#1914 = CARTESIAN_POINT('',(1.15E+03,15.));
#1915 = CARTESIAN_POINT('',(1.12E+03,15.));
#1916 = ( GEOMETRIC_REPRESENTATION_CONTEXT(2) 
PARAMETRIC_REPRESENTATION_CONTEXT() REPRESENTATION_CONTEXT('2D SPACE',''
  ) );
#1917 = PCURVE('',#1918,#1923);
#1918 = PLANE('',#1919);
#1919 = AXIS2_PLACEMENT_3D('',#1920,#1921,#1922);
#1920 = CARTESIAN_POINT('',(1.39E+03,235.,147.5));
#1921 = DIRECTION('',(-0.,1.,0.));
#1922 = DIRECTION('',(0.,0.,1.));
#1923 = DEFINITIONAL_REPRESENTATION('',(#1924),#1927);
#1924 = B_SPLINE_CURVE_WITH_KNOTS('',1,(#1925,#1926),.UNSPECIFIED.,.F.,
  .F.,(2,2),(-590.,-560.),.PIECEWISE_BEZIER_KNOTS.);
#1925 = CARTESIAN_POINT('',(22.5,30.));
#1926 = CARTESIAN_POINT('',(22.5,0.));
#1927 = ( GEOMETRIC_REPRESENTATION_CONTEXT(2) 
PARAMETRIC_REPRESENTATION_CONTEXT() REPRESENTATION_CONTEXT('2D SPACE',''
  ) );
#1928 = ORIENTED_EDGE('',*,*,#1929,.T.);
#1929 = EDGE_CURVE('',#1904,#1725,#1930,.T.);
#1930 = SURFACE_CURVE('',#1931,(#1935,#1942),.PCURVE_S1.);
#1931 = LINE('',#1932,#1933);
#1932 = CARTESIAN_POINT('',(1.42E+03,220.,170.));
#1933 = VECTOR('',#1934,1.);
#1934 = DIRECTION('',(-0.,1.,0.));
#1935 = PCURVE('',#312,#1936);
#1936 = DEFINITIONAL_REPRESENTATION('',(#1937),#1941);
#1937 = LINE('',#1938,#1939);
#1938 = CARTESIAN_POINT('',(1.15E+03,0.));
#1939 = VECTOR('',#1940,1.);
#1940 = DIRECTION('',(0.,1.));
#1941 = ( GEOMETRIC_REPRESENTATION_CONTEXT(2) 
PARAMETRIC_REPRESENTATION_CONTEXT() REPRESENTATION_CONTEXT('2D SPACE',''
  ) );
#1942 = PCURVE('',#854,#1943);
#1943 = DEFINITIONAL_REPRESENTATION('',(#1944),#1948);
#1944 = LINE('',#1945,#1946);
#1945 = CARTESIAN_POINT('',(0.,-470.));
#1946 = VECTOR('',#1947,1.);
#1947 = DIRECTION('',(0.,-1.));
#1948 = ( GEOMETRIC_REPRESENTATION_CONTEXT(2) 
PARAMETRIC_REPRESENTATION_CONTEXT() REPRESENTATION_CONTEXT('2D SPACE',''
  ) );
#1949 = ORIENTED_EDGE('',*,*,#1724,.F.);
#1950 = ADVANCED_FACE('',(#1951),#284,.T.);
#1951 = FACE_BOUND('',#1952,.T.);
#1952 = EDGE_LOOP('',(#1953,#1976,#1997,#1998));
#1953 = ORIENTED_EDGE('',*,*,#1954,.F.);
#1954 = EDGE_CURVE('',#1955,#1775,#1957,.T.);
#1955 = VERTEX_POINT('',#1956);
#1956 = CARTESIAN_POINT('',(300.,235.,147.5));
#1957 = SURFACE_CURVE('',#1958,(#1962,#1969),.PCURVE_S1.);
#1958 = LINE('',#1959,#1960);
#1959 = CARTESIAN_POINT('',(300.,235.,147.5));
#1960 = VECTOR('',#1961,1.);
#1961 = DIRECTION('',(0.,0.,1.));
#1962 = PCURVE('',#284,#1963);
#1963 = DEFINITIONAL_REPRESENTATION('',(#1964),#1968);
#1964 = LINE('',#1965,#1966);
#1965 = CARTESIAN_POINT('',(0.,30.));
#1966 = VECTOR('',#1967,1.);
#1967 = DIRECTION('',(1.,0.));
#1968 = ( GEOMETRIC_REPRESENTATION_CONTEXT(2) 
PARAMETRIC_REPRESENTATION_CONTEXT() REPRESENTATION_CONTEXT('2D SPACE',''
  ) );
#1969 = PCURVE('',#640,#1970);
#1970 = DEFINITIONAL_REPRESENTATION('',(#1971),#1975);
#1971 = LINE('',#1972,#1973);
#1972 = CARTESIAN_POINT('',(0.,-470.));
#1973 = VECTOR('',#1974,1.);
#1974 = DIRECTION('',(1.,0.));
#1975 = ( GEOMETRIC_REPRESENTATION_CONTEXT(2) 
PARAMETRIC_REPRESENTATION_CONTEXT() REPRESENTATION_CONTEXT('2D SPACE',''
  ) );
#1976 = ORIENTED_EDGE('',*,*,#1977,.F.);
#1977 = EDGE_CURVE('',#241,#1955,#1978,.T.);
#1978 = SURFACE_CURVE('',#1979,(#1983,#1990),.PCURVE_S1.);
#1979 = LINE('',#1980,#1981);
#1980 = CARTESIAN_POINT('',(270.,235.,147.5));
#1981 = VECTOR('',#1982,1.);
#1982 = DIRECTION('',(1.,0.,-0.));
#1983 = PCURVE('',#284,#1984);
#1984 = DEFINITIONAL_REPRESENTATION('',(#1985),#1989);
#1985 = LINE('',#1986,#1987);
#1986 = CARTESIAN_POINT('',(0.,0.));
#1987 = VECTOR('',#1988,1.);
#1988 = DIRECTION('',(0.,1.));
#1989 = ( GEOMETRIC_REPRESENTATION_CONTEXT(2) 
PARAMETRIC_REPRESENTATION_CONTEXT() REPRESENTATION_CONTEXT('2D SPACE',''
  ) );
#1990 = PCURVE('',#256,#1991);
#1991 = DEFINITIONAL_REPRESENTATION('',(#1992),#1996);
#1992 = LINE('',#1993,#1994);
#1993 = CARTESIAN_POINT('',(0.,470.));
#1994 = VECTOR('',#1995,1.);
#1995 = DIRECTION('',(1.,0.));
#1996 = ( GEOMETRIC_REPRESENTATION_CONTEXT(2) 
PARAMETRIC_REPRESENTATION_CONTEXT() REPRESENTATION_CONTEXT('2D SPACE',''
  ) );
#1997 = ORIENTED_EDGE('',*,*,#268,.T.);
#1998 = ORIENTED_EDGE('',*,*,#1774,.F.);
#1999 = ADVANCED_FACE('',(#2000),#256,.F.);
#2000 = FACE_BOUND('',#2001,.F.);
#2001 = EDGE_LOOP('',(#2002,#2003,#2026,#2047));
#2002 = ORIENTED_EDGE('',*,*,#240,.F.);
#2003 = ORIENTED_EDGE('',*,*,#2004,.T.);
#2004 = EDGE_CURVE('',#213,#2005,#2007,.T.);
#2005 = VERTEX_POINT('',#2006);
#2006 = CARTESIAN_POINT('',(300.,-235.,147.5));
#2007 = SURFACE_CURVE('',#2008,(#2012,#2019),.PCURVE_S1.);
#2008 = LINE('',#2009,#2010);
#2009 = CARTESIAN_POINT('',(270.,-235.,147.5));
#2010 = VECTOR('',#2011,1.);
#2011 = DIRECTION('',(1.,0.,-0.));
#2012 = PCURVE('',#256,#2013);
#2013 = DEFINITIONAL_REPRESENTATION('',(#2014),#2018);
#2014 = LINE('',#2015,#2016);
#2015 = CARTESIAN_POINT('',(0.,0.));
#2016 = VECTOR('',#2017,1.);
#2017 = DIRECTION('',(1.,0.));
#2018 = ( GEOMETRIC_REPRESENTATION_CONTEXT(2) 
PARAMETRIC_REPRESENTATION_CONTEXT() REPRESENTATION_CONTEXT('2D SPACE',''
  ) );
#2019 = PCURVE('',#228,#2020);
#2020 = DEFINITIONAL_REPRESENTATION('',(#2021),#2025);
#2021 = LINE('',#2022,#2023);
#2022 = CARTESIAN_POINT('',(0.,0.));
#2023 = VECTOR('',#2024,1.);
#2024 = DIRECTION('',(0.,1.));
#2025 = ( GEOMETRIC_REPRESENTATION_CONTEXT(2) 
PARAMETRIC_REPRESENTATION_CONTEXT() REPRESENTATION_CONTEXT('2D SPACE',''
  ) );
#2026 = ORIENTED_EDGE('',*,*,#2027,.T.);
#2027 = EDGE_CURVE('',#2005,#1955,#2028,.T.);
#2028 = SURFACE_CURVE('',#2029,(#2033,#2040),.PCURVE_S1.);
#2029 = LINE('',#2030,#2031);
#2030 = CARTESIAN_POINT('',(300.,-235.,147.5));
#2031 = VECTOR('',#2032,1.);
#2032 = DIRECTION('',(-0.,1.,0.));
#2033 = PCURVE('',#256,#2034);
#2034 = DEFINITIONAL_REPRESENTATION('',(#2035),#2039);
#2035 = LINE('',#2036,#2037);
#2036 = CARTESIAN_POINT('',(30.,0.));
#2037 = VECTOR('',#2038,1.);
#2038 = DIRECTION('',(0.,1.));
#2039 = ( GEOMETRIC_REPRESENTATION_CONTEXT(2) 
PARAMETRIC_REPRESENTATION_CONTEXT() REPRESENTATION_CONTEXT('2D SPACE',''
  ) );
#2040 = PCURVE('',#640,#2041);
#2041 = DEFINITIONAL_REPRESENTATION('',(#2042),#2046);
#2042 = LINE('',#2043,#2044);
#2043 = CARTESIAN_POINT('',(0.,0.));
#2044 = VECTOR('',#2045,1.);
#2045 = DIRECTION('',(0.,-1.));
#2046 = ( GEOMETRIC_REPRESENTATION_CONTEXT(2) 
PARAMETRIC_REPRESENTATION_CONTEXT() REPRESENTATION_CONTEXT('2D SPACE',''
  ) );
#2047 = ORIENTED_EDGE('',*,*,#1977,.F.);
#2048 = ADVANCED_FACE('',(#2049),#228,.F.);
#2049 = FACE_BOUND('',#2050,.F.);
#2050 = EDGE_LOOP('',(#2051,#2074,#2075,#2076));
#2051 = ORIENTED_EDGE('',*,*,#2052,.F.);
#2052 = EDGE_CURVE('',#2005,#2053,#2055,.T.);
#2053 = VERTEX_POINT('',#2054);
#2054 = CARTESIAN_POINT('',(300.,-235.,170.));
#2055 = SURFACE_CURVE('',#2056,(#2060,#2067),.PCURVE_S1.);
#2056 = LINE('',#2057,#2058);
#2057 = CARTESIAN_POINT('',(300.,-235.,147.5));
#2058 = VECTOR('',#2059,1.);
#2059 = DIRECTION('',(0.,0.,1.));
#2060 = PCURVE('',#228,#2061);
#2061 = DEFINITIONAL_REPRESENTATION('',(#2062),#2066);
#2062 = LINE('',#2063,#2064);
#2063 = CARTESIAN_POINT('',(0.,30.));
#2064 = VECTOR('',#2065,1.);
#2065 = DIRECTION('',(1.,0.));
#2066 = ( GEOMETRIC_REPRESENTATION_CONTEXT(2) 
PARAMETRIC_REPRESENTATION_CONTEXT() REPRESENTATION_CONTEXT('2D SPACE',''
  ) );
#2067 = PCURVE('',#640,#2068);
#2068 = DEFINITIONAL_REPRESENTATION('',(#2069),#2073);
#2069 = LINE('',#2070,#2071);
#2070 = CARTESIAN_POINT('',(0.,0.));
#2071 = VECTOR('',#2072,1.);
#2072 = DIRECTION('',(1.,0.));
#2073 = ( GEOMETRIC_REPRESENTATION_CONTEXT(2) 
PARAMETRIC_REPRESENTATION_CONTEXT() REPRESENTATION_CONTEXT('2D SPACE',''
  ) );
#2074 = ORIENTED_EDGE('',*,*,#2004,.F.);
#2075 = ORIENTED_EDGE('',*,*,#212,.T.);
#2076 = ORIENTED_EDGE('',*,*,#2077,.F.);
#2077 = EDGE_CURVE('',#2053,#185,#2078,.T.);
#2078 = SURFACE_CURVE('',#2079,(#2083,#2089),.PCURVE_S1.);
#2079 = LINE('',#2080,#2081);
#2080 = CARTESIAN_POINT('',(270.,-235.,170.));
#2081 = VECTOR('',#2082,1.);
#2082 = DIRECTION('',(-1.,-0.,0.));
#2083 = PCURVE('',#228,#2084);
#2084 = DEFINITIONAL_REPRESENTATION('',(#2085),#2088);
#2085 = B_SPLINE_CURVE_WITH_KNOTS('',1,(#2086,#2087),.UNSPECIFIED.,.F.,
  .F.,(2,2),(-30.,0.),.PIECEWISE_BEZIER_KNOTS.);
#2086 = CARTESIAN_POINT('',(22.5,30.));
#2087 = CARTESIAN_POINT('',(22.5,0.));
#2088 = ( GEOMETRIC_REPRESENTATION_CONTEXT(2) 
PARAMETRIC_REPRESENTATION_CONTEXT() REPRESENTATION_CONTEXT('2D SPACE',''
  ) );
#2089 = PCURVE('',#200,#2090);
#2090 = DEFINITIONAL_REPRESENTATION('',(#2091),#2094);
#2091 = B_SPLINE_CURVE_WITH_KNOTS('',1,(#2092,#2093),.UNSPECIFIED.,.F.,
  .F.,(2,2),(-30.,0.),.PIECEWISE_BEZIER_KNOTS.);
#2092 = CARTESIAN_POINT('',(30.,15.));
#2093 = CARTESIAN_POINT('',(0.,15.));
#2094 = ( GEOMETRIC_REPRESENTATION_CONTEXT(2) 
PARAMETRIC_REPRESENTATION_CONTEXT() REPRESENTATION_CONTEXT('2D SPACE',''
  ) );
#2095 = ADVANCED_FACE('',(#2096),#200,.F.);
#2096 = FACE_BOUND('',#2097,.F.);
#2097 = EDGE_LOOP('',(#2098,#2099,#2122,#2145,#2171,#2190,#2191,#2212,
    #2238,#2257,#2258,#2277));
#2098 = ORIENTED_EDGE('',*,*,#184,.F.);
#2099 = ORIENTED_EDGE('',*,*,#2100,.T.);
#2100 = EDGE_CURVE('',#162,#2101,#2103,.T.);
#2101 = VERTEX_POINT('',#2102);
#2102 = CARTESIAN_POINT('',(1.42E+03,-250.,170.));
#2103 = SURFACE_CURVE('',#2104,(#2108,#2115),.PCURVE_S1.);
#2104 = LINE('',#2105,#2106);
#2105 = CARTESIAN_POINT('',(270.,-250.,170.));
#2106 = VECTOR('',#2107,1.);
#2107 = DIRECTION('',(1.,0.,-0.));
#2108 = PCURVE('',#200,#2109);
#2109 = DEFINITIONAL_REPRESENTATION('',(#2110),#2114);
#2110 = LINE('',#2111,#2112);
#2111 = CARTESIAN_POINT('',(0.,0.));
#2112 = VECTOR('',#2113,1.);
#2113 = DIRECTION('',(1.,0.));
#2114 = ( GEOMETRIC_REPRESENTATION_CONTEXT(2) 
PARAMETRIC_REPRESENTATION_CONTEXT() REPRESENTATION_CONTEXT('2D SPACE',''
  ) );
#2115 = PCURVE('',#100,#2116);
#2116 = DEFINITIONAL_REPRESENTATION('',(#2117),#2121);
#2117 = LINE('',#2118,#2119);
#2118 = CARTESIAN_POINT('',(0.,0.));
#2119 = VECTOR('',#2120,1.);
#2120 = DIRECTION('',(0.,1.));
#2121 = ( GEOMETRIC_REPRESENTATION_CONTEXT(2) 
PARAMETRIC_REPRESENTATION_CONTEXT() REPRESENTATION_CONTEXT('2D SPACE',''
  ) );
#2122 = ORIENTED_EDGE('',*,*,#2123,.T.);
#2123 = EDGE_CURVE('',#2101,#2124,#2126,.T.);
#2124 = VERTEX_POINT('',#2125);
#2125 = CARTESIAN_POINT('',(1.42E+03,-235.,170.));
#2126 = SURFACE_CURVE('',#2127,(#2131,#2138),.PCURVE_S1.);
#2127 = LINE('',#2128,#2129);
#2128 = CARTESIAN_POINT('',(1.42E+03,-250.,170.));
#2129 = VECTOR('',#2130,1.);
#2130 = DIRECTION('',(-0.,1.,0.));
#2131 = PCURVE('',#200,#2132);
#2132 = DEFINITIONAL_REPRESENTATION('',(#2133),#2137);
#2133 = LINE('',#2134,#2135);
#2134 = CARTESIAN_POINT('',(1.15E+03,0.));
#2135 = VECTOR('',#2136,1.);
#2136 = DIRECTION('',(0.,1.));
#2137 = ( GEOMETRIC_REPRESENTATION_CONTEXT(2) 
PARAMETRIC_REPRESENTATION_CONTEXT() REPRESENTATION_CONTEXT('2D SPACE',''
  ) );
#2138 = PCURVE('',#854,#2139);
#2139 = DEFINITIONAL_REPRESENTATION('',(#2140),#2144);
#2140 = LINE('',#2141,#2142);
#2141 = CARTESIAN_POINT('',(0.,0.));
#2142 = VECTOR('',#2143,1.);
#2143 = DIRECTION('',(0.,-1.));
#2144 = ( GEOMETRIC_REPRESENTATION_CONTEXT(2) 
PARAMETRIC_REPRESENTATION_CONTEXT() REPRESENTATION_CONTEXT('2D SPACE',''
  ) );
#2145 = ORIENTED_EDGE('',*,*,#2146,.T.);
#2146 = EDGE_CURVE('',#2124,#2147,#2149,.T.);
#2147 = VERTEX_POINT('',#2148);
#2148 = CARTESIAN_POINT('',(1.39E+03,-235.,170.));
#2149 = SURFACE_CURVE('',#2150,(#2154,#2160),.PCURVE_S1.);
#2150 = LINE('',#2151,#2152);
#2151 = CARTESIAN_POINT('',(830.,-235.,170.));
#2152 = VECTOR('',#2153,1.);
#2153 = DIRECTION('',(-1.,-0.,0.));
#2154 = PCURVE('',#200,#2155);
#2155 = DEFINITIONAL_REPRESENTATION('',(#2156),#2159);
#2156 = B_SPLINE_CURVE_WITH_KNOTS('',1,(#2157,#2158),.UNSPECIFIED.,.F.,
  .F.,(2,2),(-590.,-560.),.PIECEWISE_BEZIER_KNOTS.);
#2157 = CARTESIAN_POINT('',(1.15E+03,15.));
#2158 = CARTESIAN_POINT('',(1.12E+03,15.));
#2159 = ( GEOMETRIC_REPRESENTATION_CONTEXT(2) 
PARAMETRIC_REPRESENTATION_CONTEXT() REPRESENTATION_CONTEXT('2D SPACE',''
  ) );
#2160 = PCURVE('',#2161,#2166);
#2161 = PLANE('',#2162);
#2162 = AXIS2_PLACEMENT_3D('',#2163,#2164,#2165);
#2163 = CARTESIAN_POINT('',(1.39E+03,-235.,147.5));
#2164 = DIRECTION('',(-0.,1.,0.));
#2165 = DIRECTION('',(0.,0.,1.));
#2166 = DEFINITIONAL_REPRESENTATION('',(#2167),#2170);
#2167 = B_SPLINE_CURVE_WITH_KNOTS('',1,(#2168,#2169),.UNSPECIFIED.,.F.,
  .F.,(2,2),(-590.,-560.),.PIECEWISE_BEZIER_KNOTS.);
#2168 = CARTESIAN_POINT('',(22.5,30.));
#2169 = CARTESIAN_POINT('',(22.5,0.));
#2170 = ( GEOMETRIC_REPRESENTATION_CONTEXT(2) 
PARAMETRIC_REPRESENTATION_CONTEXT() REPRESENTATION_CONTEXT('2D SPACE',''
  ) );
#2171 = ORIENTED_EDGE('',*,*,#2172,.T.);
#2172 = EDGE_CURVE('',#2147,#972,#2173,.T.);
#2173 = SURFACE_CURVE('',#2174,(#2178,#2184),.PCURVE_S1.);
#2174 = LINE('',#2175,#2176);
#2175 = CARTESIAN_POINT('',(1.39E+03,-242.5,170.));
#2176 = VECTOR('',#2177,1.);
#2177 = DIRECTION('',(-0.,1.,0.));
#2178 = PCURVE('',#200,#2179);
#2179 = DEFINITIONAL_REPRESENTATION('',(#2180),#2183);
#2180 = B_SPLINE_CURVE_WITH_KNOTS('',1,(#2181,#2182),.UNSPECIFIED.,.F.,
  .F.,(2,2),(7.5,22.5),.PIECEWISE_BEZIER_KNOTS.);
#2181 = CARTESIAN_POINT('',(1.12E+03,15.));
#2182 = CARTESIAN_POINT('',(1.12E+03,30.));
#2183 = ( GEOMETRIC_REPRESENTATION_CONTEXT(2) 
PARAMETRIC_REPRESENTATION_CONTEXT() REPRESENTATION_CONTEXT('2D SPACE',''
  ) );
#2184 = PCURVE('',#986,#2185);
#2185 = DEFINITIONAL_REPRESENTATION('',(#2186),#2189);
#2186 = B_SPLINE_CURVE_WITH_KNOTS('',1,(#2187,#2188),.UNSPECIFIED.,.F.,
  .F.,(2,2),(7.5,22.5),.PIECEWISE_BEZIER_KNOTS.);
#2187 = CARTESIAN_POINT('',(22.5,0.));
#2188 = CARTESIAN_POINT('',(22.5,-15.));
#2189 = ( GEOMETRIC_REPRESENTATION_CONTEXT(2) 
PARAMETRIC_REPRESENTATION_CONTEXT() REPRESENTATION_CONTEXT('2D SPACE',''
  ) );
#2190 = ORIENTED_EDGE('',*,*,#997,.F.);
#2191 = ORIENTED_EDGE('',*,*,#2192,.F.);
#2192 = EDGE_CURVE('',#2193,#998,#2195,.T.);
#2193 = VERTEX_POINT('',#2194);
#2194 = CARTESIAN_POINT('',(860.,-235.,170.));
#2195 = SURFACE_CURVE('',#2196,(#2200,#2206),.PCURVE_S1.);
#2196 = LINE('',#2197,#2198);
#2197 = CARTESIAN_POINT('',(860.,-242.5,170.));
#2198 = VECTOR('',#2199,1.);
#2199 = DIRECTION('',(-0.,1.,0.));
#2200 = PCURVE('',#200,#2201);
#2201 = DEFINITIONAL_REPRESENTATION('',(#2202),#2205);
#2202 = B_SPLINE_CURVE_WITH_KNOTS('',1,(#2203,#2204),.UNSPECIFIED.,.F.,
  .F.,(2,2),(7.5,22.5),.PIECEWISE_BEZIER_KNOTS.);
#2203 = CARTESIAN_POINT('',(590.,15.));
#2204 = CARTESIAN_POINT('',(590.,30.));
#2205 = ( GEOMETRIC_REPRESENTATION_CONTEXT(2) 
PARAMETRIC_REPRESENTATION_CONTEXT() REPRESENTATION_CONTEXT('2D SPACE',''
  ) );
#2206 = PCURVE('',#1035,#2207);
#2207 = DEFINITIONAL_REPRESENTATION('',(#2208),#2211);
#2208 = B_SPLINE_CURVE_WITH_KNOTS('',1,(#2209,#2210),.UNSPECIFIED.,.F.,
  .F.,(2,2),(7.5,22.5),.PIECEWISE_BEZIER_KNOTS.);
#2209 = CARTESIAN_POINT('',(22.5,0.));
#2210 = CARTESIAN_POINT('',(22.5,-15.));
#2211 = ( GEOMETRIC_REPRESENTATION_CONTEXT(2) 
PARAMETRIC_REPRESENTATION_CONTEXT() REPRESENTATION_CONTEXT('2D SPACE',''
  ) );
#2212 = ORIENTED_EDGE('',*,*,#2213,.T.);
#2213 = EDGE_CURVE('',#2193,#2214,#2216,.T.);
#2214 = VERTEX_POINT('',#2215);
#2215 = CARTESIAN_POINT('',(830.,-235.,170.));
#2216 = SURFACE_CURVE('',#2217,(#2221,#2227),.PCURVE_S1.);
#2217 = LINE('',#2218,#2219);
#2218 = CARTESIAN_POINT('',(550.,-235.,170.));
#2219 = VECTOR('',#2220,1.);
#2220 = DIRECTION('',(-1.,-0.,0.));
#2221 = PCURVE('',#200,#2222);
#2222 = DEFINITIONAL_REPRESENTATION('',(#2223),#2226);
#2223 = B_SPLINE_CURVE_WITH_KNOTS('',1,(#2224,#2225),.UNSPECIFIED.,.F.,
  .F.,(2,2),(-310.,-280.),.PIECEWISE_BEZIER_KNOTS.);
#2224 = CARTESIAN_POINT('',(590.,15.));
#2225 = CARTESIAN_POINT('',(560.,15.));
#2226 = ( GEOMETRIC_REPRESENTATION_CONTEXT(2) 
PARAMETRIC_REPRESENTATION_CONTEXT() REPRESENTATION_CONTEXT('2D SPACE',''
  ) );
#2227 = PCURVE('',#2228,#2233);
#2228 = PLANE('',#2229);
#2229 = AXIS2_PLACEMENT_3D('',#2230,#2231,#2232);
#2230 = CARTESIAN_POINT('',(830.,-235.,147.5));
#2231 = DIRECTION('',(-0.,1.,0.));
#2232 = DIRECTION('',(0.,0.,1.));
#2233 = DEFINITIONAL_REPRESENTATION('',(#2234),#2237);
#2234 = B_SPLINE_CURVE_WITH_KNOTS('',1,(#2235,#2236),.UNSPECIFIED.,.F.,
  .F.,(2,2),(-310.,-280.),.PIECEWISE_BEZIER_KNOTS.);
#2235 = CARTESIAN_POINT('',(22.5,30.));
#2236 = CARTESIAN_POINT('',(22.5,0.));
#2237 = ( GEOMETRIC_REPRESENTATION_CONTEXT(2) 
PARAMETRIC_REPRESENTATION_CONTEXT() REPRESENTATION_CONTEXT('2D SPACE',''
  ) );
#2238 = ORIENTED_EDGE('',*,*,#2239,.T.);
#2239 = EDGE_CURVE('',#2214,#603,#2240,.T.);
#2240 = SURFACE_CURVE('',#2241,(#2245,#2251),.PCURVE_S1.);
#2241 = LINE('',#2242,#2243);
#2242 = CARTESIAN_POINT('',(830.,-242.5,170.));
#2243 = VECTOR('',#2244,1.);
#2244 = DIRECTION('',(-0.,1.,0.));
#2245 = PCURVE('',#200,#2246);
#2246 = DEFINITIONAL_REPRESENTATION('',(#2247),#2250);
#2247 = B_SPLINE_CURVE_WITH_KNOTS('',1,(#2248,#2249),.UNSPECIFIED.,.F.,
  .F.,(2,2),(7.5,22.5),.PIECEWISE_BEZIER_KNOTS.);
#2248 = CARTESIAN_POINT('',(560.,15.));
#2249 = CARTESIAN_POINT('',(560.,30.));
#2250 = ( GEOMETRIC_REPRESENTATION_CONTEXT(2) 
PARAMETRIC_REPRESENTATION_CONTEXT() REPRESENTATION_CONTEXT('2D SPACE',''
  ) );
#2251 = PCURVE('',#1085,#2252);
#2252 = DEFINITIONAL_REPRESENTATION('',(#2253),#2256);
#2253 = B_SPLINE_CURVE_WITH_KNOTS('',1,(#2254,#2255),.UNSPECIFIED.,.F.,
  .F.,(2,2),(7.5,22.5),.PIECEWISE_BEZIER_KNOTS.);
#2254 = CARTESIAN_POINT('',(22.5,0.));
#2255 = CARTESIAN_POINT('',(22.5,-15.));
#2256 = ( GEOMETRIC_REPRESENTATION_CONTEXT(2) 
PARAMETRIC_REPRESENTATION_CONTEXT() REPRESENTATION_CONTEXT('2D SPACE',''
  ) );
#2257 = ORIENTED_EDGE('',*,*,#600,.F.);
#2258 = ORIENTED_EDGE('',*,*,#2259,.F.);
#2259 = EDGE_CURVE('',#2053,#601,#2260,.T.);
#2260 = SURFACE_CURVE('',#2261,(#2265,#2271),.PCURVE_S1.);
#2261 = LINE('',#2262,#2263);
#2262 = CARTESIAN_POINT('',(300.,-242.5,170.));
#2263 = VECTOR('',#2264,1.);
#2264 = DIRECTION('',(-0.,1.,0.));
#2265 = PCURVE('',#200,#2266);
#2266 = DEFINITIONAL_REPRESENTATION('',(#2267),#2270);
#2267 = B_SPLINE_CURVE_WITH_KNOTS('',1,(#2268,#2269),.UNSPECIFIED.,.F.,
  .F.,(2,2),(7.5,22.5),.PIECEWISE_BEZIER_KNOTS.);
#2268 = CARTESIAN_POINT('',(30.,15.));
#2269 = CARTESIAN_POINT('',(30.,30.));
#2270 = ( GEOMETRIC_REPRESENTATION_CONTEXT(2) 
PARAMETRIC_REPRESENTATION_CONTEXT() REPRESENTATION_CONTEXT('2D SPACE',''
  ) );
#2271 = PCURVE('',#640,#2272);
#2272 = DEFINITIONAL_REPRESENTATION('',(#2273),#2276);
#2273 = B_SPLINE_CURVE_WITH_KNOTS('',1,(#2274,#2275),.UNSPECIFIED.,.F.,
  .F.,(2,2),(7.5,22.5),.PIECEWISE_BEZIER_KNOTS.);
#2274 = CARTESIAN_POINT('',(22.5,0.));
#2275 = CARTESIAN_POINT('',(22.5,-15.));
#2276 = ( GEOMETRIC_REPRESENTATION_CONTEXT(2) 
PARAMETRIC_REPRESENTATION_CONTEXT() REPRESENTATION_CONTEXT('2D SPACE',''
  ) );
#2277 = ORIENTED_EDGE('',*,*,#2077,.T.);
#2278 = ADVANCED_FACE('',(#2279),#100,.F.);
#2279 = FACE_BOUND('',#2280,.F.);
#2280 = EDGE_LOOP('',(#2281,#2304,#2305,#2306,#2327,#2353,#2372,#2373));
#2281 = ORIENTED_EDGE('',*,*,#2282,.F.);
#2282 = EDGE_CURVE('',#2101,#2283,#2285,.T.);
#2283 = VERTEX_POINT('',#2284);
#2284 = CARTESIAN_POINT('',(1.42E+03,-250.,230.));
#2285 = SURFACE_CURVE('',#2286,(#2290,#2297),.PCURVE_S1.);
#2286 = LINE('',#2287,#2288);
#2287 = CARTESIAN_POINT('',(1.42E+03,-250.,170.));
#2288 = VECTOR('',#2289,1.);
#2289 = DIRECTION('',(0.,0.,1.));
#2290 = PCURVE('',#100,#2291);
#2291 = DEFINITIONAL_REPRESENTATION('',(#2292),#2296);
#2292 = LINE('',#2293,#2294);
#2293 = CARTESIAN_POINT('',(0.,1.15E+03));
#2294 = VECTOR('',#2295,1.);
#2295 = DIRECTION('',(1.,0.));
#2296 = ( GEOMETRIC_REPRESENTATION_CONTEXT(2) 
PARAMETRIC_REPRESENTATION_CONTEXT() REPRESENTATION_CONTEXT('2D SPACE',''
  ) );
#2297 = PCURVE('',#854,#2298);
#2298 = DEFINITIONAL_REPRESENTATION('',(#2299),#2303);
#2299 = LINE('',#2300,#2301);
#2300 = CARTESIAN_POINT('',(0.,0.));
#2301 = VECTOR('',#2302,1.);
#2302 = DIRECTION('',(1.,0.));
#2303 = ( GEOMETRIC_REPRESENTATION_CONTEXT(2) 
PARAMETRIC_REPRESENTATION_CONTEXT() REPRESENTATION_CONTEXT('2D SPACE',''
  ) );
#2304 = ORIENTED_EDGE('',*,*,#2100,.F.);
#2305 = ORIENTED_EDGE('',*,*,#161,.T.);
#2306 = ORIENTED_EDGE('',*,*,#2307,.F.);
#2307 = EDGE_CURVE('',#2308,#113,#2310,.T.);
#2308 = VERTEX_POINT('',#2309);
#2309 = CARTESIAN_POINT('',(429.66675236748,-250.,190.11236805646));
#2310 = SURFACE_CURVE('',#2311,(#2315,#2321),.PCURVE_S1.);
#2311 = LINE('',#2312,#2313);
#2312 = CARTESIAN_POINT('',(429.66675236748,-250.,190.11236805646));
#2313 = VECTOR('',#2314,1.);
#2314 = DIRECTION('',(-0.997683692682,0.,6.802388813738E-02));
#2315 = PCURVE('',#100,#2316);
#2316 = DEFINITIONAL_REPRESENTATION('',(#2317),#2320);
#2317 = B_SPLINE_CURVE_WITH_KNOTS('',1,(#2318,#2319),.UNSPECIFIED.,.F.,
  .F.,(2,2),(-2.399999993532E-06,220.51077311199),
  .PIECEWISE_BEZIER_KNOTS.);
#2318 = CARTESIAN_POINT('',(20.112367893212,159.66675476192));
#2319 = CARTESIAN_POINT('',(35.112368219726,-60.33325002695));
#2320 = ( GEOMETRIC_REPRESENTATION_CONTEXT(2) 
PARAMETRIC_REPRESENTATION_CONTEXT() REPRESENTATION_CONTEXT('2D SPACE',''
  ) );
#2321 = PCURVE('',#129,#2322);
#2322 = DEFINITIONAL_REPRESENTATION('',(#2323),#2326);
#2323 = B_SPLINE_CURVE_WITH_KNOTS('',1,(#2324,#2325),.UNSPECIFIED.,.F.,
  .F.,(2,2),(-2.399999993532E-06,220.51077311199),
  .PIECEWISE_BEZIER_KNOTS.);
#2324 = CARTESIAN_POINT('',(5.487582353695,-2.400000005134E-06));
#2325 = CARTESIAN_POINT('',(5.487582353695,220.51077311199));
#2326 = ( GEOMETRIC_REPRESENTATION_CONTEXT(2) 
PARAMETRIC_REPRESENTATION_CONTEXT() REPRESENTATION_CONTEXT('2D SPACE',''
  ) );
#2327 = ORIENTED_EDGE('',*,*,#2328,.T.);
#2328 = EDGE_CURVE('',#2308,#2329,#2331,.T.);
#2329 = VERTEX_POINT('',#2330);
#2330 = CARTESIAN_POINT('',(430.33324763251,-250.,199.88763194353));
#2331 = SURFACE_CURVE('',#2332,(#2336,#2342),.PCURVE_S1.);
#2332 = LINE('',#2333,#2334);
#2333 = CARTESIAN_POINT('',(428.78149100257,-250.,177.12853470437));
#2334 = VECTOR('',#2335,1.);
#2335 = DIRECTION('',(6.802388813738E-02,0.,0.997683692682));
#2336 = PCURVE('',#100,#2337);
#2337 = DEFINITIONAL_REPRESENTATION('',(#2338),#2341);
#2338 = B_SPLINE_CURVE_WITH_KNOTS('',1,(#2339,#2340),.UNSPECIFIED.,.F.,
  .F.,(2,2),(10.912957209509,24.912957209509),.PIECEWISE_BEZIER_KNOTS.);
#2339 = CARTESIAN_POINT('',(18.016214151229,159.52383278303));
#2340 = CARTESIAN_POINT('',(31.983785848771,160.47616721696));
#2341 = ( GEOMETRIC_REPRESENTATION_CONTEXT(2) 
PARAMETRIC_REPRESENTATION_CONTEXT() REPRESENTATION_CONTEXT('2D SPACE',''
  ) );
#2342 = PCURVE('',#2343,#2348);
#2343 = PLANE('',#2344);
#2344 = AXIS2_PLACEMENT_3D('',#2345,#2346,#2347);
#2345 = CARTESIAN_POINT('',(430.,-255.,195.));
#2346 = DIRECTION('',(-0.997683692682,0.,6.802388813738E-02));
#2347 = DIRECTION('',(-6.802388813738E-02,0.,-0.997683692682));
#2348 = DEFINITIONAL_REPRESENTATION('',(#2349),#2352);
#2349 = B_SPLINE_CURVE_WITH_KNOTS('',1,(#2350,#2351),.UNSPECIFIED.,.F.,
  .F.,(2,2),(10.912957209509,24.912957209509),.PIECEWISE_BEZIER_KNOTS.);
#2350 = CARTESIAN_POINT('',(7.,-5.));
#2351 = CARTESIAN_POINT('',(-7.,-5.));
#2352 = ( GEOMETRIC_REPRESENTATION_CONTEXT(2) 
PARAMETRIC_REPRESENTATION_CONTEXT() REPRESENTATION_CONTEXT('2D SPACE',''
  ) );
#2353 = ORIENTED_EDGE('',*,*,#2354,.T.);
#2354 = EDGE_CURVE('',#2329,#85,#2355,.T.);
#2355 = SURFACE_CURVE('',#2356,(#2360,#2366),.PCURVE_S1.);
#2356 = LINE('',#2357,#2358);
#2357 = CARTESIAN_POINT('',(430.33324763251,-250.,199.88763194353));
#2358 = VECTOR('',#2359,1.);
#2359 = DIRECTION('',(-0.997683692682,0.,6.802388813738E-02));
#2360 = PCURVE('',#100,#2361);
#2361 = DEFINITIONAL_REPRESENTATION('',(#2362),#2365);
#2362 = B_SPLINE_CURVE_WITH_KNOTS('',1,(#2363,#2364),.UNSPECIFIED.,.F.,
  .F.,(2,2),(-2.399999993532E-06,220.51077311199),
  .PIECEWISE_BEZIER_KNOTS.);
#2363 = CARTESIAN_POINT('',(29.887631780274,160.33325002695));
#2364 = CARTESIAN_POINT('',(44.887632106788,-59.66675476192));
#2365 = ( GEOMETRIC_REPRESENTATION_CONTEXT(2) 
PARAMETRIC_REPRESENTATION_CONTEXT() REPRESENTATION_CONTEXT('2D SPACE',''
  ) );
#2366 = PCURVE('',#129,#2367);
#2367 = DEFINITIONAL_REPRESENTATION('',(#2368),#2371);
#2368 = B_SPLINE_CURVE_WITH_KNOTS('',1,(#2369,#2370),.UNSPECIFIED.,.F.,
  .F.,(2,2),(-2.399999993532E-06,220.51077311199),
  .PIECEWISE_BEZIER_KNOTS.);
#2369 = CARTESIAN_POINT('',(3.937195607074,-2.39999998193E-06));
#2370 = CARTESIAN_POINT('',(3.937195607074,220.51077311199));
#2371 = ( GEOMETRIC_REPRESENTATION_CONTEXT(2) 
PARAMETRIC_REPRESENTATION_CONTEXT() REPRESENTATION_CONTEXT('2D SPACE',''
  ) );
#2372 = ORIENTED_EDGE('',*,*,#84,.T.);
#2373 = ORIENTED_EDGE('',*,*,#2374,.T.);
#2374 = EDGE_CURVE('',#57,#2283,#2375,.T.);
#2375 = SURFACE_CURVE('',#2376,(#2380,#2387),.PCURVE_S1.);
#2376 = LINE('',#2377,#2378);
#2377 = CARTESIAN_POINT('',(270.,-250.,230.));
#2378 = VECTOR('',#2379,1.);
#2379 = DIRECTION('',(1.,0.,-0.));
#2380 = PCURVE('',#100,#2381);
#2381 = DEFINITIONAL_REPRESENTATION('',(#2382),#2386);
#2382 = LINE('',#2383,#2384);
#2383 = CARTESIAN_POINT('',(60.,0.));
#2384 = VECTOR('',#2385,1.);
#2385 = DIRECTION('',(0.,1.));
#2386 = ( GEOMETRIC_REPRESENTATION_CONTEXT(2) 
PARAMETRIC_REPRESENTATION_CONTEXT() REPRESENTATION_CONTEXT('2D SPACE',''
  ) );
#2387 = PCURVE('',#72,#2388);
#2388 = DEFINITIONAL_REPRESENTATION('',(#2389),#2393);
#2389 = LINE('',#2390,#2391);
#2390 = CARTESIAN_POINT('',(0.,0.));
#2391 = VECTOR('',#2392,1.);
#2392 = DIRECTION('',(1.,0.));
#2393 = ( GEOMETRIC_REPRESENTATION_CONTEXT(2) 
PARAMETRIC_REPRESENTATION_CONTEXT() REPRESENTATION_CONTEXT('2D SPACE',''
  ) );
#2394 = ADVANCED_FACE('',(#2395),#129,.T.);
#2395 = FACE_BOUND('',#2396,.T.);
#2396 = EDGE_LOOP('',(#2397,#2422,#2449,#2450,#2472,#2473,#2474,#2475));
#2397 = ORIENTED_EDGE('',*,*,#2398,.T.);
#2398 = EDGE_CURVE('',#2399,#2401,#2403,.T.);
#2399 = VERTEX_POINT('',#2400);
#2400 = CARTESIAN_POINT('',(429.52383278303,-255.,188.01621415122));
#2401 = VERTEX_POINT('',#2402);
#2402 = CARTESIAN_POINT('',(209.52383278303,-255.,203.01621415122));
#2403 = SEAM_CURVE('',#2404,(#2408,#2415),.PCURVE_S1.);
#2404 = LINE('',#2405,#2406);
#2405 = CARTESIAN_POINT('',(429.52383278303,-255.,188.01621415122));
#2406 = VECTOR('',#2407,1.);
#2407 = DIRECTION('',(-0.997683692682,3.08148791102E-33,
    6.802388813738E-02));
#2408 = PCURVE('',#129,#2409);
#2409 = DEFINITIONAL_REPRESENTATION('',(#2410),#2414);
#2410 = LINE('',#2411,#2412);
#2411 = CARTESIAN_POINT('',(6.28318530718,-0.));
#2412 = VECTOR('',#2413,1.);
#2413 = DIRECTION('',(0.,1.));
#2414 = ( GEOMETRIC_REPRESENTATION_CONTEXT(2) 
PARAMETRIC_REPRESENTATION_CONTEXT() REPRESENTATION_CONTEXT('2D SPACE',''
  ) );
#2415 = PCURVE('',#129,#2416);
#2416 = DEFINITIONAL_REPRESENTATION('',(#2417),#2421);
#2417 = LINE('',#2418,#2419);
#2418 = CARTESIAN_POINT('',(0.,-0.));
#2419 = VECTOR('',#2420,1.);
#2420 = DIRECTION('',(0.,1.));
#2421 = ( GEOMETRIC_REPRESENTATION_CONTEXT(2) 
PARAMETRIC_REPRESENTATION_CONTEXT() REPRESENTATION_CONTEXT('2D SPACE',''
  ) );
#2422 = ORIENTED_EDGE('',*,*,#2423,.F.);
#2423 = EDGE_CURVE('',#2401,#2401,#2424,.T.);
#2424 = SURFACE_CURVE('',#2425,(#2430,#2437),.PCURVE_S1.);
#2425 = CIRCLE('',#2426,7.);
#2426 = AXIS2_PLACEMENT_3D('',#2427,#2428,#2429);
#2427 = CARTESIAN_POINT('',(210.,-255.,210.));
#2428 = DIRECTION('',(-0.997683692682,0.,6.802388813738E-02));
#2429 = DIRECTION('',(-6.802388813738E-02,0.,-0.997683692682));
#2430 = PCURVE('',#129,#2431);
#2431 = DEFINITIONAL_REPRESENTATION('',(#2432),#2436);
#2432 = LINE('',#2433,#2434);
#2433 = CARTESIAN_POINT('',(0.,220.51077071199));
#2434 = VECTOR('',#2435,1.);
#2435 = DIRECTION('',(1.,0.));
#2436 = ( GEOMETRIC_REPRESENTATION_CONTEXT(2) 
PARAMETRIC_REPRESENTATION_CONTEXT() REPRESENTATION_CONTEXT('2D SPACE',''
  ) );
#2437 = PCURVE('',#2438,#2443);
#2438 = PLANE('',#2439);
#2439 = AXIS2_PLACEMENT_3D('',#2440,#2441,#2442);
#2440 = CARTESIAN_POINT('',(210.,-255.,210.));
#2441 = DIRECTION('',(-0.997683692682,0.,6.802388813738E-02));
#2442 = DIRECTION('',(-6.802388813738E-02,0.,-0.997683692682));
#2443 = DEFINITIONAL_REPRESENTATION('',(#2444),#2448);
#2444 = CIRCLE('',#2445,7.);
#2445 = AXIS2_PLACEMENT_2D('',#2446,#2447);
#2446 = CARTESIAN_POINT('',(0.,0.));
#2447 = DIRECTION('',(1.,0.));
#2448 = ( GEOMETRIC_REPRESENTATION_CONTEXT(2) 
PARAMETRIC_REPRESENTATION_CONTEXT() REPRESENTATION_CONTEXT('2D SPACE',''
  ) );
#2449 = ORIENTED_EDGE('',*,*,#2398,.F.);
#2450 = ORIENTED_EDGE('',*,*,#2451,.T.);
#2451 = EDGE_CURVE('',#2399,#2329,#2452,.T.);
#2452 = SURFACE_CURVE('',#2453,(#2458,#2465),.PCURVE_S1.);
#2453 = CIRCLE('',#2454,7.);
#2454 = AXIS2_PLACEMENT_3D('',#2455,#2456,#2457);
#2455 = CARTESIAN_POINT('',(430.,-255.,195.));
#2456 = DIRECTION('',(-0.997683692682,0.,6.802388813738E-02));
#2457 = DIRECTION('',(-6.802388813738E-02,0.,-0.997683692682));
#2458 = PCURVE('',#129,#2459);
#2459 = DEFINITIONAL_REPRESENTATION('',(#2460),#2464);
#2460 = LINE('',#2461,#2462);
#2461 = CARTESIAN_POINT('',(0.,0.));
#2462 = VECTOR('',#2463,1.);
#2463 = DIRECTION('',(1.,0.));
#2464 = ( GEOMETRIC_REPRESENTATION_CONTEXT(2) 
PARAMETRIC_REPRESENTATION_CONTEXT() REPRESENTATION_CONTEXT('2D SPACE',''
  ) );
#2465 = PCURVE('',#2343,#2466);
#2466 = DEFINITIONAL_REPRESENTATION('',(#2467),#2471);
#2467 = CIRCLE('',#2468,7.);
#2468 = AXIS2_PLACEMENT_2D('',#2469,#2470);
#2469 = CARTESIAN_POINT('',(0.,0.));
#2470 = DIRECTION('',(1.,0.));
#2471 = ( GEOMETRIC_REPRESENTATION_CONTEXT(2) 
PARAMETRIC_REPRESENTATION_CONTEXT() REPRESENTATION_CONTEXT('2D SPACE',''
  ) );
#2472 = ORIENTED_EDGE('',*,*,#2354,.T.);
#2473 = ORIENTED_EDGE('',*,*,#112,.F.);
#2474 = ORIENTED_EDGE('',*,*,#2307,.F.);
#2475 = ORIENTED_EDGE('',*,*,#2476,.T.);
#2476 = EDGE_CURVE('',#2308,#2399,#2477,.T.);
#2477 = SURFACE_CURVE('',#2478,(#2483,#2490),.PCURVE_S1.);
#2478 = CIRCLE('',#2479,7.);
#2479 = AXIS2_PLACEMENT_3D('',#2480,#2481,#2482);
#2480 = CARTESIAN_POINT('',(430.,-255.,195.));
#2481 = DIRECTION('',(-0.997683692682,0.,6.802388813738E-02));
#2482 = DIRECTION('',(-6.802388813738E-02,0.,-0.997683692682));
#2483 = PCURVE('',#129,#2484);
#2484 = DEFINITIONAL_REPRESENTATION('',(#2485),#2489);
#2485 = LINE('',#2486,#2487);
#2486 = CARTESIAN_POINT('',(0.,0.));
#2487 = VECTOR('',#2488,1.);
#2488 = DIRECTION('',(1.,0.));
#2489 = ( GEOMETRIC_REPRESENTATION_CONTEXT(2) 
PARAMETRIC_REPRESENTATION_CONTEXT() REPRESENTATION_CONTEXT('2D SPACE',''
  ) );
#2490 = PCURVE('',#2343,#2491);
#2491 = DEFINITIONAL_REPRESENTATION('',(#2492),#2496);
#2492 = CIRCLE('',#2493,7.);
#2493 = AXIS2_PLACEMENT_2D('',#2494,#2495);
#2494 = CARTESIAN_POINT('',(0.,0.));
#2495 = DIRECTION('',(1.,0.));
#2496 = ( GEOMETRIC_REPRESENTATION_CONTEXT(2) 
PARAMETRIC_REPRESENTATION_CONTEXT() REPRESENTATION_CONTEXT('2D SPACE',''
  ) );
#2497 = ADVANCED_FACE('',(#2498),#72,.T.);
#2498 = FACE_BOUND('',#2499,.T.);
#2499 = EDGE_LOOP('',(#2500,#2501,#2502,#2503,#2524,#2525));
#2500 = ORIENTED_EDGE('',*,*,#671,.F.);
#2501 = ORIENTED_EDGE('',*,*,#56,.F.);
#2502 = ORIENTED_EDGE('',*,*,#2374,.T.);
#2503 = ORIENTED_EDGE('',*,*,#2504,.T.);
#2504 = EDGE_CURVE('',#2283,#816,#2505,.T.);
#2505 = SURFACE_CURVE('',#2506,(#2510,#2517),.PCURVE_S1.);
#2506 = LINE('',#2507,#2508);
#2507 = CARTESIAN_POINT('',(1.42E+03,-250.,230.));
#2508 = VECTOR('',#2509,1.);
#2509 = DIRECTION('',(-0.,1.,0.));
#2510 = PCURVE('',#72,#2511);
#2511 = DEFINITIONAL_REPRESENTATION('',(#2512),#2516);
#2512 = LINE('',#2513,#2514);
#2513 = CARTESIAN_POINT('',(1.15E+03,0.));
#2514 = VECTOR('',#2515,1.);
#2515 = DIRECTION('',(0.,1.));
#2516 = ( GEOMETRIC_REPRESENTATION_CONTEXT(2) 
PARAMETRIC_REPRESENTATION_CONTEXT() REPRESENTATION_CONTEXT('2D SPACE',''
  ) );
#2517 = PCURVE('',#854,#2518);
#2518 = DEFINITIONAL_REPRESENTATION('',(#2519),#2523);
#2519 = LINE('',#2520,#2521);
#2520 = CARTESIAN_POINT('',(60.,0.));
#2521 = VECTOR('',#2522,1.);
#2522 = DIRECTION('',(0.,-1.));
#2523 = ( GEOMETRIC_REPRESENTATION_CONTEXT(2) 
PARAMETRIC_REPRESENTATION_CONTEXT() REPRESENTATION_CONTEXT('2D SPACE',''
  ) );
#2524 = ORIENTED_EDGE('',*,*,#815,.F.);
#2525 = ORIENTED_EDGE('',*,*,#2526,.F.);
#2526 = EDGE_CURVE('',#672,#758,#2527,.T.);
#2527 = SURFACE_CURVE('',#2528,(#2533,#2540),.PCURVE_S1.);
#2528 = ELLIPSE('',#2529,116.93246913271,9.);
#2529 = AXIS2_PLACEMENT_3D('',#2530,#2531,#2532);
#2530 = CARTESIAN_POINT('',(328.37837837837,-190.4054054054,230.));
#2531 = DIRECTION('',(0.,0.,1.));
#2532 = DIRECTION('',(-0.938876315887,0.344254649158,0.));
#2533 = PCURVE('',#72,#2534);
#2534 = DEFINITIONAL_REPRESENTATION('',(#2535),#2539);
#2535 = ELLIPSE('',#2536,116.93246913271,9.);
#2536 = AXIS2_PLACEMENT_2D('',#2537,#2538);
#2537 = CARTESIAN_POINT('',(58.378378378378,59.594594594595));
#2538 = DIRECTION('',(-0.938876315887,0.344254649158));
#2539 = ( GEOMETRIC_REPRESENTATION_CONTEXT(2) 
PARAMETRIC_REPRESENTATION_CONTEXT() REPRESENTATION_CONTEXT('2D SPACE',''
  ) );
#2540 = PCURVE('',#711,#2541);
#2541 = DEFINITIONAL_REPRESENTATION('',(#2542),#2557);
#2542 = B_SPLINE_CURVE_WITH_KNOTS('',7,(#2543,#2544,#2545,#2546,#2547,
    #2548,#2549,#2550,#2551,#2552,#2553,#2554,#2555,#2556),
  .UNSPECIFIED.,.F.,.F.,(8,6,8),(2.066967759825,2.934685349417,
    3.802402939009),.UNSPECIFIED.);
#2543 = CARTESIAN_POINT('',(0.49617143303,74.422973935539));
#2544 = CARTESIAN_POINT('',(0.620131088686,61.713795255517));
#2545 = CARTESIAN_POINT('',(0.744090744342,49.999601639214));
#2546 = CARTESIAN_POINT('',(0.868050399998,39.599356535324));
#2547 = CARTESIAN_POINT('',(0.992010055654,30.794608789354));
#2548 = CARTESIAN_POINT('',(1.11596971131,23.809310730825));
#2549 = CARTESIAN_POINT('',(1.239929366966,18.794942264833));
#2550 = CARTESIAN_POINT('',(1.487848678278,12.857110022281));
#2551 = CARTESIAN_POINT('',(1.611808333934,11.933646471671));
#2552 = CARTESIAN_POINT('',(1.735767989591,13.130137436387));
#2553 = CARTESIAN_POINT('',(1.859727645244,16.444136197204));
#2554 = CARTESIAN_POINT('',(1.983687300902,21.791349851708));
#2555 = CARTESIAN_POINT('',(2.107646956558,29.011238423278));
#2556 = CARTESIAN_POINT('',(2.231606612214,37.881196600784));
#2557 = ( GEOMETRIC_REPRESENTATION_CONTEXT(2) 
PARAMETRIC_REPRESENTATION_CONTEXT() REPRESENTATION_CONTEXT('2D SPACE',''
  ) );
#2558 = ADVANCED_FACE('',(#2559),#455,.T.);
#2559 = FACE_BOUND('',#2560,.T.);
#2560 = EDGE_LOOP('',(#2561,#2584,#2585,#2607,#2608,#2609,#2642,#2677,
    #2706,#2739,#3032));
#2561 = ORIENTED_EDGE('',*,*,#2562,.F.);
#2562 = EDGE_CURVE('',#437,#2563,#2565,.T.);
#2563 = VERTEX_POINT('',#2564);
#2564 = CARTESIAN_POINT('',(20.,69.330819210721,244.5169987218));
#2565 = SEAM_CURVE('',#2566,(#2570,#2577),.PCURVE_S1.);
#2566 = LINE('',#2567,#2568);
#2567 = CARTESIAN_POINT('',(275.73595010399,225.61389982982,200.));
#2568 = VECTOR('',#2569,1.);
#2569 = DIRECTION('',(-0.844022043133,-0.515791248582,0.146922355657));
#2570 = PCURVE('',#455,#2571);
#2571 = DEFINITIONAL_REPRESENTATION('',(#2572),#2576);
#2572 = LINE('',#2573,#2574);
#2573 = CARTESIAN_POINT('',(0.,-0.));
#2574 = VECTOR('',#2575,1.);
#2575 = DIRECTION('',(0.,1.));
#2576 = ( GEOMETRIC_REPRESENTATION_CONTEXT(2) 
PARAMETRIC_REPRESENTATION_CONTEXT() REPRESENTATION_CONTEXT('2D SPACE',''
  ) );
#2577 = PCURVE('',#455,#2578);
#2578 = DEFINITIONAL_REPRESENTATION('',(#2579),#2583);
#2579 = LINE('',#2580,#2581);
#2580 = CARTESIAN_POINT('',(6.28318530718,-0.));
#2581 = VECTOR('',#2582,1.);
#2582 = DIRECTION('',(0.,1.));
#2583 = ( GEOMETRIC_REPRESENTATION_CONTEXT(2) 
PARAMETRIC_REPRESENTATION_CONTEXT() REPRESENTATION_CONTEXT('2D SPACE',''
  ) );
#2584 = ORIENTED_EDGE('',*,*,#473,.F.);
#2585 = ORIENTED_EDGE('',*,*,#2586,.T.);
#2586 = EDGE_CURVE('',#474,#439,#2587,.T.);
#2587 = SURFACE_CURVE('',#2588,(#2593,#2600),.PCURVE_S1.);
#2588 = CIRCLE('',#2589,11.);
#2589 = AXIS2_PLACEMENT_3D('',#2590,#2591,#2592);
#2590 = CARTESIAN_POINT('',(270.,235.,200.));
#2591 = DIRECTION('',(-0.844022043133,-0.515791248582,0.146922355657));
#2592 = DIRECTION('',(0.521450009454,-0.853281833652,-4.163336342344E-17
    ));
#2593 = PCURVE('',#455,#2594);
#2594 = DEFINITIONAL_REPRESENTATION('',(#2595),#2599);
#2595 = LINE('',#2596,#2597);
#2596 = CARTESIAN_POINT('',(0.,0.));
#2597 = VECTOR('',#2598,1.);
#2598 = DIRECTION('',(1.,0.));
#2599 = ( GEOMETRIC_REPRESENTATION_CONTEXT(2) 
PARAMETRIC_REPRESENTATION_CONTEXT() REPRESENTATION_CONTEXT('2D SPACE',''
  ) );
#2600 = PCURVE('',#516,#2601);
#2601 = DEFINITIONAL_REPRESENTATION('',(#2602),#2606);
#2602 = CIRCLE('',#2603,11.);
#2603 = AXIS2_PLACEMENT_2D('',#2604,#2605);
#2604 = CARTESIAN_POINT('',(0.,0.));
#2605 = DIRECTION('',(1.,0.));
#2606 = ( GEOMETRIC_REPRESENTATION_CONTEXT(2) 
PARAMETRIC_REPRESENTATION_CONTEXT() REPRESENTATION_CONTEXT('2D SPACE',''
  ) );
#2607 = ORIENTED_EDGE('',*,*,#436,.F.);
#2608 = ORIENTED_EDGE('',*,*,#2562,.T.);
#2609 = ORIENTED_EDGE('',*,*,#2610,.T.);
#2610 = EDGE_CURVE('',#2563,#2611,#2613,.T.);
#2611 = VERTEX_POINT('',#2612);
#2612 = CARTESIAN_POINT('',(20.,73.,236.46236671956));
#2613 = SURFACE_CURVE('',#2614,(#2619,#2630),.PCURVE_S1.);
#2614 = ELLIPSE('',#2615,13.032834970948,11.);
#2615 = AXIS2_PLACEMENT_3D('',#2616,#2617,#2618);
#2616 = CARTESIAN_POINT('',(20.,82.222222222222,243.51851851851));
#2617 = DIRECTION('',(1.,0.,0.));
#2618 = DIRECTION('',(0.,-0.961743592255,0.273951205066));
#2619 = PCURVE('',#455,#2620);
#2620 = DEFINITIONAL_REPRESENTATION('',(#2621),#2629);
#2621 = B_SPLINE_CURVE_WITH_KNOTS('',6,(#2622,#2623,#2624,#2625,#2626,
    #2627,#2628),.UNSPECIFIED.,.F.,.F.,(7,7),(0.235940556006,
    1.07409623146),.PIECEWISE_BEZIER_KNOTS.);
#2622 = CARTESIAN_POINT('',(6.28318530718,302.99676671309));
#2623 = CARTESIAN_POINT('',(6.143492694604,302.76852620876));
#2624 = CARTESIAN_POINT('',(6.003800082028,302.38114691862));
#2625 = CARTESIAN_POINT('',(5.864107469452,301.84263625357));
#2626 = CARTESIAN_POINT('',(5.724414856877,301.17036077737));
#2627 = CARTESIAN_POINT('',(5.584722244301,300.38994754564));
#2628 = CARTESIAN_POINT('',(5.445029631725,299.5315373949));
#2629 = ( GEOMETRIC_REPRESENTATION_CONTEXT(2) 
PARAMETRIC_REPRESENTATION_CONTEXT() REPRESENTATION_CONTEXT('2D SPACE',''
  ) );
#2630 = PCURVE('',#2631,#2636);
#2631 = PLANE('',#2632);
#2632 = AXIS2_PLACEMENT_3D('',#2633,#2634,#2635);
#2633 = CARTESIAN_POINT('',(20.,67.,227.));
#2634 = DIRECTION('',(1.,0.,-0.));
#2635 = DIRECTION('',(0.,0.,1.));
#2636 = DEFINITIONAL_REPRESENTATION('',(#2637),#2641);
#2637 = ELLIPSE('',#2638,13.032834970948,11.);
#2638 = AXIS2_PLACEMENT_2D('',#2639,#2640);
#2639 = CARTESIAN_POINT('',(16.518518518519,-15.22222222222));
#2640 = DIRECTION('',(0.273951205066,0.961743592255));
#2641 = ( GEOMETRIC_REPRESENTATION_CONTEXT(2) 
PARAMETRIC_REPRESENTATION_CONTEXT() REPRESENTATION_CONTEXT('2D SPACE',''
  ) );
#2642 = ORIENTED_EDGE('',*,*,#2643,.T.);
#2643 = EDGE_CURVE('',#2611,#2644,#2646,.T.);
#2644 = VERTEX_POINT('',#2645);
#2645 = CARTESIAN_POINT('',(-3.567720691963,73.,237.03649815255));
#2646 = SURFACE_CURVE('',#2647,(#2652,#2665),.PCURVE_S1.);
#2647 = ELLIPSE('',#2648,21.326457225188,11.);
#2648 = AXIS2_PLACEMENT_3D('',#2649,#2650,#2651);
#2649 = CARTESIAN_POINT('',(4.909090909091,73.,246.14545454545));
#2650 = DIRECTION('',(-0.,1.,0.));
#2651 = DIRECTION('',(-0.985184962359,-0.,0.171495160114));
#2652 = PCURVE('',#455,#2653);
#2653 = DEFINITIONAL_REPRESENTATION('',(#2654),#2664);
#2654 = B_SPLINE_CURVE_WITH_KNOTS('',8,(#2655,#2656,#2657,#2658,#2659,
    #2660,#2661,#2662,#2663),.UNSPECIFIED.,.F.,.F.,(9,9),(3.491473159319
    ,5.036368030361),.PIECEWISE_BEZIER_KNOTS.);
#2655 = CARTESIAN_POINT('',(5.843759026901,296.91682434426));
#2656 = CARTESIAN_POINT('',(5.650647168021,298.12626952437));
#2657 = CARTESIAN_POINT('',(5.457535309132,300.06722755878));
#2658 = CARTESIAN_POINT('',(5.26442345029,302.67096248781));
#2659 = CARTESIAN_POINT('',(5.071311591331,305.81058259308));
#2660 = CARTESIAN_POINT('',(4.878199732513,309.30907623679));
#2661 = CARTESIAN_POINT('',(4.685087873611,312.95950995042));
#2662 = CARTESIAN_POINT('',(4.491976014739,316.55213033255));
#2663 = CARTESIAN_POINT('',(4.298864155859,319.89686077782));
#2664 = ( GEOMETRIC_REPRESENTATION_CONTEXT(2) 
PARAMETRIC_REPRESENTATION_CONTEXT() REPRESENTATION_CONTEXT('2D SPACE',''
  ) );
#2665 = PCURVE('',#2666,#2671);
#2666 = PLANE('',#2667);
#2667 = AXIS2_PLACEMENT_3D('',#2668,#2669,#2670);
#2668 = CARTESIAN_POINT('',(-20.,73.,227.));
#2669 = DIRECTION('',(-0.,1.,0.));
#2670 = DIRECTION('',(0.,0.,1.));
#2671 = DEFINITIONAL_REPRESENTATION('',(#2672),#2676);
#2672 = ELLIPSE('',#2673,21.326457225188,11.);
#2673 = AXIS2_PLACEMENT_2D('',#2674,#2675);
#2674 = CARTESIAN_POINT('',(19.145454545455,24.909090909091));
#2675 = DIRECTION('',(0.171495160114,-0.985184962359));
#2676 = ( GEOMETRIC_REPRESENTATION_CONTEXT(2) 
PARAMETRIC_REPRESENTATION_CONTEXT() REPRESENTATION_CONTEXT('2D SPACE',''
  ) );
#2677 = ORIENTED_EDGE('',*,*,#2678,.F.);
#2678 = EDGE_CURVE('',#2679,#2644,#2681,.T.);
#2679 = VERTEX_POINT('',#2680);
#2680 = CARTESIAN_POINT('',(-2.526170775923,76.546706581397,
    255.47107396662));
#2681 = SURFACE_CURVE('',#2682,(#2687,#2694),.PCURVE_S1.);
#2682 = CIRCLE('',#2683,11.);
#2683 = AXIS2_PLACEMENT_3D('',#2684,#2685,#2686);
#2684 = CARTESIAN_POINT('',(0.,70.,247.));
#2685 = DIRECTION('',(-0.844022043133,-0.515791248582,0.146922355657));
#2686 = DIRECTION('',(0.521450009454,-0.853281833652,-4.163336342344E-17
    ));
#2687 = PCURVE('',#455,#2688);
#2688 = DEFINITIONAL_REPRESENTATION('',(#2689),#2693);
#2689 = LINE('',#2690,#2691);
#2690 = CARTESIAN_POINT('',(0.,319.89685837782));
#2691 = VECTOR('',#2692,1.);
#2692 = DIRECTION('',(1.,0.));
#2693 = ( GEOMETRIC_REPRESENTATION_CONTEXT(2) 
PARAMETRIC_REPRESENTATION_CONTEXT() REPRESENTATION_CONTEXT('2D SPACE',''
  ) );
#2694 = PCURVE('',#2695,#2700);
#2695 = PLANE('',#2696);
#2696 = AXIS2_PLACEMENT_3D('',#2697,#2698,#2699);
#2697 = CARTESIAN_POINT('',(0.,70.,247.));
#2698 = DIRECTION('',(-0.844022043133,-0.515791248582,0.146922355657));
#2699 = DIRECTION('',(0.521450009454,-0.853281833652,-2.775557561563E-17
    ));
#2700 = DEFINITIONAL_REPRESENTATION('',(#2701),#2705);
#2701 = CIRCLE('',#2702,11.);
#2702 = AXIS2_PLACEMENT_2D('',#2703,#2704);
#2703 = CARTESIAN_POINT('',(0.,0.));
#2704 = DIRECTION('',(1.,0.));
#2705 = ( GEOMETRIC_REPRESENTATION_CONTEXT(2) 
PARAMETRIC_REPRESENTATION_CONTEXT() REPRESENTATION_CONTEXT('2D SPACE',''
  ) );
#2706 = ORIENTED_EDGE('',*,*,#2707,.T.);
#2707 = EDGE_CURVE('',#2679,#2708,#2710,.T.);
#2708 = VERTEX_POINT('',#2709);
#2709 = CARTESIAN_POINT('',(-3.137822061009,77.886673860469,
    254.00760160873));
#2710 = SURFACE_CURVE('',#2711,(#2716,#2727),.PCURVE_S1.);
#2711 = ELLIPSE('',#2712,11.242538720072,11.);
#2712 = AXIS2_PLACEMENT_3D('',#2713,#2714,#2715);
#2713 = CARTESIAN_POINT('',(-0.663946193109,69.594255104211,
    247.1155758188));
#2714 = DIRECTION('',(-0.936091235149,-0.343233452888,7.696750155669E-02
    ));
#2715 = DIRECTION('',(0.347902199899,-0.871091212881,0.34664702241));
#2716 = PCURVE('',#455,#2717);
#2717 = DEFINITIONAL_REPRESENTATION('',(#2718),#2726);
#2718 = B_SPLINE_CURVE_WITH_KNOTS('',6,(#2719,#2720,#2721,#2722,#2723,
    #2724,#2725),.UNSPECIFIED.,.F.,.F.,(7,7),(1.916314519604,
    2.577321563175),.PIECEWISE_BEZIER_KNOTS.);
#2719 = CARTESIAN_POINT('',(2.249245254882,319.89686077782));
#2720 = CARTESIAN_POINT('',(2.359413095477,319.65610259404));
#2721 = CARTESIAN_POINT('',(2.469580936072,319.42680146872));
#2722 = CARTESIAN_POINT('',(2.579748776667,319.21421626546));
#2723 = CARTESIAN_POINT('',(2.689916617262,319.02319272845));
#2724 = CARTESIAN_POINT('',(2.800084457857,318.85776406121));
#2725 = CARTESIAN_POINT('',(2.910252298452,318.7209190434));
#2726 = ( GEOMETRIC_REPRESENTATION_CONTEXT(2) 
PARAMETRIC_REPRESENTATION_CONTEXT() REPRESENTATION_CONTEXT('2D SPACE',''
  ) );
#2727 = PCURVE('',#2728,#2733);
#2728 = PLANE('',#2729);
#2729 = AXIS2_PLACEMENT_3D('',#2730,#2731,#2732);
#2730 = CARTESIAN_POINT('',(0.,70.,257.));
#2731 = DIRECTION('',(-0.936091235149,-0.343233452888,7.696750155669E-02
    ));
#2732 = DIRECTION('',(0.344254649158,-0.938876315887,-3.469446951954E-18
    ));
#2733 = DEFINITIONAL_REPRESENTATION('',(#2734),#2738);
#2734 = ELLIPSE('',#2735,11.242538720072,11.);
#2735 = AXIS2_PLACEMENT_2D('',#2736,#2737);
#2736 = CARTESIAN_POINT('',(0.152377709179,-9.913832553328));
#2737 = DIRECTION('',(0.937613858519,0.347678374814));
#2738 = ( GEOMETRIC_REPRESENTATION_CONTEXT(2) 
PARAMETRIC_REPRESENTATION_CONTEXT() REPRESENTATION_CONTEXT('2D SPACE',''
  ) );
#2739 = ORIENTED_EDGE('',*,*,#2740,.T.);
#2740 = EDGE_CURVE('',#2708,#2741,#2743,.T.);
#2741 = VERTEX_POINT('',#2742);
#2742 = CARTESIAN_POINT('',(20.,70.555266226611,249.15259423757));
#2743 = SURFACE_CURVE('',#2744,(#2838,#2935),.PCURVE_S1.);
#2744 = B_SPLINE_CURVE_WITH_KNOTS('',8,(#2745,#2746,#2747,#2748,#2749,
    #2750,#2751,#2752,#2753,#2754,#2755,#2756,#2757,#2758,#2759,#2760,
    #2761,#2762,#2763,#2764,#2765,#2766,#2767,#2768,#2769,#2770,#2771,
    #2772,#2773,#2774,#2775,#2776,#2777,#2778,#2779,#2780,#2781,#2782,
    #2783,#2784,#2785,#2786,#2787,#2788,#2789,#2790,#2791,#2792,#2793,
    #2794,#2795,#2796,#2797,#2798,#2799,#2800,#2801,#2802,#2803,#2804,
    #2805,#2806,#2807,#2808,#2809,#2810,#2811,#2812,#2813,#2814,#2815,
    #2816,#2817,#2818,#2819,#2820,#2821,#2822,#2823,#2824,#2825,#2826,
    #2827,#2828,#2829,#2830,#2831,#2832,#2833,#2834,#2835,#2836,#2837),
  .UNSPECIFIED.,.F.,.F.,(9,7,7,7,7,7,7,7,7,7,7,7,7,9),(0.,
    7.858114593141E-02,0.236755696783,0.414482284294,0.457340997569,
    0.478366261718,0.492520614978,0.500233299627,0.521147171288,
    0.542821257376,0.593894305514,0.755381939777,0.877208373069,1.),
  .UNSPECIFIED.);
#2745 = CARTESIAN_POINT('',(-3.137824277677,77.886672944832,
    254.0076015199));
#2746 = CARTESIAN_POINT('',(-1.824438613448,78.429647692657,
    254.06143599232));
#2747 = CARTESIAN_POINT('',(-0.509765748539,78.965031323,254.10532605432
    ));
#2748 = CARTESIAN_POINT('',(0.806844522142,79.493999035412,
    254.13892252771));
#2749 = CARTESIAN_POINT('',(2.125642995039,80.017492668402,
    254.16198440483));
#2750 = CARTESIAN_POINT('',(3.446491123594,80.536225839501,
    254.17437828701));
#2751 = CARTESIAN_POINT('',(4.768871083877,81.050689085326,
    254.17607782308));
#2752 = CARTESIAN_POINT('',(6.091895840228,81.561155001641,
    254.16716314784));
#2753 = CARTESIAN_POINT('',(10.076201017427,83.087265095204,
    254.10888549731));
#2754 = CARTESIAN_POINT('',(12.732090728451,84.089531814788,
    254.02775050949));
#2755 = CARTESIAN_POINT('',(15.388293704427,85.081347495106,
    253.90589134041));
#2756 = CARTESIAN_POINT('',(18.047507573427,86.066412983338,
    253.74498923038));
#2757 = CARTESIAN_POINT('',(20.709798639459,87.04618115748,
    253.54675190024));
#2758 = CARTESIAN_POINT('',(23.373151560029,88.020354178926,
    253.31281884938));
#2759 = CARTESIAN_POINT('',(26.033557979484,88.98704576942,
    253.04473047693));
#2760 = CARTESIAN_POINT('',(31.663359494128,91.016464917021,
    252.40597030503));
#2761 = CARTESIAN_POINT('',(34.548534306966,92.046817740367,
    252.0359917408));
#2762 = CARTESIAN_POINT('',(37.407054349403,93.057020314166,
    251.63154247324));
#2763 = CARTESIAN_POINT('',(40.29689824673,94.064819629248,
    251.18420628731));
#2764 = CARTESIAN_POINT('',(43.248594615978,95.075741714267,
    250.68399323177));
#2765 = CARTESIAN_POINT('',(46.251016712298,96.076253503651,
    250.1231107577));
#2766 = CARTESIAN_POINT('',(49.241830586249,97.028466328487,
    249.49901598033));
#2767 = CARTESIAN_POINT('',(52.776386525562,98.060548603801,
    248.65593285332));
#2768 = CARTESIAN_POINT('',(53.451534890686,98.253101875689,
    248.48970042159));
#2769 = CARTESIAN_POINT('',(54.12504277725,98.440187501568,
    248.31842464463));
#2770 = CARTESIAN_POINT('',(54.803367565724,98.622825186136,
    248.13982916491));
#2771 = CARTESIAN_POINT('',(55.489073779084,98.800417554046,
    247.95212003942));
#2772 = CARTESIAN_POINT('',(56.180613276113,98.970653731178,
    247.75408749037));
#2773 = CARTESIAN_POINT('',(56.872276695155,99.12944535247,
    247.54516873698));
#2774 = CARTESIAN_POINT('',(57.888905280051,99.340286163216,
    247.21769490106));
#2775 = CARTESIAN_POINT('',(58.216485923333,99.404530719724,
    247.10883593401));
#2776 = CARTESIAN_POINT('',(58.543484999002,99.464683925351,
    246.99662864137));
#2777 = CARTESIAN_POINT('',(58.87393588334,99.520840575162,
    246.87916922997));
#2778 = CARTESIAN_POINT('',(59.209249653733,99.572093759125,
    246.75501556969));
#2779 = CARTESIAN_POINT('',(59.548127061929,99.616506733128,
    246.62323792882));
#2780 = CARTESIAN_POINT('',(59.886611234886,99.651097901668,
    246.4834213543));
#2781 = CARTESIAN_POINT('',(60.441563552759,99.685801903979,
    246.23611859853));
#2782 = CARTESIAN_POINT('',(60.634714842071,99.691753585443,
    246.1451784788));
#2783 = CARTESIAN_POINT('',(60.823951949861,99.692675863584,
    246.05198148609));
#2784 = CARTESIAN_POINT('',(61.024570849401,99.687983416423,
    245.94842646863));
#2785 = CARTESIAN_POINT('',(61.240946508525,99.673523693017,
    245.82912897432));
#2786 = CARTESIAN_POINT('',(61.466532889618,99.641576913464,
    245.69142125074));
#2787 = CARTESIAN_POINT('',(61.683862949627,99.580856068903,
    245.53535224515));
#2788 = CARTESIAN_POINT('',(61.963003986275,99.419647236546,
    245.27014781399));
#2789 = CARTESIAN_POINT('',(62.042664556099,99.354424260939,
    245.17956279961));
#2790 = CARTESIAN_POINT('',(62.103992708267,99.28103875689,
    245.09192290145));
#2791 = CARTESIAN_POINT('',(62.147435753487,99.19968473421,
    245.00721762699));
#2792 = CARTESIAN_POINT('',(62.173425954437,99.11054945032,
    244.92543565107));
#2793 = CARTESIAN_POINT('',(62.182380525758,99.013813410246,
    244.84656481591));
#2794 = CARTESIAN_POINT('',(62.174701634062,98.909650366625,
    244.77059213108));
#2795 = CARTESIAN_POINT('',(62.085900243793,98.496090332439,
    244.49931590525));
#2796 = CARTESIAN_POINT('',(61.910752266902,98.183361669153,
    244.35040932934));
#2797 = CARTESIAN_POINT('',(61.692195955681,97.889321732028,
    244.23965159786));
#2798 = CARTESIAN_POINT('',(61.473387486786,97.630432521257,
    244.15685208243));
#2799 = CARTESIAN_POINT('',(61.274600735791,97.410217443133,
    244.09351857441));
#2800 = CARTESIAN_POINT('',(61.092592732272,97.216879984049,
    244.04218136691));
#2801 = CARTESIAN_POINT('',(60.898330085936,97.017544040426,
    243.99297050777));
#2802 = CARTESIAN_POINT('',(60.384492607,96.520182793935,243.88714031894
    ));
#2803 = CARTESIAN_POINT('',(60.114321604779,96.270801431393,
    243.84136792873));
#2804 = CARTESIAN_POINT('',(59.839858850032,96.026619340597,
    243.80246718376));
#2805 = CARTESIAN_POINT('',(59.563967362629,95.78826610929,
    243.76935452786));
#2806 = CARTESIAN_POINT('',(59.28795562962,95.555479544824,
    243.74108566448));
#2807 = CARTESIAN_POINT('',(59.011582059597,95.327091457487,
    243.71686726819));
#2808 = CARTESIAN_POINT('',(58.733107050318,95.10105964658,
    243.69607320975));
#2809 = CARTESIAN_POINT('',(57.780845070112,94.340787121347,
    243.63630253262));
#2810 = CARTESIAN_POINT('',(57.09204516797,93.81141067257,
    243.61147636528));
#2811 = CARTESIAN_POINT('',(56.395659184215,93.291230814961,
    243.60058307617));
#2812 = CARTESIAN_POINT('',(55.699430571841,92.782517164336,
    243.60096097712));
#2813 = CARTESIAN_POINT('',(55.00630373054,92.284966291171,
    243.6105647494));
#2814 = CARTESIAN_POINT('',(54.314687108286,91.795798281761,
    243.62802915794));
#2815 = CARTESIAN_POINT('',(53.618855689726,91.309978449585,
    243.65272213874));
#2816 = CARTESIAN_POINT('',(50.666561862884,89.273087539057,
    243.78617381537));
#2817 = CARTESIAN_POINT('',(48.336456866855,87.722864761848,
    243.95909415273));
#2818 = CARTESIAN_POINT('',(45.991363238702,86.199112467578,
    244.18652837111));
#2819 = CARTESIAN_POINT('',(43.663141443829,84.712115424714,
    244.45695612342));
#2820 = CARTESIAN_POINT('',(41.356514498479,83.259033162517,
    244.76417812944));
#2821 = CARTESIAN_POINT('',(39.058371018136,81.828635012967,
    245.10697652686));
#2822 = CARTESIAN_POINT('',(36.7449154221,80.405210927067,
    245.48877840315));
#2823 = CARTESIAN_POINT('',(32.609717686415,77.892509355778,
    246.23991564405));
#2824 = CARTESIAN_POINT('',(30.826829753793,76.819222975734,
    246.58563623753));
#2825 = CARTESIAN_POINT('',(29.041846148359,75.754928803539,
    246.95368690626));
#2826 = CARTESIAN_POINT('',(27.256161610016,74.701052564333,
    247.34386532981));
#2827 = CARTESIAN_POINT('',(25.470032791514,73.65870363066,
    247.75614101134));
#2828 = CARTESIAN_POINT('',(23.682573647542,72.628703333826,
    248.19064065803));
#2829 = CARTESIAN_POINT('',(21.891642010665,71.611579028921,
    248.6476426325));
#2830 = CARTESIAN_POINT('',(18.281347497053,69.595513975899,
    249.61132071896));
#2831 = CARTESIAN_POINT('',(16.459516869717,68.595466831676,
    250.11899011288));
#2832 = CARTESIAN_POINT('',(14.632091157654,67.611945600563,
    250.64907819907));
#2833 = CARTESIAN_POINT('',(12.800869776558,66.648434499059,
    251.19988969722));
#2834 = CARTESIAN_POINT('',(10.96563234998,65.70738709361,
    251.76953520231));
#2835 = CARTESIAN_POINT('',(9.124231896551,64.790211129112,
    252.35597921686));
#2836 = CARTESIAN_POINT('',(7.27261030621,63.897220467575,
    252.95710200772));
#2837 = CARTESIAN_POINT('',(5.40471168493,63.027584671841,
    253.57073177769));
#2838 = PCURVE('',#455,#2839);
#2839 = DEFINITIONAL_REPRESENTATION('',(#2840),#2934);
#2840 = B_SPLINE_CURVE_WITH_KNOTS('',8,(#2841,#2842,#2843,#2844,#2845,
    #2846,#2847,#2848,#2849,#2850,#2851,#2852,#2853,#2854,#2855,#2856,
    #2857,#2858,#2859,#2860,#2861,#2862,#2863,#2864,#2865,#2866,#2867,
    #2868,#2869,#2870,#2871,#2872,#2873,#2874,#2875,#2876,#2877,#2878,
    #2879,#2880,#2881,#2882,#2883,#2884,#2885,#2886,#2887,#2888,#2889,
    #2890,#2891,#2892,#2893,#2894,#2895,#2896,#2897,#2898,#2899,#2900,
    #2901,#2902,#2903,#2904,#2905,#2906,#2907,#2908,#2909,#2910,#2911,
    #2912,#2913,#2914,#2915,#2916,#2917,#2918,#2919,#2920,#2921,#2922,
    #2923,#2924,#2925,#2926,#2927,#2928,#2929,#2930,#2931,#2932,#2933),
  .UNSPECIFIED.,.F.,.F.,(9,7,7,7,7,7,7,7,7,7,7,7,7,9),(0.,
    7.858114593141E-02,0.236755696783,0.414482284294,0.457340997569,
    0.478366261718,0.492520614978,0.500233299627,0.521147171288,
    0.542821257376,0.593894305514,0.755381939777,0.877208373069,1.),
  .UNSPECIFIED.);
#2841 = CARTESIAN_POINT('',(2.434917366338,319.50694765592));
#2842 = CARTESIAN_POINT('',(2.403897741974,318.12626906855));
#2843 = CARTESIAN_POINT('',(2.373165277976,316.74695845282));
#2844 = CARTESIAN_POINT('',(2.342725713394,315.36780952782));
#2845 = CARTESIAN_POINT('',(2.312586121327,313.98808940987));
#2846 = CARTESIAN_POINT('',(2.282755007786,312.60752736984));
#2847 = CARTESIAN_POINT('',(2.253242410563,311.22630359053));
#2848 = CARTESIAN_POINT('',(2.224059998094,309.84503792391));
#2849 = CARTESIAN_POINT('',(2.137172015551,305.68648000745));
#2850 = CARTESIAN_POINT('',(2.080592562664,302.91596960098));
#2851 = CARTESIAN_POINT('',(2.025226758124,300.14460205392));
#2852 = CARTESIAN_POINT('',(1.970847343398,297.36843865593));
#2853 = CARTESIAN_POINT('',(1.917244917301,294.58692496558));
#2854 = CARTESIAN_POINT('',(1.86421896212,291.80215647801));
#2855 = CARTESIAN_POINT('',(1.811571285344,289.01871557864));
#2856 = CARTESIAN_POINT('',(1.700147662206,283.12643421662));
#2857 = CARTESIAN_POINT('',(1.643036825722,280.10547798485));
#2858 = CARTESIAN_POINT('',(1.585983073982,277.11234777234));
#2859 = CARTESIAN_POINT('',(1.527402735135,274.08771806846));
#2860 = CARTESIAN_POINT('',(1.466038570871,271.00150402335));
#2861 = CARTESIAN_POINT('',(1.401000229771,267.86893219182));
#2862 = CARTESIAN_POINT('',(1.331644898387,264.76178283862));
#2863 = CARTESIAN_POINT('',(1.239675034075,261.1223329487));
#2864 = CARTESIAN_POINT('',(1.22161520122,260.42875229317));
#2865 = CARTESIAN_POINT('',(1.203059925256,259.7386354215));
#2866 = CARTESIAN_POINT('',(1.183745515116,259.04567175967));
#2867 = CARTESIAN_POINT('',(1.163456961239,258.34774134441));
#2868 = CARTESIAN_POINT('',(1.142029583313,257.64716502625));
#2869 = CARTESIAN_POINT('',(1.119344886696,256.95078769016));
#2870 = CARTESIAN_POINT('',(1.083535010156,255.93586768241));
#2871 = CARTESIAN_POINT('',(1.071592319719,255.61025180268));
#2872 = CARTESIAN_POINT('',(1.059235581849,255.28674511794));
#2873 = CARTESIAN_POINT('',(1.046241519125,254.96161476545));
#2874 = CARTESIAN_POINT('',(1.032429064534,254.63392565989));
#2875 = CARTESIAN_POINT('',(1.017661464661,254.30563675272));
#2876 = CARTESIAN_POINT('',(1.001841972584,253.98156464699));
#2877 = CARTESIAN_POINT('',(0.973499784809,253.4589383337));
#2878 = CARTESIAN_POINT('',(0.962968072409,253.27948342603));
#2879 = CARTESIAN_POINT('',(0.95211195525,253.10559471098));
#2880 = CARTESIAN_POINT('',(0.939980837011,252.92347371357));
#2881 = CARTESIAN_POINT('',(0.925869563085,252.73077861757));
#2882 = CARTESIAN_POINT('',(0.909318420572,252.53662426547));
#2883 = CARTESIAN_POINT('',(0.890113138286,252.36158215847));
#2884 = CARTESIAN_POINT('',(0.856390707095,252.17016661557));
#2885 = CARTESIAN_POINT('',(0.844676994839,252.12326381499));
#2886 = CARTESIAN_POINT('',(0.833140151593,252.09647684317));
#2887 = CARTESIAN_POINT('',(0.821776796809,252.08932654986));
#2888 = CARTESIAN_POINT('',(0.81058376778,252.10134984617));
#2889 = CARTESIAN_POINT('',(0.799558119638,252.13209970459));
#2890 = CARTESIAN_POINT('',(0.788697125353,252.18114515895));
#2891 = CARTESIAN_POINT('',(0.748987058754,252.42954959406));
#2892 = CARTESIAN_POINT('',(0.725276933568,252.71680335016));
#2893 = CARTESIAN_POINT('',(0.706175281413,253.03666013401));
#2894 = CARTESIAN_POINT('',(0.690941370613,253.34270699435));
#2895 = CARTESIAN_POINT('',(0.67874422723,253.61476729603));
#2896 = CARTESIAN_POINT('',(0.668489677343,253.86056524896));
#2897 = CARTESIAN_POINT('',(0.658314854251,254.12011276453));
#2898 = CARTESIAN_POINT('',(0.634711800651,254.79478868102));
#2899 = CARTESIAN_POINT('',(0.623644218449,255.14472269928));
#2900 = CARTESIAN_POINT('',(0.613422637813,255.49660691071));
#2901 = CARTESIAN_POINT('',(0.603945534539,255.84754092896));
#2902 = CARTESIAN_POINT('',(0.595105785134,256.19641686052));
#2903 = CARTESIAN_POINT('',(0.58679007566,256.54392459866));
#2904 = CARTESIAN_POINT('',(0.578880400164,256.89249376287));
#2905 = CARTESIAN_POINT('',(0.553295315662,258.07958413137));
#2906 = CARTESIAN_POINT('',(0.537163639017,258.93034665258));
#2907 = CARTESIAN_POINT('',(0.522638585963,259.78481552394));
#2908 = CARTESIAN_POINT('',(0.509501357781,260.63489339097));
#2909 = CARTESIAN_POINT('',(0.49753643756,261.47795111867));
#2910 = CARTESIAN_POINT('',(0.486534252774,262.31656528363));
#2911 = CARTESIAN_POINT('',(0.476298452711,263.15807190793));
#2912 = CARTESIAN_POINT('',(0.436175068075,266.72009051626));
#2913 = CARTESIAN_POINT('',(0.412296017864,269.51174770086));
#2914 = CARTESIAN_POINT('',(0.394007493353,272.31041168575));
#2915 = CARTESIAN_POINT('',(0.380486297021,275.0821941457));
#2916 = CARTESIAN_POINT('',(0.371077866421,277.82366302801));
#2917 = CARTESIAN_POINT('',(0.365380882769,280.55149837929));
#2918 = CARTESIAN_POINT('',(0.363294550876,283.29439081574));
#2919 = CARTESIAN_POINT('',(0.366415426866,288.190977191));
#2920 = CARTESIAN_POINT('',(0.36994204302,290.30015971261));
#2921 = CARTESIAN_POINT('',(0.375664893207,292.40975371341));
#2922 = CARTESIAN_POINT('',(0.383607253491,294.51781690024));
#2923 = CARTESIAN_POINT('',(0.393803299266,296.6235559672));
#2924 = CARTESIAN_POINT('',(0.406299722176,298.72731373668));
#2925 = CARTESIAN_POINT('',(0.421159730888,300.83066713776));
#2926 = CARTESIAN_POINT('',(0.45591628009,305.05928985493));
#2927 = CARTESIAN_POINT('',(0.475874505195,307.18735861161));
#2928 = CARTESIAN_POINT('',(0.498369440876,309.3149196291));
#2929 = CARTESIAN_POINT('',(0.523399876745,311.43840795732));
#2930 = CARTESIAN_POINT('',(0.550944670592,313.55646647538));
#2931 = CARTESIAN_POINT('',(0.580972840818,315.66988212059));
#2932 = CARTESIAN_POINT('',(0.613455232592,317.78160670292));
#2933 = CARTESIAN_POINT('',(0.648375847384,319.89686077782));
#2934 = ( GEOMETRIC_REPRESENTATION_CONTEXT(2) 
PARAMETRIC_REPRESENTATION_CONTEXT() REPRESENTATION_CONTEXT('2D SPACE',''
  ) );
#2935 = PCURVE('',#1232,#2936);
#2936 = DEFINITIONAL_REPRESENTATION('',(#2937),#3031);
#2937 = B_SPLINE_CURVE_WITH_KNOTS('',8,(#2938,#2939,#2940,#2941,#2942,
    #2943,#2944,#2945,#2946,#2947,#2948,#2949,#2950,#2951,#2952,#2953,
    #2954,#2955,#2956,#2957,#2958,#2959,#2960,#2961,#2962,#2963,#2964,
    #2965,#2966,#2967,#2968,#2969,#2970,#2971,#2972,#2973,#2974,#2975,
    #2976,#2977,#2978,#2979,#2980,#2981,#2982,#2983,#2984,#2985,#2986,
    #2987,#2988,#2989,#2990,#2991,#2992,#2993,#2994,#2995,#2996,#2997,
    #2998,#2999,#3000,#3001,#3002,#3003,#3004,#3005,#3006,#3007,#3008,
    #3009,#3010,#3011,#3012,#3013,#3014,#3015,#3016,#3017,#3018,#3019,
    #3020,#3021,#3022,#3023,#3024,#3025,#3026,#3027,#3028,#3029,#3030),
  .UNSPECIFIED.,.F.,.F.,(9,7,7,7,7,7,7,7,7,7,7,7,7,9),(0.,
    7.858114593141E-02,0.236755696783,0.414482284294,0.457340997569,
    0.478366261718,0.492520614978,0.500233299627,0.521147171288,
    0.542821257376,0.593894305514,0.755381939777,0.877208373069,1.),
  .UNSPECIFIED.);
#2938 = CARTESIAN_POINT('',(3.481582976213,480.72237550114));
#2939 = CARTESIAN_POINT('',(3.462375640459,479.3107030998));
#2940 = CARTESIAN_POINT('',(3.444498641116,477.89966586811));
#2941 = CARTESIAN_POINT('',(3.427937153408,476.48822494613));
#2942 = CARTESIAN_POINT('',(3.412677529978,475.07580374983));
#2943 = CARTESIAN_POINT('',(3.398705763297,473.66227675496));
#2944 = CARTESIAN_POINT('',(3.386005948074,472.24795828084));
#2945 = CARTESIAN_POINT('',(3.374558743661,470.83359127425));
#2946 = CARTESIAN_POINT('',(3.343770385161,466.57562059766));
#2947 = CARTESIAN_POINT('',(3.328205423869,463.73920929347));
#2948 = CARTESIAN_POINT('',(3.317298530369,460.90295745251));
#2949 = CARTESIAN_POINT('',(3.310786722908,458.0631989951));
#2950 = CARTESIAN_POINT('',(3.308457135737,455.21950461732));
#2951 = CARTESIAN_POINT('',(3.310138576061,452.37398927994));
#2952 = CARTESIAN_POINT('',(3.315706017658,449.53117116405));
#2953 = CARTESIAN_POINT('',(3.335625630276,443.51543499465));
#2954 = CARTESIAN_POINT('',(3.350689460076,440.4325202575));
#2955 = CARTESIAN_POINT('',(3.369975296307,437.3788199332));
#2956 = CARTESIAN_POINT('',(3.393968679895,434.2933216025));
#2957 = CARTESIAN_POINT('',(3.423627106044,431.14478207561));
#2958 = CARTESIAN_POINT('',(3.460187496215,427.94766222811));
#2959 = CARTESIAN_POINT('',(3.504980422541,424.77312126326));
#2960 = CARTESIAN_POINT('',(3.572800165482,421.04531926342));
#2961 = CARTESIAN_POINT('',(3.586487040823,420.33443357708));
#2962 = CARTESIAN_POINT('',(3.600920643123,419.62657203367));
#2963 = CARTESIAN_POINT('',(3.616343386954,418.91516473363));
#2964 = CARTESIAN_POINT('',(3.632991931965,418.19787801337));
#2965 = CARTESIAN_POINT('',(3.651092079,417.47686113003));
#2966 = CARTESIAN_POINT('',(3.670859814847,416.75881851485));
#2967 = CARTESIAN_POINT('',(3.703128736824,415.70958894467));
#2968 = CARTESIAN_POINT('',(3.714052691151,415.37251409201));
#2969 = CARTESIAN_POINT('',(3.725520455997,415.03713021594));
#2970 = CARTESIAN_POINT('',(3.737761924158,414.69948264121));
#2971 = CARTESIAN_POINT('',(3.750987159195,414.35845075538));
#2972 = CARTESIAN_POINT('',(3.765383464743,414.01584396958));
#2973 = CARTESIAN_POINT('',(3.781119157813,413.6763577234));
#2974 = CARTESIAN_POINT('',(3.809956692058,413.12592587293));
#2975 = CARTESIAN_POINT('',(3.820834997808,412.93607639396));
#2976 = CARTESIAN_POINT('',(3.832172140106,412.7514434996));
#2977 = CARTESIAN_POINT('',(3.844975412052,412.55728614001));
#2978 = CARTESIAN_POINT('',(3.860076223052,412.35051981272));
#2979 = CARTESIAN_POINT('',(3.87813009882,412.13971656264));
#2980 = CARTESIAN_POINT('',(3.899616681381,411.94510498204));
#2981 = CARTESIAN_POINT('',(3.938583727755,411.71872364596));
#2982 = CARTESIAN_POINT('',(3.952328490905,411.65956868965));
#2983 = CARTESIAN_POINT('',(3.966073388419,411.62060287989));
#2984 = CARTESIAN_POINT('',(3.979818042112,411.60134009479));
#2985 = CARTESIAN_POINT('',(3.993562325713,411.60131055239));
#2986 = CARTESIAN_POINT('',(4.007306364863,411.62006081059));
#2987 = CARTESIAN_POINT('',(4.021050537116,411.65715376719));
#2988 = CARTESIAN_POINT('',(4.072066515161,411.86134815546));
#2989 = CARTESIAN_POINT('',(4.104064244203,412.12118061328));
#2990 = CARTESIAN_POINT('',(4.130862756036,412.41816885767));
#2991 = CARTESIAN_POINT('',(4.152856169772,412.70548011342));
#2992 = CARTESIAN_POINT('',(4.170794127921,412.96227320851));
#2993 = CARTESIAN_POINT('',(4.186089616797,413.19505789236));
#2994 = CARTESIAN_POINT('',(4.20145825453,413.44153658025));
#2995 = CARTESIAN_POINT('',(4.238044394021,414.08510087332));
#2996 = CARTESIAN_POINT('',(4.255632177553,414.42007862012));
#2997 = CARTESIAN_POINT('',(4.272256185641,414.75781816823));
#2998 = CARTESIAN_POINT('',(4.288005335808,415.09533997563));
#2999 = CARTESIAN_POINT('',(4.302995262194,415.43143649222));
#3000 = CARTESIAN_POINT('',(4.317370844404,415.76667377111));
#3001 = CARTESIAN_POINT('',(4.331305415754,416.1033329987));
#3002 = CARTESIAN_POINT('',(4.37725882366,417.25108765622));
#3003 = CARTESIAN_POINT('',(4.407743249543,418.0756561057));
#3004 = CARTESIAN_POINT('',(4.436570443211,418.90524162078));
#3005 = CARTESIAN_POINT('',(4.463904453025,419.73161175141));
#3006 = CARTESIAN_POINT('',(4.489966637571,420.55195699494));
#3007 = CARTESIAN_POINT('',(4.515041557287,421.36861626992));
#3008 = CARTESIAN_POINT('',(4.539474981187,422.18862813749));
#3009 = CARTESIAN_POINT('',(4.640147182584,425.66164505489));
#3010 = CARTESIAN_POINT('',(4.712546686555,428.38823348155));
#3011 = CARTESIAN_POINT('',(4.781441492288,431.12396287734));
#3012 = CARTESIAN_POINT('',(4.847498443994,433.83459217089));
#3013 = CARTESIAN_POINT('',(4.911523542196,436.51619798962));
#3014 = CARTESIAN_POINT('',(4.974463263668,439.18481479073));
#3015 = CARTESIAN_POINT('',(5.037387857877,441.86837339753));
#3016 = CARTESIAN_POINT('',(5.149733381345,446.65955214666));
#3017 = CARTESIAN_POINT('',(5.198129876429,448.72349495412));
#3018 = CARTESIAN_POINT('',(5.24669786678,450.78803176608));
#3019 = CARTESIAN_POINT('',(5.295521077895,452.85135205008));
#3020 = CARTESIAN_POINT('',(5.344684186785,454.91283243471));
#3021 = CARTESIAN_POINT('',(5.394274617271,456.97303018316));
#3022 = CARTESIAN_POINT('',(5.444384780373,459.03379097856));
#3023 = CARTESIAN_POINT('',(5.54624665736,463.17950889307));
#3024 = CARTESIAN_POINT('',(5.598074643728,465.26723225454));
#3025 = CARTESIAN_POINT('',(5.65048638514,467.35624639003));
#3026 = CARTESIAN_POINT('',(5.703384983236,469.44354050179));
#3027 = CARTESIAN_POINT('',(5.756679854208,471.52833331291));
#3028 = CARTESIAN_POINT('',(5.810285234043,473.61199474126));
#3029 = CARTESIAN_POINT('',(5.864119414383,475.69805267051));
#3030 = CARTESIAN_POINT('',(5.9180978135,477.79229384523));
#3031 = ( GEOMETRIC_REPRESENTATION_CONTEXT(2) 
PARAMETRIC_REPRESENTATION_CONTEXT() REPRESENTATION_CONTEXT('2D SPACE',''
  ) );
#3032 = ORIENTED_EDGE('',*,*,#3033,.T.);
#3033 = EDGE_CURVE('',#2741,#2563,#3034,.T.);
#3034 = SURFACE_CURVE('',#3035,(#3040,#3051),.PCURVE_S1.);
#3035 = ELLIPSE('',#3036,13.032834970948,11.);
#3036 = AXIS2_PLACEMENT_3D('',#3037,#3038,#3039);
#3037 = CARTESIAN_POINT('',(20.,82.222222222222,243.51851851851));
#3038 = DIRECTION('',(1.,0.,0.));
#3039 = DIRECTION('',(0.,-0.961743592255,0.273951205066));
#3040 = PCURVE('',#455,#3041);
#3041 = DEFINITIONAL_REPRESENTATION('',(#3042),#3050);
#3042 = B_SPLINE_CURVE_WITH_KNOTS('',6,(#3043,#3044,#3045,#3046,#3047,
    #3048,#3049),.UNSPECIFIED.,.F.,.F.,(7,7),(5.680970187731,
    6.519125863185),.PIECEWISE_BEZIER_KNOTS.);
#3043 = CARTESIAN_POINT('',(0.838155675455,301.96082067675));
#3044 = CARTESIAN_POINT('',(0.698463062879,302.51392032766));
#3045 = CARTESIAN_POINT('',(0.558770450303,302.9321379158));
#3046 = CARTESIAN_POINT('',(0.419077837727,303.19604965426));
#3047 = CARTESIAN_POINT('',(0.279385225152,303.29410792953));
#3048 = CARTESIAN_POINT('',(0.139692612576,303.22500721742));
#3049 = CARTESIAN_POINT('',(0.,302.99676671309));
#3050 = ( GEOMETRIC_REPRESENTATION_CONTEXT(2) 
PARAMETRIC_REPRESENTATION_CONTEXT() REPRESENTATION_CONTEXT('2D SPACE',''
  ) );
#3051 = PCURVE('',#2631,#3052);
#3052 = DEFINITIONAL_REPRESENTATION('',(#3053),#3057);
#3053 = ELLIPSE('',#3054,13.032834970948,11.);
#3054 = AXIS2_PLACEMENT_2D('',#3055,#3056);
#3055 = CARTESIAN_POINT('',(16.518518518519,-15.22222222222));
#3056 = DIRECTION('',(0.273951205066,0.961743592255));
#3057 = ( GEOMETRIC_REPRESENTATION_CONTEXT(2) 
PARAMETRIC_REPRESENTATION_CONTEXT() REPRESENTATION_CONTEXT('2D SPACE',''
  ) );
#3058 = ADVANCED_FACE('',(#3059),#516,.F.);
#3059 = FACE_BOUND('',#3060,.F.);
#3060 = EDGE_LOOP('',(#3061,#3062));
#3061 = ORIENTED_EDGE('',*,*,#503,.F.);
#3062 = ORIENTED_EDGE('',*,*,#2586,.T.);
#3063 = ADVANCED_FACE('',(#3064),#548,.T.);
#3064 = FACE_BOUND('',#3065,.T.);
#3065 = EDGE_LOOP('',(#3066,#3091,#3120,#3155,#3190,#3504,#3537,#3559,
    #3560,#3582,#3583));
#3066 = ORIENTED_EDGE('',*,*,#3067,.T.);
#3067 = EDGE_CURVE('',#3068,#3070,#3072,.T.);
#3068 = VERTEX_POINT('',#3069);
#3069 = CARTESIAN_POINT('',(264.264049896,-244.3861001701,200.));
#3070 = VERTEX_POINT('',#3071);
#3071 = CARTESIAN_POINT('',(-5.735950103994,-79.38610017017,247.));
#3072 = SEAM_CURVE('',#3073,(#3077,#3084),.PCURVE_S1.);
#3073 = LINE('',#3074,#3075);
#3074 = CARTESIAN_POINT('',(264.264049896,-244.3861001701,200.));
#3075 = VECTOR('',#3076,1.);
#3076 = DIRECTION('',(-0.844022043133,0.515791248582,0.146922355657));
#3077 = PCURVE('',#548,#3078);
#3078 = DEFINITIONAL_REPRESENTATION('',(#3079),#3083);
#3079 = LINE('',#3080,#3081);
#3080 = CARTESIAN_POINT('',(6.28318530718,-0.));
#3081 = VECTOR('',#3082,1.);
#3082 = DIRECTION('',(0.,1.));
#3083 = ( GEOMETRIC_REPRESENTATION_CONTEXT(2) 
PARAMETRIC_REPRESENTATION_CONTEXT() REPRESENTATION_CONTEXT('2D SPACE',''
  ) );
#3084 = PCURVE('',#548,#3085);
#3085 = DEFINITIONAL_REPRESENTATION('',(#3086),#3090);
#3086 = LINE('',#3087,#3088);
#3087 = CARTESIAN_POINT('',(0.,-0.));
#3088 = VECTOR('',#3089,1.);
#3089 = DIRECTION('',(0.,1.));
#3090 = ( GEOMETRIC_REPRESENTATION_CONTEXT(2) 
PARAMETRIC_REPRESENTATION_CONTEXT() REPRESENTATION_CONTEXT('2D SPACE',''
  ) );
#3091 = ORIENTED_EDGE('',*,*,#3092,.F.);
#3092 = EDGE_CURVE('',#3093,#3070,#3095,.T.);
#3093 = VERTEX_POINT('',#3094);
#3094 = CARTESIAN_POINT('',(-3.567720691963,-73.,237.03649815255));
#3095 = SURFACE_CURVE('',#3096,(#3101,#3108),.PCURVE_S1.);
#3096 = CIRCLE('',#3097,11.);
#3097 = AXIS2_PLACEMENT_3D('',#3098,#3099,#3100);
#3098 = CARTESIAN_POINT('',(0.,-70.,247.));
#3099 = DIRECTION('',(-0.844022043133,0.515791248582,0.146922355657));
#3100 = DIRECTION('',(-0.521450009454,-0.853281833652,4.163336342344E-17
    ));
#3101 = PCURVE('',#548,#3102);
#3102 = DEFINITIONAL_REPRESENTATION('',(#3103),#3107);
#3103 = LINE('',#3104,#3105);
#3104 = CARTESIAN_POINT('',(0.,319.89685837782));
#3105 = VECTOR('',#3106,1.);
#3106 = DIRECTION('',(1.,0.));
#3107 = ( GEOMETRIC_REPRESENTATION_CONTEXT(2) 
PARAMETRIC_REPRESENTATION_CONTEXT() REPRESENTATION_CONTEXT('2D SPACE',''
  ) );
#3108 = PCURVE('',#3109,#3114);
#3109 = PLANE('',#3110);
#3110 = AXIS2_PLACEMENT_3D('',#3111,#3112,#3113);
#3111 = CARTESIAN_POINT('',(0.,-70.,247.));
#3112 = DIRECTION('',(-0.844022043133,0.515791248582,0.146922355657));
#3113 = DIRECTION('',(-0.521450009454,-0.853281833652,2.775557561563E-17
    ));
#3114 = DEFINITIONAL_REPRESENTATION('',(#3115),#3119);
#3115 = CIRCLE('',#3116,11.);
#3116 = AXIS2_PLACEMENT_2D('',#3117,#3118);
#3117 = CARTESIAN_POINT('',(0.,0.));
#3118 = DIRECTION('',(1.,0.));
#3119 = ( GEOMETRIC_REPRESENTATION_CONTEXT(2) 
PARAMETRIC_REPRESENTATION_CONTEXT() REPRESENTATION_CONTEXT('2D SPACE',''
  ) );
#3120 = ORIENTED_EDGE('',*,*,#3121,.F.);
#3121 = EDGE_CURVE('',#3122,#3093,#3124,.T.);
#3122 = VERTEX_POINT('',#3123);
#3123 = CARTESIAN_POINT('',(20.,-73.,236.46236671956));
#3124 = SURFACE_CURVE('',#3125,(#3130,#3143),.PCURVE_S1.);
#3125 = ELLIPSE('',#3126,21.326457225188,11.);
#3126 = AXIS2_PLACEMENT_3D('',#3127,#3128,#3129);
#3127 = CARTESIAN_POINT('',(4.909090909091,-73.,246.14545454545));
#3128 = DIRECTION('',(-0.,1.,0.));
#3129 = DIRECTION('',(-0.985184962359,-0.,0.171495160114));
#3130 = PCURVE('',#548,#3131);
#3131 = DEFINITIONAL_REPRESENTATION('',(#3132),#3142);
#3132 = B_SPLINE_CURVE_WITH_KNOTS('',8,(#3133,#3134,#3135,#3136,#3137,
    #3138,#3139,#3140,#3141),.UNSPECIFIED.,.F.,.F.,(9,9),(3.491473159319
    ,5.036368030915),.PIECEWISE_BEZIER_KNOTS.);
#3133 = CARTESIAN_POINT('',(3.581018933869,296.91682434426));
#3134 = CARTESIAN_POINT('',(3.774130792818,298.1262695248));
#3135 = CARTESIAN_POINT('',(3.967242651751,300.06722756032));
#3136 = CARTESIAN_POINT('',(4.160354510752,302.67096249037));
#3137 = CARTESIAN_POINT('',(4.353466369575,305.81058260076));
#3138 = CARTESIAN_POINT('',(4.546578228657,309.30907624261));
#3139 = CARTESIAN_POINT('',(4.739690087546,312.95950995828));
#3140 = CARTESIAN_POINT('',(4.932801946515,316.55213034157));
#3141 = CARTESIAN_POINT('',(5.125913805465,319.89686078741));
#3142 = ( GEOMETRIC_REPRESENTATION_CONTEXT(2) 
PARAMETRIC_REPRESENTATION_CONTEXT() REPRESENTATION_CONTEXT('2D SPACE',''
  ) );
#3143 = PCURVE('',#3144,#3149);
#3144 = PLANE('',#3145);
#3145 = AXIS2_PLACEMENT_3D('',#3146,#3147,#3148);
#3146 = CARTESIAN_POINT('',(-20.,-73.,227.));
#3147 = DIRECTION('',(-0.,1.,0.));
#3148 = DIRECTION('',(0.,0.,1.));
#3149 = DEFINITIONAL_REPRESENTATION('',(#3150),#3154);
#3150 = ELLIPSE('',#3151,21.326457225188,11.);
#3151 = AXIS2_PLACEMENT_2D('',#3152,#3153);
#3152 = CARTESIAN_POINT('',(19.145454545455,24.909090909091));
#3153 = DIRECTION('',(0.171495160114,-0.985184962359));
#3154 = ( GEOMETRIC_REPRESENTATION_CONTEXT(2) 
PARAMETRIC_REPRESENTATION_CONTEXT() REPRESENTATION_CONTEXT('2D SPACE',''
  ) );
#3155 = ORIENTED_EDGE('',*,*,#3156,.T.);
#3156 = EDGE_CURVE('',#3122,#3157,#3159,.T.);
#3157 = VERTEX_POINT('',#3158);
#3158 = CARTESIAN_POINT('',(20.,-70.55526622645,249.15259423732));
#3159 = SURFACE_CURVE('',#3160,(#3165,#3178),.PCURVE_S1.);
#3160 = ELLIPSE('',#3161,13.032834970948,11.);
#3161 = AXIS2_PLACEMENT_3D('',#3162,#3163,#3164);
#3162 = CARTESIAN_POINT('',(20.,-82.22222222222,243.51851851851));
#3163 = DIRECTION('',(1.,0.,-0.));
#3164 = DIRECTION('',(0.,0.961743592255,0.273951205066));
#3165 = PCURVE('',#548,#3166);
#3166 = DEFINITIONAL_REPRESENTATION('',(#3167),#3177);
#3167 = B_SPLINE_CURVE_WITH_KNOTS('',8,(#3168,#3169,#3170,#3171,#3172,
    #3173,#3174,#3175,#3176),.UNSPECIFIED.,.F.,.F.,(9,9),(5.209089075719
    ,6.885400426628),.PIECEWISE_BEZIER_KNOTS.);
#3168 = CARTESIAN_POINT('',(3.979748329044,299.5315373949));
#3169 = CARTESIAN_POINT('',(3.770209410181,300.819152621));
#3170 = CARTESIAN_POINT('',(3.560670491313,301.93963499259));
#3171 = CARTESIAN_POINT('',(3.351131572468,302.80683416104));
#3172 = CARTESIAN_POINT('',(3.141592653566,303.35026689036));
#3173 = CARTESIAN_POINT('',(2.932053734738,303.52716625225));
#3174 = CARTESIAN_POINT('',(2.72251481586,303.33108758693));
#3175 = CARTESIAN_POINT('',(2.512975896999,302.79047015311));
#3176 = CARTESIAN_POINT('',(2.303436978135,301.96082067675));
#3177 = ( GEOMETRIC_REPRESENTATION_CONTEXT(2) 
PARAMETRIC_REPRESENTATION_CONTEXT() REPRESENTATION_CONTEXT('2D SPACE',''
  ) );
#3178 = PCURVE('',#3179,#3184);
#3179 = PLANE('',#3180);
#3180 = AXIS2_PLACEMENT_3D('',#3181,#3182,#3183);
#3181 = CARTESIAN_POINT('',(20.,-73.,227.));
#3182 = DIRECTION('',(1.,0.,-0.));
#3183 = DIRECTION('',(0.,0.,1.));
#3184 = DEFINITIONAL_REPRESENTATION('',(#3185),#3189);
#3185 = ELLIPSE('',#3186,13.032834970948,11.);
#3186 = AXIS2_PLACEMENT_2D('',#3187,#3188);
#3187 = CARTESIAN_POINT('',(16.518518518519,9.222222222222));
#3188 = DIRECTION('',(0.273951205066,-0.961743592255));
#3189 = ( GEOMETRIC_REPRESENTATION_CONTEXT(2) 
PARAMETRIC_REPRESENTATION_CONTEXT() REPRESENTATION_CONTEXT('2D SPACE',''
  ) );
#3190 = ORIENTED_EDGE('',*,*,#3191,.T.);
#3191 = EDGE_CURVE('',#3157,#3192,#3194,.T.);
#3192 = VERTEX_POINT('',#3193);
#3193 = CARTESIAN_POINT('',(-3.137822061009,-77.88667386046,
    254.00760160873));
#3194 = SURFACE_CURVE('',#3195,(#3296,#3400),.PCURVE_S1.);
#3195 = B_SPLINE_CURVE_WITH_KNOTS('',8,(#3196,#3197,#3198,#3199,#3200,
    #3201,#3202,#3203,#3204,#3205,#3206,#3207,#3208,#3209,#3210,#3211,
    #3212,#3213,#3214,#3215,#3216,#3217,#3218,#3219,#3220,#3221,#3222,
    #3223,#3224,#3225,#3226,#3227,#3228,#3229,#3230,#3231,#3232,#3233,
    #3234,#3235,#3236,#3237,#3238,#3239,#3240,#3241,#3242,#3243,#3244,
    #3245,#3246,#3247,#3248,#3249,#3250,#3251,#3252,#3253,#3254,#3255,
    #3256,#3257,#3258,#3259,#3260,#3261,#3262,#3263,#3264,#3265,#3266,
    #3267,#3268,#3269,#3270,#3271,#3272,#3273,#3274,#3275,#3276,#3277,
    #3278,#3279,#3280,#3281,#3282,#3283,#3284,#3285,#3286,#3287,#3288,
    #3289,#3290,#3291,#3292,#3293,#3294,#3295),.UNSPECIFIED.,.F.,.F.,(9,
    7,7,7,7,7,7,7,7,7,7,7,7,7,9),(0.,0.107592583254,0.215712331618,
    0.378778643503,0.412912993422,0.437886054612,0.4453561552,
    0.452542996249,0.469913136715,0.48622987146,0.529409987165,
    0.658080254879,0.73205164495,0.915718133996,1.),.UNSPECIFIED.);
#3196 = CARTESIAN_POINT('',(5.404711693545,-63.0275846747,
    253.57073177365));
#3197 = CARTESIAN_POINT('',(7.26173380308,-63.89215670338,
    252.96067508383));
#3198 = CARTESIAN_POINT('',(9.102733209547,-64.77984281659,
    252.36295868199));
#3199 = CARTESIAN_POINT('',(10.933631394155,-65.69144919388,
    251.77972715286));
#3200 = CARTESIAN_POINT('',(12.758402810471,-66.62666314228,
    251.21307321814));
#3201 = CARTESIAN_POINT('',(14.57915514006,-67.58410110347,
    250.66500641314));
#3202 = CARTESIAN_POINT('',(16.396111786369,-68.56135439648,
    250.13739312658));
#3203 = CARTESIAN_POINT('',(18.207519984214,-69.55500350746,
    249.63190985599));
#3204 = CARTESIAN_POINT('',(21.820324915504,-71.57106689227,
    248.66583227397));
#3205 = CARTESIAN_POINT('',(23.623867738557,-72.5948467308,
    248.20487161921));
#3206 = CARTESIAN_POINT('',(25.423865896883,-73.63171917214,
    247.76672735878));
#3207 = CARTESIAN_POINT('',(27.222523151657,-74.68114644305,
    247.3511162886));
#3208 = CARTESIAN_POINT('',(29.020749238938,-75.74228735854,
    246.95791036166));
#3209 = CARTESIAN_POINT('',(30.818278445205,-76.81400400374,
    246.58714226538));
#3210 = CARTESIAN_POINT('',(32.613675019248,-77.89483281728,
    246.23902042341));
#3211 = CARTESIAN_POINT('',(37.104735314091,-80.62397436123,
    245.42368704784));
#3212 = CARTESIAN_POINT('',(39.70542401544,-82.22757680587,
    245.00198495899));
#3213 = CARTESIAN_POINT('',(42.27118695203,-83.8297853255,
    244.63096769412));
#3214 = CARTESIAN_POINT('',(44.859108779136,-85.46768794099,
    244.30203625041));
#3215 = CARTESIAN_POINT('',(47.502048494269,-87.16723176133,
    244.01718149044));
#3216 = CARTESIAN_POINT('',(50.189518755864,-88.93279801189,
    243.78952862948));
#3217 = CARTESIAN_POINT('',(52.850162512547,-90.73877567114,
    243.64324592723));
#3218 = CARTESIAN_POINT('',(55.83101904348,-92.88528732269,
    243.60763039413));
#3219 = CARTESIAN_POINT('',(56.337597307498,-93.25489162574,
    243.60659435616));
#3220 = CARTESIAN_POINT('',(56.840995622434,-93.62745809561,
    243.61089352329));
#3221 = CARTESIAN_POINT('',(57.344898724459,-94.00651807553,
    243.62119520002));
#3222 = CARTESIAN_POINT('',(57.850184367482,-94.39403842591,
    243.63859535076));
#3223 = CARTESIAN_POINT('',(58.35473683494,-94.79031634316,
    243.66458436252));
#3224 = CARTESIAN_POINT('',(58.853354024649,-95.19395759879,
    243.70101082504));
#3225 = CARTESIAN_POINT('',(59.69213607894,-95.90042123776,
    243.78591604002));
#3226 = CARTESIAN_POINT('',(60.007011963918,-96.1743611535,
    243.82530801899));
#3227 = CARTESIAN_POINT('',(60.31311865785,-96.44843966348,
    243.87013343548));
#3228 = CARTESIAN_POINT('',(60.629351918626,-96.74123156231,
    243.92449332717));
#3229 = CARTESIAN_POINT('',(60.959049108376,-97.06102536172,
    243.99314736638));
#3230 = CARTESIAN_POINT('',(61.290184611256,-97.40654596089,
    244.08190247635));
#3231 = CARTESIAN_POINT('',(61.596150462578,-97.76826677999,
    244.19774735054));
#3232 = CARTESIAN_POINT('',(61.907016561201,-98.23641597113,
    244.39361570207));
#3233 = CARTESIAN_POINT('',(61.96870078769,-98.33817136929,
    244.43936475098));
#3234 = CARTESIAN_POINT('',(62.026892374022,-98.4430317391,
    244.48938582974));
#3235 = CARTESIAN_POINT('',(62.083416394755,-98.55735778312,
    244.5476131097));
#3236 = CARTESIAN_POINT('',(62.135179826574,-98.68326965208,
    244.61730369042));
#3237 = CARTESIAN_POINT('',(62.174199199659,-98.81931167062,
    244.70151021298));
#3238 = CARTESIAN_POINT('',(62.187660166896,-98.96108553179,
    244.80343189778));
#3239 = CARTESIAN_POINT('',(62.129208365696,-99.23620479312,
    245.04454732672));
#3240 = CARTESIAN_POINT('',(62.066822538491,-99.33997514905,
    245.15615960817));
#3241 = CARTESIAN_POINT('',(61.983231328355,-99.4193614406,
    245.25972370182));
#3242 = CARTESIAN_POINT('',(61.88830990848,-99.48000292865,
    245.35447721057));
#3243 = CARTESIAN_POINT('',(61.789256776962,-99.52646066627,
    245.44027433017));
#3244 = CARTESIAN_POINT('',(61.690495594888,-99.56234234989,
    245.51767377737));
#3245 = CARTESIAN_POINT('',(61.59357468826,-99.59043828984,
    245.58806079167));
#3246 = CARTESIAN_POINT('',(61.264020926572,-99.66679229723,
    245.8123311131));
#3247 = CARTESIAN_POINT('',(61.011079993013,-99.69244433992,
    245.95858576051));
#3248 = CARTESIAN_POINT('',(60.754339926068,-99.69907307485,
    246.09151698776));
#3249 = CARTESIAN_POINT('',(60.503861948404,-99.69358702629,
    246.21151616908));
#3250 = CARTESIAN_POINT('',(60.263594187855,-99.68055532688,
    246.32026686516));
#3251 = CARTESIAN_POINT('',(60.030744795101,-99.6623165145,
    246.42103242385));
#3252 = CARTESIAN_POINT('',(59.795602178657,-99.63906736119,
    246.51877877916));
#3253 = CARTESIAN_POINT('',(59.306165247409,-99.58035351542,
    246.71355335802));
#3254 = CARTESIAN_POINT('',(59.06814145282,-99.54742405568,
    246.80459694926));
#3255 = CARTESIAN_POINT('',(58.830360162052,-99.51088440708,
    246.89244293402));
#3256 = CARTESIAN_POINT('',(58.593526961504,-99.47141713333,
    246.9772870948));
#3257 = CARTESIAN_POINT('',(58.357856089496,-99.42950967361,
    247.05941629904));
#3258 = CARTESIAN_POINT('',(58.123073805462,-99.38545700829,
    247.13920454321));
#3259 = CARTESIAN_POINT('',(57.88842175915,-99.33936432456,
    247.21710899683));
#3260 = CARTESIAN_POINT('',(57.028748488862,-99.16355590364,
    247.49626431869));
#3261 = CARTESIAN_POINT('',(56.39735362035,-99.02115898462,
    247.68933360247));
#3262 = CARTESIAN_POINT('',(55.766236164665,-98.86873265205,
    247.87285302667));
#3263 = CARTESIAN_POINT('',(55.13993430561,-98.70961857007,
    248.04733861642));
#3264 = CARTESIAN_POINT('',(54.519668046497,-98.54574772536,
    248.21382709972));
#3265 = CARTESIAN_POINT('',(53.903371788361,-98.37768618267,
    248.37382989541));
#3266 = CARTESIAN_POINT('',(53.285855440299,-98.20470521041,
    248.52925728289));
#3267 = CARTESIAN_POINT('',(50.791439169652,-97.48901103828,
    249.13839509678));
#3268 = CARTESIAN_POINT('',(48.87803129683,-96.90276184732,
    249.56453912197));
#3269 = CARTESIAN_POINT('',(46.963148973658,-96.29124787566,
    249.95913557608));
#3270 = CARTESIAN_POINT('',(45.069621606172,-95.6692514457,
    250.32376141904));
#3271 = CARTESIAN_POINT('',(43.201819641758,-95.04299711319,
    250.66206393161));
#3272 = CARTESIAN_POINT('',(41.347917195402,-94.41146495814,
    250.97895032888));
#3273 = CARTESIAN_POINT('',(39.482779267027,-93.76776521962,
    251.27971459536));
#3274 = CARTESIAN_POINT('',(36.474810386554,-92.71784311658,
    251.73488751044));
#3275 = CARTESIAN_POINT('',(35.376361102093,-92.33201330752,
    251.89498418907));
#3276 = CARTESIAN_POINT('',(34.27795817705,-91.9440667207,
    252.04909709732));
#3277 = CARTESIAN_POINT('',(33.179823924676,-91.55431787712,
    252.19730211574));
#3278 = CARTESIAN_POINT('',(32.081963273627,-91.16296268955,
    252.33966965759));
#3279 = CARTESIAN_POINT('',(30.984205122092,-90.77009815117,
    252.47625756712));
#3280 = CARTESIAN_POINT('',(29.886244393663,-90.37574060506,
    252.60710446001));
#3281 = CARTESIAN_POINT('',(26.06002773313,-88.99685177176,
    253.04288653215));
#3282 = CARTESIAN_POINT('',(23.321431382074,-88.00175302889,
    253.31906250833));
#3283 = CARTESIAN_POINT('',(20.57929359607,-86.99859221485,
    253.55909170881));
#3284 = CARTESIAN_POINT('',(17.838285836237,-85.98953318567,
    253.76124350454));
#3285 = CARTESIAN_POINT('',(15.100820628689,-84.97494879647,
    253.92370044871));
#3286 = CARTESIAN_POINT('',(12.366939017979,-83.9532298903,
    254.04459315587));
#3287 = CARTESIAN_POINT('',(9.63366059329,-82.92020564991,
    254.12211241442));
#3288 = CARTESIAN_POINT('',(5.636574447153,-81.38525840875,
    254.16969039738));
#3289 = CARTESIAN_POINT('',(4.378912833771,-80.89879977461,
    254.17518784441));
#3290 = CARTESIAN_POINT('',(3.121916596258,-80.40862122007,
    254.17107493444));
#3291 = CARTESIAN_POINT('',(1.866334993366,-79.91446937182,
    254.15729798508));
#3292 = CARTESIAN_POINT('',(0.612603924016,-79.4159085925,
    254.13389238518));
#3293 = CARTESIAN_POINT('',(-0.639153919659,-78.91232053365,
    254.1009829701));
#3294 = CARTESIAN_POINT('',(-1.889128899263,-78.40290368855,
    254.05878439697));
#3295 = CARTESIAN_POINT('',(-3.137824277097,-77.88667294509,254.00760152
    ));
#3296 = PCURVE('',#548,#3297);
#3297 = DEFINITIONAL_REPRESENTATION('',(#3298),#3399);
#3298 = B_SPLINE_CURVE_WITH_KNOTS('',8,(#3299,#3300,#3301,#3302,#3303,
    #3304,#3305,#3306,#3307,#3308,#3309,#3310,#3311,#3312,#3313,#3314,
    #3315,#3316,#3317,#3318,#3319,#3320,#3321,#3322,#3323,#3324,#3325,
    #3326,#3327,#3328,#3329,#3330,#3331,#3332,#3333,#3334,#3335,#3336,
    #3337,#3338,#3339,#3340,#3341,#3342,#3343,#3344,#3345,#3346,#3347,
    #3348,#3349,#3350,#3351,#3352,#3353,#3354,#3355,#3356,#3357,#3358,
    #3359,#3360,#3361,#3362,#3363,#3364,#3365,#3366,#3367,#3368,#3369,
    #3370,#3371,#3372,#3373,#3374,#3375,#3376,#3377,#3378,#3379,#3380,
    #3381,#3382,#3383,#3384,#3385,#3386,#3387,#3388,#3389,#3390,#3391,
    #3392,#3393,#3394,#3395,#3396,#3397,#3398),.UNSPECIFIED.,.F.,.F.,(9,
    7,7,7,7,7,7,7,7,7,7,7,7,7,9),(0.,0.107592583254,0.215712331618,
    0.378778643503,0.412912993422,0.437886054612,0.4453561552,
    0.452542996249,0.469913136715,0.48622987146,0.529409987165,
    0.658080254879,0.73205164495,0.915718133996,1.),.UNSPECIFIED.);
#3299 = CARTESIAN_POINT('',(2.493216806515,319.89686077782));
#3300 = CARTESIAN_POINT('',(2.527934083447,317.79392353067));
#3301 = CARTESIAN_POINT('',(2.560242670684,315.69440077429));
#3302 = CARTESIAN_POINT('',(2.590126040347,313.59319407033));
#3303 = CARTESIAN_POINT('',(2.617555039293,311.48741745288));
#3304 = CARTESIAN_POINT('',(2.642498843421,309.37630092576));
#3305 = CARTESIAN_POINT('',(2.664936278194,307.26117262192));
#3306 = CARTESIAN_POINT('',(2.68486564717,305.14552185277));
#3307 = CARTESIAN_POINT('',(2.719842250588,300.91442860865));
#3308 = CARTESIAN_POINT('',(2.734886802266,298.79641660381));
#3309 = CARTESIAN_POINT('',(2.747533145745,296.67799556258));
#3310 = CARTESIAN_POINT('',(2.757845941206,294.55754123169));
#3311 = CARTESIAN_POINT('',(2.765872890367,292.43470083672));
#3312 = CARTESIAN_POINT('',(2.771648908308,290.31029037479));
#3313 = CARTESIAN_POINT('',(2.775197805399,288.18630716582));
#3314 = CARTESIAN_POINT('',(2.778542927728,282.86829525523));
#3315 = CARTESIAN_POINT('',(2.775449220967,279.78417509256));
#3316 = CARTESIAN_POINT('',(2.767927475645,276.73769875316));
#3317 = CARTESIAN_POINT('',(2.755785893749,273.66029246768));
#3318 = CARTESIAN_POINT('',(2.738187757127,270.51113172781));
#3319 = CARTESIAN_POINT('',(2.713787058927,267.29873667141));
#3320 = CARTESIAN_POINT('',(2.680993778314,264.10009502084));
#3321 = CARTESIAN_POINT('',(2.628788335729,260.47180175845));
#3322 = CARTESIAN_POINT('',(2.619311462013,259.85344765496));
#3323 = CARTESIAN_POINT('',(2.609243362493,259.23703349976));
#3324 = CARTESIAN_POINT('',(2.59842352288,258.61772590033));
#3325 = CARTESIAN_POINT('',(2.586688830381,257.9939305453));
#3326 = CARTESIAN_POINT('',(2.573877474086,257.36749882596));
#3327 = CARTESIAN_POINT('',(2.559829657013,256.74381216122));
#3328 = CARTESIAN_POINT('',(2.533085728663,255.68394832978));
#3329 = CARTESIAN_POINT('',(2.522055681398,255.28267789317));
#3330 = CARTESIAN_POINT('',(2.510461472188,254.88953565487));
#3331 = CARTESIAN_POINT('',(2.497404723649,254.47959499625));
#3332 = CARTESIAN_POINT('',(2.482175153126,254.04646327064));
#3333 = CARTESIAN_POINT('',(2.46418577341,253.60180121551));
#3334 = CARTESIAN_POINT('',(2.442903198047,253.17400706144));
#3335 = CARTESIAN_POINT('',(2.410318086369,252.69893940553));
#3336 = CARTESIAN_POINT('',(2.402887033096,252.60111357282));
#3337 = CARTESIAN_POINT('',(2.394911972379,252.50526174488));
#3338 = CARTESIAN_POINT('',(2.385808981105,252.40714074157));
#3339 = CARTESIAN_POINT('',(2.375166332547,252.30874612827));
#3340 = CARTESIAN_POINT('',(2.362674656434,252.21801545533));
#3341 = CARTESIAN_POINT('',(2.348065705253,252.14850295941));
#3342 = CARTESIAN_POINT('',(2.314790195487,252.09135870758));
#3343 = CARTESIAN_POINT('',(2.299889642529,252.10688821878));
#3344 = CARTESIAN_POINT('',(2.286406998118,252.15171016891));
#3345 = CARTESIAN_POINT('',(2.274305363647,252.21446899952));
#3346 = CARTESIAN_POINT('',(2.263507389132,252.28671504639));
#3347 = CARTESIAN_POINT('',(2.25387758625,252.36293591178));
#3348 = CARTESIAN_POINT('',(2.245202213343,252.44058907942));
#3349 = CARTESIAN_POINT('',(2.217793160959,252.7123073138));
#3350 = CARTESIAN_POINT('',(2.200345594743,252.93405201553));
#3351 = CARTESIAN_POINT('',(2.184754573117,253.16685781698));
#3352 = CARTESIAN_POINT('',(2.170849588425,253.39872696967));
#3353 = CARTESIAN_POINT('',(2.15836061188,253.62421780079));
#3354 = CARTESIAN_POINT('',(2.146870549473,253.84495995406));
#3355 = CARTESIAN_POINT('',(2.135795659059,254.06977834022));
#3356 = CARTESIAN_POINT('',(2.113873110742,254.54177472668));
#3357 = CARTESIAN_POINT('',(2.103690413779,254.77303312215));
#3358 = CARTESIAN_POINT('',(2.093916847196,255.00547914299));
#3359 = CARTESIAN_POINT('',(2.084518636099,255.23819396317));
#3360 = CARTESIAN_POINT('',(2.075454840589,255.4707874912));
#3361 = CARTESIAN_POINT('',(2.066677283442,255.7033935703));
#3362 = CARTESIAN_POINT('',(2.058130477802,255.93666517858));
#3363 = CARTESIAN_POINT('',(2.027577825398,256.79394297102));
#3364 = CARTESIAN_POINT('',(2.006590078669,257.4286674366));
#3365 = CARTESIAN_POINT('',(1.986714319505,258.06692775551));
#3366 = CARTESIAN_POINT('',(1.96784636468,258.70324581509));
#3367 = CARTESIAN_POINT('',(1.94984441315,259.33574823815));
#3368 = CARTESIAN_POINT('',(1.932525984572,259.96610852572));
#3369 = CARTESIAN_POINT('',(1.9156692261,260.59936376504));
#3370 = CARTESIAN_POINT('',(1.84940218191,263.1633508354));
#3371 = CARTESIAN_POINT('',(1.8025815049,265.14330154378));
#3372 = CARTESIAN_POINT('',(1.758340050257,267.13289303008));
#3373 = CARTESIAN_POINT('',(1.71635700556,269.10546387052));
#3374 = CARTESIAN_POINT('',(1.676186853668,271.05465060686));
#3375 = CARTESIAN_POINT('',(1.637237699954,272.99168159214));
#3376 = CARTESIAN_POINT('',(1.59877052239,274.94210280355));
#3377 = CARTESIAN_POINT('',(1.537619106721,278.08931055308));
#3378 = CARTESIAN_POINT('',(1.515469363478,279.23895538254));
#3379 = CARTESIAN_POINT('',(1.493463065821,280.38877374943));
#3380 = CARTESIAN_POINT('',(1.471570629504,281.53842693784));
#3381 = CARTESIAN_POINT('',(1.449761956146,282.68782008307));
#3382 = CARTESIAN_POINT('',(1.428006408715,283.8370560692));
#3383 = CARTESIAN_POINT('',(1.406272938495,284.98638963131));
#3384 = CARTESIAN_POINT('',(1.330544864512,288.99104575618));
#3385 = CARTESIAN_POINT('',(1.276359747796,291.85632109176));
#3386 = CARTESIAN_POINT('',(1.221764558471,294.72343305282));
#3387 = CARTESIAN_POINT('',(1.166548884963,297.5870684571));
#3388 = CARTESIAN_POINT('',(1.110499412553,300.44473174041));
#3389 = CARTESIAN_POINT('',(1.053392645129,303.29694359479));
#3390 = CARTESIAN_POINT('',(0.994984576199,306.14810501009));
#3391 = CARTESIAN_POINT('',(0.90747189847,310.3204364491));
#3392 = CARTESIAN_POINT('',(0.879634412794,311.63364936863));
#3393 = CARTESIAN_POINT('',(0.851498634361,312.94680743496));
#3394 = CARTESIAN_POINT('',(0.823075325784,314.25940105444));
#3395 = CARTESIAN_POINT('',(0.794373762815,315.57129220152));
#3396 = CARTESIAN_POINT('',(0.765401986016,316.88271458926));
#3397 = CARTESIAN_POINT('',(0.736167052433,318.19427383977));
#3398 = CARTESIAN_POINT('',(0.70667528728,319.50694765469));
#3399 = ( GEOMETRIC_REPRESENTATION_CONTEXT(2) 
PARAMETRIC_REPRESENTATION_CONTEXT() REPRESENTATION_CONTEXT('2D SPACE',''
  ) );
#3400 = PCURVE('',#711,#3401);
#3401 = DEFINITIONAL_REPRESENTATION('',(#3402),#3503);
#3402 = B_SPLINE_CURVE_WITH_KNOTS('',8,(#3403,#3404,#3405,#3406,#3407,
    #3408,#3409,#3410,#3411,#3412,#3413,#3414,#3415,#3416,#3417,#3418,
    #3419,#3420,#3421,#3422,#3423,#3424,#3425,#3426,#3427,#3428,#3429,
    #3430,#3431,#3432,#3433,#3434,#3435,#3436,#3437,#3438,#3439,#3440,
    #3441,#3442,#3443,#3444,#3445,#3446,#3447,#3448,#3449,#3450,#3451,
    #3452,#3453,#3454,#3455,#3456,#3457,#3458,#3459,#3460,#3461,#3462,
    #3463,#3464,#3465,#3466,#3467,#3468,#3469,#3470,#3471,#3472,#3473,
    #3474,#3475,#3476,#3477,#3478,#3479,#3480,#3481,#3482,#3483,#3484,
    #3485,#3486,#3487,#3488,#3489,#3490,#3491,#3492,#3493,#3494,#3495,
    #3496,#3497,#3498,#3499,#3500,#3501,#3502),.UNSPECIFIED.,.F.,.F.,(9,
    7,7,7,7,7,7,7,7,7,7,7,7,7,9),(0.,0.107592583254,0.215712331618,
    0.378778643503,0.412912993422,0.437886054612,0.4453561552,
    0.452542996249,0.469913136715,0.48622987146,0.529409987165,
    0.658080254879,0.73205164495,0.915718133996,1.),.UNSPECIFIED.);
#3403 = CARTESIAN_POINT('',(3.506680147746,477.79229382673));
#3404 = CARTESIAN_POINT('',(3.560344238217,475.71024712462));
#3405 = CARTESIAN_POINT('',(3.613867671601,473.636215453));
#3406 = CARTESIAN_POINT('',(3.667166530911,471.56454396884));
#3407 = CARTESIAN_POINT('',(3.720159738551,469.49178080654));
#3408 = CARTESIAN_POINT('',(3.772762323605,467.41658247698));
#3409 = CARTESIAN_POINT('',(3.824884607725,465.33971014784));
#3410 = CARTESIAN_POINT('',(3.87643070252,463.26410742315));
#3411 = CARTESIAN_POINT('',(3.97839791099,459.11585541806));
#3412 = CARTESIAN_POINT('',(4.028875425332,457.04070031029));
#3413 = CARTESIAN_POINT('',(4.078824303584,454.96612563371));
#3414 = CARTESIAN_POINT('',(4.128338654947,452.89023125104));
#3415 = CARTESIAN_POINT('',(4.177507433246,450.8124444337));
#3416 = CARTESIAN_POINT('',(4.226416755757,448.73340700011));
#3417 = CARTESIAN_POINT('',(4.275151756162,446.65498132947));
#3418 = CARTESIAN_POINT('',(4.397166242148,441.45145230254));
#3419 = CARTESIAN_POINT('',(4.467920012306,438.43410304356));
#3420 = CARTESIAN_POINT('',(4.538357295433,435.45382701271));
#3421 = CARTESIAN_POINT('',(4.610607367187,432.44379607164));
#3422 = CARTESIAN_POINT('',(4.686450065456,429.36449851616));
#3423 = CARTESIAN_POINT('',(4.767205560423,426.22525788723));
#3424 = CARTESIAN_POINT('',(4.853891815275,423.10352162478));
#3425 = CARTESIAN_POINT('',(4.966900543603,419.57367210852));
#3426 = CARTESIAN_POINT('',(4.986727149004,418.97252833326));
#3427 = CARTESIAN_POINT('',(5.007117634345,418.37375520313));
#3428 = CARTESIAN_POINT('',(5.028332481651,417.77274275452));
#3429 = CARTESIAN_POINT('',(5.050587446963,417.16807859104));
#3430 = CARTESIAN_POINT('',(5.074052208762,416.56175592005));
#3431 = CARTESIAN_POINT('',(5.098854408967,415.95926521098));
#3432 = CARTESIAN_POINT('',(5.144282661603,414.93814166988));
#3433 = CARTESIAN_POINT('',(5.162515489103,414.55239567283));
#3434 = CARTESIAN_POINT('',(5.181292890866,414.1752290666));
#3435 = CARTESIAN_POINT('',(5.201999302994,413.78289385354));
#3436 = CARTESIAN_POINT('',(5.225561653297,413.36978740387));
#3437 = CARTESIAN_POINT('',(5.252535582025,412.94805139273));
#3438 = CARTESIAN_POINT('',(5.283247850825,412.54640104587));
#3439 = CARTESIAN_POINT('',(5.328181171172,412.10979304995));
#3440 = CARTESIAN_POINT('',(5.338306149371,412.02064631953));
#3441 = CARTESIAN_POINT('',(5.349067581765,411.93403209625));
#3442 = CARTESIAN_POINT('',(5.361222120678,411.84636154129));
#3443 = CARTESIAN_POINT('',(5.375247645721,411.7600529908));
#3444 = CARTESIAN_POINT('',(5.391432041929,411.68331429155));
#3445 = CARTESIAN_POINT('',(5.409956387416,411.62989672364));
#3446 = CARTESIAN_POINT('',(5.451051925088,411.60874086055));
#3447 = CARTESIAN_POINT('',(5.469007957528,411.64011274746));
#3448 = CARTESIAN_POINT('',(5.484925918083,411.69908478519));
#3449 = CARTESIAN_POINT('',(5.498972940695,411.77441864786));
#3450 = CARTESIAN_POINT('',(5.51133321367,411.85779915633));
#3451 = CARTESIAN_POINT('',(5.522230388565,411.94389008115));
#3452 = CARTESIAN_POINT('',(5.531951378328,412.0303909385));
#3453 = CARTESIAN_POINT('',(5.562381340237,412.32993760304));
#3454 = CARTESIAN_POINT('',(5.581229276085,412.56916560957));
#3455 = CARTESIAN_POINT('',(5.597697703586,412.81745391681));
#3456 = CARTESIAN_POINT('',(5.61211947315,413.06304318886));
#3457 = CARTESIAN_POINT('',(5.62488182321,413.30079891816));
#3458 = CARTESIAN_POINT('',(5.636474803929,413.53278303767));
#3459 = CARTESIAN_POINT('',(5.647513129133,413.76840115986));
#3460 = CARTESIAN_POINT('',(5.669054533902,414.26170265007));
#3461 = CARTESIAN_POINT('',(5.678922569392,414.50282452786));
#3462 = CARTESIAN_POINT('',(5.688272241583,414.74471242576));
#3463 = CARTESIAN_POINT('',(5.697154221031,414.98648664071));
#3464 = CARTESIAN_POINT('',(5.705622317537,415.22780140013));
#3465 = CARTESIAN_POINT('',(5.713733447096,415.46884048862));
#3466 = CARTESIAN_POINT('',(5.721547598844,415.71031287462));
#3467 = CARTESIAN_POINT('',(5.749187823491,416.59687470706));
#3468 = CARTESIAN_POINT('',(5.76760011133,417.25165335599));
#3469 = CARTESIAN_POINT('',(5.784545617853,417.90887972261));
#3470 = CARTESIAN_POINT('',(5.800208494774,418.56319839909));
#3471 = CARTESIAN_POINT('',(5.814781482498,419.21288436616));
#3472 = CARTESIAN_POINT('',(5.828466719466,419.85979325068));
#3473 = CARTESIAN_POINT('',(5.841471971536,420.50918060574));
#3474 = CARTESIAN_POINT('',(5.891340725257,423.13671581106));
#3475 = CARTESIAN_POINT('',(5.923735577635,425.16185972506));
#3476 = CARTESIAN_POINT('',(5.951879609873,427.1946274393));
#3477 = CARTESIAN_POINT('',(5.976409257909,429.208696134));
#3478 = CARTESIAN_POINT('',(5.997922123228,431.19811891797));
#3479 = CARTESIAN_POINT('',(6.016954682185,433.17469366529));
#3480 = CARTESIAN_POINT('',(6.033926773297,435.16472129041));
#3481 = CARTESIAN_POINT('',(6.057759062758,438.37585650576));
#3482 = CARTESIAN_POINT('',(6.065736812762,439.54885719215));
#3483 = CARTESIAN_POINT('',(6.073013415033,440.72208047498));
#3484 = CARTESIAN_POINT('',(6.079605637971,441.89521613498));
#3485 = CARTESIAN_POINT('',(6.085526267079,443.06819773417));
#3486 = CARTESIAN_POINT('',(6.090784026203,444.2411566003));
#3487 = CARTESIAN_POINT('',(6.095383438393,445.41437567538));
#3488 = CARTESIAN_POINT('',(6.109110357855,449.5028853878));
#3489 = CARTESIAN_POINT('',(6.114864200868,452.42926918099));
#3490 = CARTESIAN_POINT('',(6.116501947596,455.35895312591));
#3491 = CARTESIAN_POINT('',(6.113884343974,458.28668839877));
#3492 = CARTESIAN_POINT('',(6.106822631663,461.20994879433));
#3493 = CARTESIAN_POINT('',(6.095083914481,464.12910432573));
#3494 = CARTESIAN_POINT('',(6.078381205698,467.0482372429));
#3495 = CARTESIAN_POINT('',(6.046215419207,471.3203817505));
#3496 = CARTESIAN_POINT('',(6.034980125752,472.66505977433));
#3497 = CARTESIAN_POINT('',(6.022607280809,474.00965204872));
#3498 = CARTESIAN_POINT('',(6.009080937269,475.35354003694));
#3499 = CARTESIAN_POINT('',(5.994387921956,476.69646796184));
#3500 = CARTESIAN_POINT('',(5.978516705244,478.03854283071));
#3501 = CARTESIAN_POINT('',(5.961456270674,479.38023446018));
#3502 = CARTESIAN_POINT('',(5.943194984573,480.72237550114));
#3503 = ( GEOMETRIC_REPRESENTATION_CONTEXT(2) 
PARAMETRIC_REPRESENTATION_CONTEXT() REPRESENTATION_CONTEXT('2D SPACE',''
  ) );
#3504 = ORIENTED_EDGE('',*,*,#3505,.T.);
#3505 = EDGE_CURVE('',#3192,#3506,#3508,.T.);
#3506 = VERTEX_POINT('',#3507);
#3507 = CARTESIAN_POINT('',(-2.526170775923,-76.54670658139,
    255.47107396662));
#3508 = SURFACE_CURVE('',#3509,(#3514,#3525),.PCURVE_S1.);
#3509 = ELLIPSE('',#3510,11.242538720072,11.);
#3510 = AXIS2_PLACEMENT_3D('',#3511,#3512,#3513);
#3511 = CARTESIAN_POINT('',(-0.663946193109,-69.59425510421,
    247.1155758188));
#3512 = DIRECTION('',(-0.936091235149,0.343233452888,7.696750155669E-02)
  );
#3513 = DIRECTION('',(0.347902199899,0.871091212881,0.34664702241));
#3514 = PCURVE('',#548,#3515);
#3515 = DEFINITIONAL_REPRESENTATION('',(#3516),#3524);
#3516 = B_SPLINE_CURVE_WITH_KNOTS('',6,(#3517,#3518,#3519,#3520,#3521,
    #3522,#3523),.UNSPECIFIED.,.F.,.F.,(7,7),(3.705863744005,
    4.366870787575),.PIECEWISE_BEZIER_KNOTS.);
#3517 = CARTESIAN_POINT('',(0.231340355138,318.7209190434));
#3518 = CARTESIAN_POINT('',(0.341508195733,318.85776406121));
#3519 = CARTESIAN_POINT('',(0.451676036328,319.02319272844));
#3520 = CARTESIAN_POINT('',(0.561843876923,319.21421626547));
#3521 = CARTESIAN_POINT('',(0.672011717518,319.42680146872));
#3522 = CARTESIAN_POINT('',(0.782179558113,319.65610259404));
#3523 = CARTESIAN_POINT('',(0.892347398708,319.89686077782));
#3524 = ( GEOMETRIC_REPRESENTATION_CONTEXT(2) 
PARAMETRIC_REPRESENTATION_CONTEXT() REPRESENTATION_CONTEXT('2D SPACE',''
  ) );
#3525 = PCURVE('',#3526,#3531);
#3526 = PLANE('',#3527);
#3527 = AXIS2_PLACEMENT_3D('',#3528,#3529,#3530);
#3528 = CARTESIAN_POINT('',(0.,-70.,257.));
#3529 = DIRECTION('',(-0.936091235149,0.343233452888,7.696750155669E-02)
  );
#3530 = DIRECTION('',(-0.344254649158,-0.938876315887,3.469446951954E-18
    ));
#3531 = DEFINITIONAL_REPRESENTATION('',(#3532),#3536);
#3532 = ELLIPSE('',#3533,11.242538720072,11.);
#3533 = AXIS2_PLACEMENT_2D('',#3534,#3535);
#3534 = CARTESIAN_POINT('',(-0.152377709179,-9.913832553328));
#3535 = DIRECTION('',(-0.937613858519,0.347678374814));
#3536 = ( GEOMETRIC_REPRESENTATION_CONTEXT(2) 
PARAMETRIC_REPRESENTATION_CONTEXT() REPRESENTATION_CONTEXT('2D SPACE',''
  ) );
#3537 = ORIENTED_EDGE('',*,*,#3538,.F.);
#3538 = EDGE_CURVE('',#3070,#3506,#3539,.T.);
#3539 = SURFACE_CURVE('',#3540,(#3545,#3552),.PCURVE_S1.);
#3540 = CIRCLE('',#3541,11.);
#3541 = AXIS2_PLACEMENT_3D('',#3542,#3543,#3544);
#3542 = CARTESIAN_POINT('',(0.,-70.,247.));
#3543 = DIRECTION('',(-0.844022043133,0.515791248582,0.146922355657));
#3544 = DIRECTION('',(-0.521450009454,-0.853281833652,4.163336342344E-17
    ));
#3545 = PCURVE('',#548,#3546);
#3546 = DEFINITIONAL_REPRESENTATION('',(#3547),#3551);
#3547 = LINE('',#3548,#3549);
#3548 = CARTESIAN_POINT('',(0.,319.89685837782));
#3549 = VECTOR('',#3550,1.);
#3550 = DIRECTION('',(1.,0.));
#3551 = ( GEOMETRIC_REPRESENTATION_CONTEXT(2) 
PARAMETRIC_REPRESENTATION_CONTEXT() REPRESENTATION_CONTEXT('2D SPACE',''
  ) );
#3552 = PCURVE('',#3109,#3553);
#3553 = DEFINITIONAL_REPRESENTATION('',(#3554),#3558);
#3554 = CIRCLE('',#3555,11.);
#3555 = AXIS2_PLACEMENT_2D('',#3556,#3557);
#3556 = CARTESIAN_POINT('',(0.,0.));
#3557 = DIRECTION('',(1.,0.));
#3558 = ( GEOMETRIC_REPRESENTATION_CONTEXT(2) 
PARAMETRIC_REPRESENTATION_CONTEXT() REPRESENTATION_CONTEXT('2D SPACE',''
  ) );
#3559 = ORIENTED_EDGE('',*,*,#3067,.F.);
#3560 = ORIENTED_EDGE('',*,*,#3561,.T.);
#3561 = EDGE_CURVE('',#3068,#532,#3562,.T.);
#3562 = SURFACE_CURVE('',#3563,(#3568,#3575),.PCURVE_S1.);
#3563 = CIRCLE('',#3564,11.);
#3564 = AXIS2_PLACEMENT_3D('',#3565,#3566,#3567);
#3565 = CARTESIAN_POINT('',(270.,-235.,200.));
#3566 = DIRECTION('',(-0.844022043133,0.515791248582,0.146922355657));
#3567 = DIRECTION('',(-0.521450009454,-0.853281833652,4.163336342344E-17
    ));
#3568 = PCURVE('',#548,#3569);
#3569 = DEFINITIONAL_REPRESENTATION('',(#3570),#3574);
#3570 = LINE('',#3571,#3572);
#3571 = CARTESIAN_POINT('',(0.,0.));
#3572 = VECTOR('',#3573,1.);
#3573 = DIRECTION('',(1.,0.));
#3574 = ( GEOMETRIC_REPRESENTATION_CONTEXT(2) 
PARAMETRIC_REPRESENTATION_CONTEXT() REPRESENTATION_CONTEXT('2D SPACE',''
  ) );
#3575 = PCURVE('',#586,#3576);
#3576 = DEFINITIONAL_REPRESENTATION('',(#3577),#3581);
#3577 = CIRCLE('',#3578,11.);
#3578 = AXIS2_PLACEMENT_2D('',#3579,#3580);
#3579 = CARTESIAN_POINT('',(0.,0.));
#3580 = DIRECTION('',(1.,0.));
#3581 = ( GEOMETRIC_REPRESENTATION_CONTEXT(2) 
PARAMETRIC_REPRESENTATION_CONTEXT() REPRESENTATION_CONTEXT('2D SPACE',''
  ) );
#3582 = ORIENTED_EDGE('',*,*,#529,.F.);
#3583 = ORIENTED_EDGE('',*,*,#3584,.T.);
#3584 = EDGE_CURVE('',#530,#3068,#3585,.T.);
#3585 = SURFACE_CURVE('',#3586,(#3591,#3598),.PCURVE_S1.);
#3586 = CIRCLE('',#3587,11.);
#3587 = AXIS2_PLACEMENT_3D('',#3588,#3589,#3590);
#3588 = CARTESIAN_POINT('',(270.,-235.,200.));
#3589 = DIRECTION('',(-0.844022043133,0.515791248582,0.146922355657));
#3590 = DIRECTION('',(-0.521450009454,-0.853281833652,4.163336342344E-17
    ));
#3591 = PCURVE('',#548,#3592);
#3592 = DEFINITIONAL_REPRESENTATION('',(#3593),#3597);
#3593 = LINE('',#3594,#3595);
#3594 = CARTESIAN_POINT('',(0.,0.));
#3595 = VECTOR('',#3596,1.);
#3596 = DIRECTION('',(1.,0.));
#3597 = ( GEOMETRIC_REPRESENTATION_CONTEXT(2) 
PARAMETRIC_REPRESENTATION_CONTEXT() REPRESENTATION_CONTEXT('2D SPACE',''
  ) );
#3598 = PCURVE('',#586,#3599);
#3599 = DEFINITIONAL_REPRESENTATION('',(#3600),#3604);
#3600 = CIRCLE('',#3601,11.);
#3601 = AXIS2_PLACEMENT_2D('',#3602,#3603);
#3602 = CARTESIAN_POINT('',(0.,0.));
#3603 = DIRECTION('',(1.,0.));
#3604 = ( GEOMETRIC_REPRESENTATION_CONTEXT(2) 
PARAMETRIC_REPRESENTATION_CONTEXT() REPRESENTATION_CONTEXT('2D SPACE',''
  ) );
#3605 = ADVANCED_FACE('',(#3606),#586,.F.);
#3606 = FACE_BOUND('',#3607,.F.);
#3607 = EDGE_LOOP('',(#3608,#3609,#3610));
#3608 = ORIENTED_EDGE('',*,*,#3584,.T.);
#3609 = ORIENTED_EDGE('',*,*,#3561,.T.);
#3610 = ORIENTED_EDGE('',*,*,#573,.F.);
#3611 = ADVANCED_FACE('',(#3612),#1085,.F.);
#3612 = FACE_BOUND('',#3613,.F.);
#3613 = EDGE_LOOP('',(#3614,#3637,#3665,#3686,#3687,#3688,#3709,#3710));
#3614 = ORIENTED_EDGE('',*,*,#3615,.F.);
#3615 = EDGE_CURVE('',#3616,#2214,#3618,.T.);
#3616 = VERTEX_POINT('',#3617);
#3617 = CARTESIAN_POINT('',(830.,-235.,147.5));
#3618 = SURFACE_CURVE('',#3619,(#3623,#3630),.PCURVE_S1.);
#3619 = LINE('',#3620,#3621);
#3620 = CARTESIAN_POINT('',(830.,-235.,147.5));
#3621 = VECTOR('',#3622,1.);
#3622 = DIRECTION('',(0.,0.,1.));
#3623 = PCURVE('',#1085,#3624);
#3624 = DEFINITIONAL_REPRESENTATION('',(#3625),#3629);
#3625 = LINE('',#3626,#3627);
#3626 = CARTESIAN_POINT('',(0.,0.));
#3627 = VECTOR('',#3628,1.);
#3628 = DIRECTION('',(1.,0.));
#3629 = ( GEOMETRIC_REPRESENTATION_CONTEXT(2) 
PARAMETRIC_REPRESENTATION_CONTEXT() REPRESENTATION_CONTEXT('2D SPACE',''
  ) );
#3630 = PCURVE('',#2228,#3631);
#3631 = DEFINITIONAL_REPRESENTATION('',(#3632),#3636);
#3632 = LINE('',#3633,#3634);
#3633 = CARTESIAN_POINT('',(0.,0.));
#3634 = VECTOR('',#3635,1.);
#3635 = DIRECTION('',(1.,0.));
#3636 = ( GEOMETRIC_REPRESENTATION_CONTEXT(2) 
PARAMETRIC_REPRESENTATION_CONTEXT() REPRESENTATION_CONTEXT('2D SPACE',''
  ) );
#3637 = ORIENTED_EDGE('',*,*,#3638,.T.);
#3638 = EDGE_CURVE('',#3616,#3639,#3641,.T.);
#3639 = VERTEX_POINT('',#3640);
#3640 = CARTESIAN_POINT('',(830.,235.,147.5));
#3641 = SURFACE_CURVE('',#3642,(#3646,#3653),.PCURVE_S1.);
#3642 = LINE('',#3643,#3644);
#3643 = CARTESIAN_POINT('',(830.,-235.,147.5));
#3644 = VECTOR('',#3645,1.);
#3645 = DIRECTION('',(-0.,1.,0.));
#3646 = PCURVE('',#1085,#3647);
#3647 = DEFINITIONAL_REPRESENTATION('',(#3648),#3652);
#3648 = LINE('',#3649,#3650);
#3649 = CARTESIAN_POINT('',(0.,0.));
#3650 = VECTOR('',#3651,1.);
#3651 = DIRECTION('',(0.,-1.));
#3652 = ( GEOMETRIC_REPRESENTATION_CONTEXT(2) 
PARAMETRIC_REPRESENTATION_CONTEXT() REPRESENTATION_CONTEXT('2D SPACE',''
  ) );
#3653 = PCURVE('',#3654,#3659);
#3654 = PLANE('',#3655);
#3655 = AXIS2_PLACEMENT_3D('',#3656,#3657,#3658);
#3656 = CARTESIAN_POINT('',(830.,-235.,147.5));
#3657 = DIRECTION('',(0.,0.,1.));
#3658 = DIRECTION('',(1.,0.,-0.));
#3659 = DEFINITIONAL_REPRESENTATION('',(#3660),#3664);
#3660 = LINE('',#3661,#3662);
#3661 = CARTESIAN_POINT('',(0.,0.));
#3662 = VECTOR('',#3663,1.);
#3663 = DIRECTION('',(0.,1.));
#3664 = ( GEOMETRIC_REPRESENTATION_CONTEXT(2) 
PARAMETRIC_REPRESENTATION_CONTEXT() REPRESENTATION_CONTEXT('2D SPACE',''
  ) );
#3665 = ORIENTED_EDGE('',*,*,#3666,.T.);
#3666 = EDGE_CURVE('',#3639,#1816,#3667,.T.);
#3667 = SURFACE_CURVE('',#3668,(#3672,#3679),.PCURVE_S1.);
#3668 = LINE('',#3669,#3670);
#3669 = CARTESIAN_POINT('',(830.,235.,147.5));
#3670 = VECTOR('',#3671,1.);
#3671 = DIRECTION('',(0.,0.,1.));
#3672 = PCURVE('',#1085,#3673);
#3673 = DEFINITIONAL_REPRESENTATION('',(#3674),#3678);
#3674 = LINE('',#3675,#3676);
#3675 = CARTESIAN_POINT('',(0.,-470.));
#3676 = VECTOR('',#3677,1.);
#3677 = DIRECTION('',(1.,0.));
#3678 = ( GEOMETRIC_REPRESENTATION_CONTEXT(2) 
PARAMETRIC_REPRESENTATION_CONTEXT() REPRESENTATION_CONTEXT('2D SPACE',''
  ) );
#3679 = PCURVE('',#1851,#3680);
#3680 = DEFINITIONAL_REPRESENTATION('',(#3681),#3685);
#3681 = LINE('',#3682,#3683);
#3682 = CARTESIAN_POINT('',(0.,0.));
#3683 = VECTOR('',#3684,1.);
#3684 = DIRECTION('',(1.,0.));
#3685 = ( GEOMETRIC_REPRESENTATION_CONTEXT(2) 
PARAMETRIC_REPRESENTATION_CONTEXT() REPRESENTATION_CONTEXT('2D SPACE',''
  ) );
#3686 = ORIENTED_EDGE('',*,*,#1815,.F.);
#3687 = ORIENTED_EDGE('',*,*,#1619,.F.);
#3688 = ORIENTED_EDGE('',*,*,#3689,.F.);
#3689 = EDGE_CURVE('',#1047,#1599,#3690,.T.);
#3690 = SURFACE_CURVE('',#3691,(#3695,#3702),.PCURVE_S1.);
#3691 = LINE('',#3692,#3693);
#3692 = CARTESIAN_POINT('',(830.,-235.,172.5));
#3693 = VECTOR('',#3694,1.);
#3694 = DIRECTION('',(-0.,1.,0.));
#3695 = PCURVE('',#1085,#3696);
#3696 = DEFINITIONAL_REPRESENTATION('',(#3697),#3701);
#3697 = LINE('',#3698,#3699);
#3698 = CARTESIAN_POINT('',(25.,0.));
#3699 = VECTOR('',#3700,1.);
#3700 = DIRECTION('',(0.,-1.));
#3701 = ( GEOMETRIC_REPRESENTATION_CONTEXT(2) 
PARAMETRIC_REPRESENTATION_CONTEXT() REPRESENTATION_CONTEXT('2D SPACE',''
  ) );
#3702 = PCURVE('',#1061,#3703);
#3703 = DEFINITIONAL_REPRESENTATION('',(#3704),#3708);
#3704 = LINE('',#3705,#3706);
#3705 = CARTESIAN_POINT('',(0.,0.));
#3706 = VECTOR('',#3707,1.);
#3707 = DIRECTION('',(0.,1.));
#3708 = ( GEOMETRIC_REPRESENTATION_CONTEXT(2) 
PARAMETRIC_REPRESENTATION_CONTEXT() REPRESENTATION_CONTEXT('2D SPACE',''
  ) );
#3709 = ORIENTED_EDGE('',*,*,#1072,.T.);
#3710 = ORIENTED_EDGE('',*,*,#2239,.F.);
#3711 = ADVANCED_FACE('',(#3712),#1061,.T.);
#3712 = FACE_BOUND('',#3713,.T.);
#3713 = EDGE_LOOP('',(#3714,#3715,#3716,#3737));
#3714 = ORIENTED_EDGE('',*,*,#3689,.F.);
#3715 = ORIENTED_EDGE('',*,*,#1046,.T.);
#3716 = ORIENTED_EDGE('',*,*,#3717,.T.);
#3717 = EDGE_CURVE('',#1021,#1578,#3718,.T.);
#3718 = SURFACE_CURVE('',#3719,(#3723,#3730),.PCURVE_S1.);
#3719 = LINE('',#3720,#3721);
#3720 = CARTESIAN_POINT('',(860.,-235.,172.5));
#3721 = VECTOR('',#3722,1.);
#3722 = DIRECTION('',(-0.,1.,0.));
#3723 = PCURVE('',#1061,#3724);
#3724 = DEFINITIONAL_REPRESENTATION('',(#3725),#3729);
#3725 = LINE('',#3726,#3727);
#3726 = CARTESIAN_POINT('',(30.,0.));
#3727 = VECTOR('',#3728,1.);
#3728 = DIRECTION('',(0.,1.));
#3729 = ( GEOMETRIC_REPRESENTATION_CONTEXT(2) 
PARAMETRIC_REPRESENTATION_CONTEXT() REPRESENTATION_CONTEXT('2D SPACE',''
  ) );
#3730 = PCURVE('',#1035,#3731);
#3731 = DEFINITIONAL_REPRESENTATION('',(#3732),#3736);
#3732 = LINE('',#3733,#3734);
#3733 = CARTESIAN_POINT('',(25.,0.));
#3734 = VECTOR('',#3735,1.);
#3735 = DIRECTION('',(0.,-1.));
#3736 = ( GEOMETRIC_REPRESENTATION_CONTEXT(2) 
PARAMETRIC_REPRESENTATION_CONTEXT() REPRESENTATION_CONTEXT('2D SPACE',''
  ) );
#3737 = ORIENTED_EDGE('',*,*,#1598,.F.);
#3738 = ADVANCED_FACE('',(#3739),#1035,.T.);
#3739 = FACE_BOUND('',#3740,.T.);
#3740 = EDGE_LOOP('',(#3741,#3764,#3787,#3808,#3809,#3810,#3811,#3812));
#3741 = ORIENTED_EDGE('',*,*,#3742,.F.);
#3742 = EDGE_CURVE('',#3743,#2193,#3745,.T.);
#3743 = VERTEX_POINT('',#3744);
#3744 = CARTESIAN_POINT('',(860.,-235.,147.5));
#3745 = SURFACE_CURVE('',#3746,(#3750,#3757),.PCURVE_S1.);
#3746 = LINE('',#3747,#3748);
#3747 = CARTESIAN_POINT('',(860.,-235.,147.5));
#3748 = VECTOR('',#3749,1.);
#3749 = DIRECTION('',(0.,0.,1.));
#3750 = PCURVE('',#1035,#3751);
#3751 = DEFINITIONAL_REPRESENTATION('',(#3752),#3756);
#3752 = LINE('',#3753,#3754);
#3753 = CARTESIAN_POINT('',(0.,0.));
#3754 = VECTOR('',#3755,1.);
#3755 = DIRECTION('',(1.,0.));
#3756 = ( GEOMETRIC_REPRESENTATION_CONTEXT(2) 
PARAMETRIC_REPRESENTATION_CONTEXT() REPRESENTATION_CONTEXT('2D SPACE',''
  ) );
#3757 = PCURVE('',#2228,#3758);
#3758 = DEFINITIONAL_REPRESENTATION('',(#3759),#3763);
#3759 = LINE('',#3760,#3761);
#3760 = CARTESIAN_POINT('',(0.,30.));
#3761 = VECTOR('',#3762,1.);
#3762 = DIRECTION('',(1.,0.));
#3763 = ( GEOMETRIC_REPRESENTATION_CONTEXT(2) 
PARAMETRIC_REPRESENTATION_CONTEXT() REPRESENTATION_CONTEXT('2D SPACE',''
  ) );
#3764 = ORIENTED_EDGE('',*,*,#3765,.T.);
#3765 = EDGE_CURVE('',#3743,#3766,#3768,.T.);
#3766 = VERTEX_POINT('',#3767);
#3767 = CARTESIAN_POINT('',(860.,235.,147.5));
#3768 = SURFACE_CURVE('',#3769,(#3773,#3780),.PCURVE_S1.);
#3769 = LINE('',#3770,#3771);
#3770 = CARTESIAN_POINT('',(860.,-235.,147.5));
#3771 = VECTOR('',#3772,1.);
#3772 = DIRECTION('',(-0.,1.,0.));
#3773 = PCURVE('',#1035,#3774);
#3774 = DEFINITIONAL_REPRESENTATION('',(#3775),#3779);
#3775 = LINE('',#3776,#3777);
#3776 = CARTESIAN_POINT('',(0.,0.));
#3777 = VECTOR('',#3778,1.);
#3778 = DIRECTION('',(0.,-1.));
#3779 = ( GEOMETRIC_REPRESENTATION_CONTEXT(2) 
PARAMETRIC_REPRESENTATION_CONTEXT() REPRESENTATION_CONTEXT('2D SPACE',''
  ) );
#3780 = PCURVE('',#3654,#3781);
#3781 = DEFINITIONAL_REPRESENTATION('',(#3782),#3786);
#3782 = LINE('',#3783,#3784);
#3783 = CARTESIAN_POINT('',(30.,0.));
#3784 = VECTOR('',#3785,1.);
#3785 = DIRECTION('',(0.,1.));
#3786 = ( GEOMETRIC_REPRESENTATION_CONTEXT(2) 
PARAMETRIC_REPRESENTATION_CONTEXT() REPRESENTATION_CONTEXT('2D SPACE',''
  ) );
#3787 = ORIENTED_EDGE('',*,*,#3788,.T.);
#3788 = EDGE_CURVE('',#3766,#1837,#3789,.T.);
#3789 = SURFACE_CURVE('',#3790,(#3794,#3801),.PCURVE_S1.);
#3790 = LINE('',#3791,#3792);
#3791 = CARTESIAN_POINT('',(860.,235.,147.5));
#3792 = VECTOR('',#3793,1.);
#3793 = DIRECTION('',(0.,0.,1.));
#3794 = PCURVE('',#1035,#3795);
#3795 = DEFINITIONAL_REPRESENTATION('',(#3796),#3800);
#3796 = LINE('',#3797,#3798);
#3797 = CARTESIAN_POINT('',(0.,-470.));
#3798 = VECTOR('',#3799,1.);
#3799 = DIRECTION('',(1.,0.));
#3800 = ( GEOMETRIC_REPRESENTATION_CONTEXT(2) 
PARAMETRIC_REPRESENTATION_CONTEXT() REPRESENTATION_CONTEXT('2D SPACE',''
  ) );
#3801 = PCURVE('',#1851,#3802);
#3802 = DEFINITIONAL_REPRESENTATION('',(#3803),#3807);
#3803 = LINE('',#3804,#3805);
#3804 = CARTESIAN_POINT('',(0.,30.));
#3805 = VECTOR('',#3806,1.);
#3806 = DIRECTION('',(1.,0.));
#3807 = ( GEOMETRIC_REPRESENTATION_CONTEXT(2) 
PARAMETRIC_REPRESENTATION_CONTEXT() REPRESENTATION_CONTEXT('2D SPACE',''
  ) );
#3808 = ORIENTED_EDGE('',*,*,#1862,.F.);
#3809 = ORIENTED_EDGE('',*,*,#1577,.F.);
#3810 = ORIENTED_EDGE('',*,*,#3717,.F.);
#3811 = ORIENTED_EDGE('',*,*,#1020,.T.);
#3812 = ORIENTED_EDGE('',*,*,#2192,.F.);
#3813 = ADVANCED_FACE('',(#3814),#986,.F.);
#3814 = FACE_BOUND('',#3815,.F.);
#3815 = EDGE_LOOP('',(#3816,#3839,#3867,#3888,#3889,#3890,#3911,#3912));
#3816 = ORIENTED_EDGE('',*,*,#3817,.F.);
#3817 = EDGE_CURVE('',#3818,#2147,#3820,.T.);
#3818 = VERTEX_POINT('',#3819);
#3819 = CARTESIAN_POINT('',(1.39E+03,-235.,147.5));
#3820 = SURFACE_CURVE('',#3821,(#3825,#3832),.PCURVE_S1.);
#3821 = LINE('',#3822,#3823);
#3822 = CARTESIAN_POINT('',(1.39E+03,-235.,147.5));
#3823 = VECTOR('',#3824,1.);
#3824 = DIRECTION('',(0.,0.,1.));
#3825 = PCURVE('',#986,#3826);
#3826 = DEFINITIONAL_REPRESENTATION('',(#3827),#3831);
#3827 = LINE('',#3828,#3829);
#3828 = CARTESIAN_POINT('',(0.,0.));
#3829 = VECTOR('',#3830,1.);
#3830 = DIRECTION('',(1.,0.));
#3831 = ( GEOMETRIC_REPRESENTATION_CONTEXT(2) 
PARAMETRIC_REPRESENTATION_CONTEXT() REPRESENTATION_CONTEXT('2D SPACE',''
  ) );
#3832 = PCURVE('',#2161,#3833);
#3833 = DEFINITIONAL_REPRESENTATION('',(#3834),#3838);
#3834 = LINE('',#3835,#3836);
#3835 = CARTESIAN_POINT('',(0.,0.));
#3836 = VECTOR('',#3837,1.);
#3837 = DIRECTION('',(1.,0.));
#3838 = ( GEOMETRIC_REPRESENTATION_CONTEXT(2) 
PARAMETRIC_REPRESENTATION_CONTEXT() REPRESENTATION_CONTEXT('2D SPACE',''
  ) );
#3839 = ORIENTED_EDGE('',*,*,#3840,.T.);
#3840 = EDGE_CURVE('',#3818,#3841,#3843,.T.);
#3841 = VERTEX_POINT('',#3842);
#3842 = CARTESIAN_POINT('',(1.39E+03,235.,147.5));
#3843 = SURFACE_CURVE('',#3844,(#3848,#3855),.PCURVE_S1.);
#3844 = LINE('',#3845,#3846);
#3845 = CARTESIAN_POINT('',(1.39E+03,-235.,147.5));
#3846 = VECTOR('',#3847,1.);
#3847 = DIRECTION('',(-0.,1.,0.));
#3848 = PCURVE('',#986,#3849);
#3849 = DEFINITIONAL_REPRESENTATION('',(#3850),#3854);
#3850 = LINE('',#3851,#3852);
#3851 = CARTESIAN_POINT('',(0.,0.));
#3852 = VECTOR('',#3853,1.);
#3853 = DIRECTION('',(0.,-1.));
#3854 = ( GEOMETRIC_REPRESENTATION_CONTEXT(2) 
PARAMETRIC_REPRESENTATION_CONTEXT() REPRESENTATION_CONTEXT('2D SPACE',''
  ) );
#3855 = PCURVE('',#3856,#3861);
#3856 = PLANE('',#3857);
#3857 = AXIS2_PLACEMENT_3D('',#3858,#3859,#3860);
#3858 = CARTESIAN_POINT('',(1.39E+03,-235.,147.5));
#3859 = DIRECTION('',(0.,0.,1.));
#3860 = DIRECTION('',(1.,0.,-0.));
#3861 = DEFINITIONAL_REPRESENTATION('',(#3862),#3866);
#3862 = LINE('',#3863,#3864);
#3863 = CARTESIAN_POINT('',(0.,0.));
#3864 = VECTOR('',#3865,1.);
#3865 = DIRECTION('',(0.,1.));
#3866 = ( GEOMETRIC_REPRESENTATION_CONTEXT(2) 
PARAMETRIC_REPRESENTATION_CONTEXT() REPRESENTATION_CONTEXT('2D SPACE',''
  ) );
#3867 = ORIENTED_EDGE('',*,*,#3868,.T.);
#3868 = EDGE_CURVE('',#3841,#1883,#3869,.T.);
#3869 = SURFACE_CURVE('',#3870,(#3874,#3881),.PCURVE_S1.);
#3870 = LINE('',#3871,#3872);
#3871 = CARTESIAN_POINT('',(1.39E+03,235.,147.5));
#3872 = VECTOR('',#3873,1.);
#3873 = DIRECTION('',(0.,0.,1.));
#3874 = PCURVE('',#986,#3875);
#3875 = DEFINITIONAL_REPRESENTATION('',(#3876),#3880);
#3876 = LINE('',#3877,#3878);
#3877 = CARTESIAN_POINT('',(0.,-470.));
#3878 = VECTOR('',#3879,1.);
#3879 = DIRECTION('',(1.,0.));
#3880 = ( GEOMETRIC_REPRESENTATION_CONTEXT(2) 
PARAMETRIC_REPRESENTATION_CONTEXT() REPRESENTATION_CONTEXT('2D SPACE',''
  ) );
#3881 = PCURVE('',#1918,#3882);
#3882 = DEFINITIONAL_REPRESENTATION('',(#3883),#3887);
#3883 = LINE('',#3884,#3885);
#3884 = CARTESIAN_POINT('',(0.,0.));
#3885 = VECTOR('',#3886,1.);
#3886 = DIRECTION('',(1.,0.));
#3887 = ( GEOMETRIC_REPRESENTATION_CONTEXT(2) 
PARAMETRIC_REPRESENTATION_CONTEXT() REPRESENTATION_CONTEXT('2D SPACE',''
  ) );
#3888 = ORIENTED_EDGE('',*,*,#1882,.F.);
#3889 = ORIENTED_EDGE('',*,*,#1533,.F.);
#3890 = ORIENTED_EDGE('',*,*,#3891,.F.);
#3891 = EDGE_CURVE('',#946,#1513,#3892,.T.);
#3892 = SURFACE_CURVE('',#3893,(#3897,#3904),.PCURVE_S1.);
#3893 = LINE('',#3894,#3895);
#3894 = CARTESIAN_POINT('',(1.39E+03,-235.,172.5));
#3895 = VECTOR('',#3896,1.);
#3896 = DIRECTION('',(-0.,1.,0.));
#3897 = PCURVE('',#986,#3898);
#3898 = DEFINITIONAL_REPRESENTATION('',(#3899),#3903);
#3899 = LINE('',#3900,#3901);
#3900 = CARTESIAN_POINT('',(25.,0.));
#3901 = VECTOR('',#3902,1.);
#3902 = DIRECTION('',(0.,-1.));
#3903 = ( GEOMETRIC_REPRESENTATION_CONTEXT(2) 
PARAMETRIC_REPRESENTATION_CONTEXT() REPRESENTATION_CONTEXT('2D SPACE',''
  ) );
#3904 = PCURVE('',#960,#3905);
#3905 = DEFINITIONAL_REPRESENTATION('',(#3906),#3910);
#3906 = LINE('',#3907,#3908);
#3907 = CARTESIAN_POINT('',(0.,0.));
#3908 = VECTOR('',#3909,1.);
#3909 = DIRECTION('',(0.,1.));
#3910 = ( GEOMETRIC_REPRESENTATION_CONTEXT(2) 
PARAMETRIC_REPRESENTATION_CONTEXT() REPRESENTATION_CONTEXT('2D SPACE',''
  ) );
#3911 = ORIENTED_EDGE('',*,*,#971,.T.);
#3912 = ORIENTED_EDGE('',*,*,#2172,.F.);
#3913 = ADVANCED_FACE('',(#3914),#960,.T.);
#3914 = FACE_BOUND('',#3915,.T.);
#3915 = EDGE_LOOP('',(#3916,#3917,#3918,#3939));
#3916 = ORIENTED_EDGE('',*,*,#3891,.F.);
#3917 = ORIENTED_EDGE('',*,*,#945,.T.);
#3918 = ORIENTED_EDGE('',*,*,#3919,.T.);
#3919 = EDGE_CURVE('',#923,#1490,#3920,.T.);
#3920 = SURFACE_CURVE('',#3921,(#3925,#3932),.PCURVE_S1.);
#3921 = LINE('',#3922,#3923);
#3922 = CARTESIAN_POINT('',(1.42E+03,-235.,172.5));
#3923 = VECTOR('',#3924,1.);
#3924 = DIRECTION('',(-0.,1.,0.));
#3925 = PCURVE('',#960,#3926);
#3926 = DEFINITIONAL_REPRESENTATION('',(#3927),#3931);
#3927 = LINE('',#3928,#3929);
#3928 = CARTESIAN_POINT('',(30.,0.));
#3929 = VECTOR('',#3930,1.);
#3930 = DIRECTION('',(0.,1.));
#3931 = ( GEOMETRIC_REPRESENTATION_CONTEXT(2) 
PARAMETRIC_REPRESENTATION_CONTEXT() REPRESENTATION_CONTEXT('2D SPACE',''
  ) );
#3932 = PCURVE('',#854,#3933);
#3933 = DEFINITIONAL_REPRESENTATION('',(#3934),#3938);
#3934 = LINE('',#3935,#3936);
#3935 = CARTESIAN_POINT('',(2.5,-15.));
#3936 = VECTOR('',#3937,1.);
#3937 = DIRECTION('',(0.,-1.));
#3938 = ( GEOMETRIC_REPRESENTATION_CONTEXT(2) 
PARAMETRIC_REPRESENTATION_CONTEXT() REPRESENTATION_CONTEXT('2D SPACE',''
  ) );
#3939 = ORIENTED_EDGE('',*,*,#1512,.F.);
#3940 = ADVANCED_FACE('',(#3941),#854,.T.);
#3941 = FACE_BOUND('',#3942,.T.);
#3942 = EDGE_LOOP('',(#3943,#3944,#3945,#3946,#3947,#3970,#3993,#4014,
    #4015,#4016,#4017,#4018,#4053,#4079,#4112,#4113,#4114,#4115,#4159,
    #4185));
#3943 = ORIENTED_EDGE('',*,*,#838,.T.);
#3944 = ORIENTED_EDGE('',*,*,#2504,.F.);
#3945 = ORIENTED_EDGE('',*,*,#2282,.F.);
#3946 = ORIENTED_EDGE('',*,*,#2123,.T.);
#3947 = ORIENTED_EDGE('',*,*,#3948,.F.);
#3948 = EDGE_CURVE('',#3949,#2124,#3951,.T.);
#3949 = VERTEX_POINT('',#3950);
#3950 = CARTESIAN_POINT('',(1.42E+03,-235.,147.5));
#3951 = SURFACE_CURVE('',#3952,(#3956,#3963),.PCURVE_S1.);
#3952 = LINE('',#3953,#3954);
#3953 = CARTESIAN_POINT('',(1.42E+03,-235.,147.5));
#3954 = VECTOR('',#3955,1.);
#3955 = DIRECTION('',(0.,0.,1.));
#3956 = PCURVE('',#854,#3957);
#3957 = DEFINITIONAL_REPRESENTATION('',(#3958),#3962);
#3958 = LINE('',#3959,#3960);
#3959 = CARTESIAN_POINT('',(-22.5,-15.));
#3960 = VECTOR('',#3961,1.);
#3961 = DIRECTION('',(1.,0.));
#3962 = ( GEOMETRIC_REPRESENTATION_CONTEXT(2) 
PARAMETRIC_REPRESENTATION_CONTEXT() REPRESENTATION_CONTEXT('2D SPACE',''
  ) );
#3963 = PCURVE('',#2161,#3964);
#3964 = DEFINITIONAL_REPRESENTATION('',(#3965),#3969);
#3965 = LINE('',#3966,#3967);
#3966 = CARTESIAN_POINT('',(0.,30.));
#3967 = VECTOR('',#3968,1.);
#3968 = DIRECTION('',(1.,0.));
#3969 = ( GEOMETRIC_REPRESENTATION_CONTEXT(2) 
PARAMETRIC_REPRESENTATION_CONTEXT() REPRESENTATION_CONTEXT('2D SPACE',''
  ) );
#3970 = ORIENTED_EDGE('',*,*,#3971,.T.);
#3971 = EDGE_CURVE('',#3949,#3972,#3974,.T.);
#3972 = VERTEX_POINT('',#3973);
#3973 = CARTESIAN_POINT('',(1.42E+03,235.,147.5));
#3974 = SURFACE_CURVE('',#3975,(#3979,#3986),.PCURVE_S1.);
#3975 = LINE('',#3976,#3977);
#3976 = CARTESIAN_POINT('',(1.42E+03,-235.,147.5));
#3977 = VECTOR('',#3978,1.);
#3978 = DIRECTION('',(-0.,1.,0.));
#3979 = PCURVE('',#854,#3980);
#3980 = DEFINITIONAL_REPRESENTATION('',(#3981),#3985);
#3981 = LINE('',#3982,#3983);
#3982 = CARTESIAN_POINT('',(-22.5,-15.));
#3983 = VECTOR('',#3984,1.);
#3984 = DIRECTION('',(0.,-1.));
#3985 = ( GEOMETRIC_REPRESENTATION_CONTEXT(2) 
PARAMETRIC_REPRESENTATION_CONTEXT() REPRESENTATION_CONTEXT('2D SPACE',''
  ) );
#3986 = PCURVE('',#3856,#3987);
#3987 = DEFINITIONAL_REPRESENTATION('',(#3988),#3992);
#3988 = LINE('',#3989,#3990);
#3989 = CARTESIAN_POINT('',(30.,0.));
#3990 = VECTOR('',#3991,1.);
#3991 = DIRECTION('',(0.,1.));
#3992 = ( GEOMETRIC_REPRESENTATION_CONTEXT(2) 
PARAMETRIC_REPRESENTATION_CONTEXT() REPRESENTATION_CONTEXT('2D SPACE',''
  ) );
#3993 = ORIENTED_EDGE('',*,*,#3994,.T.);
#3994 = EDGE_CURVE('',#3972,#1904,#3995,.T.);
#3995 = SURFACE_CURVE('',#3996,(#4000,#4007),.PCURVE_S1.);
#3996 = LINE('',#3997,#3998);
#3997 = CARTESIAN_POINT('',(1.42E+03,235.,147.5));
#3998 = VECTOR('',#3999,1.);
#3999 = DIRECTION('',(0.,0.,1.));
#4000 = PCURVE('',#854,#4001);
#4001 = DEFINITIONAL_REPRESENTATION('',(#4002),#4006);
#4002 = LINE('',#4003,#4004);
#4003 = CARTESIAN_POINT('',(-22.5,-485.));
#4004 = VECTOR('',#4005,1.);
#4005 = DIRECTION('',(1.,0.));
#4006 = ( GEOMETRIC_REPRESENTATION_CONTEXT(2) 
PARAMETRIC_REPRESENTATION_CONTEXT() REPRESENTATION_CONTEXT('2D SPACE',''
  ) );
#4007 = PCURVE('',#1918,#4008);
#4008 = DEFINITIONAL_REPRESENTATION('',(#4009),#4013);
#4009 = LINE('',#4010,#4011);
#4010 = CARTESIAN_POINT('',(0.,30.));
#4011 = VECTOR('',#4012,1.);
#4012 = DIRECTION('',(1.,0.));
#4013 = ( GEOMETRIC_REPRESENTATION_CONTEXT(2) 
PARAMETRIC_REPRESENTATION_CONTEXT() REPRESENTATION_CONTEXT('2D SPACE',''
  ) );
#4014 = ORIENTED_EDGE('',*,*,#1929,.T.);
#4015 = ORIENTED_EDGE('',*,*,#1749,.T.);
#4016 = ORIENTED_EDGE('',*,*,#1700,.F.);
#4017 = ORIENTED_EDGE('',*,*,#1359,.F.);
#4018 = ORIENTED_EDGE('',*,*,#4019,.F.);
#4019 = EDGE_CURVE('',#4020,#1360,#4022,.T.);
#4020 = VERTEX_POINT('',#4021);
#4021 = CARTESIAN_POINT('',(1.42E+03,235.71700652762,213.98162728867));
#4022 = SURFACE_CURVE('',#4023,(#4028,#4035),.PCURVE_S1.);
#4023 = ELLIPSE('',#4024,47.662295836903,14.);
#4024 = AXIS2_PLACEMENT_3D('',#4025,#4026,#4027);
#4025 = CARTESIAN_POINT('',(1.42E+03,235.,200.));
#4026 = DIRECTION('',(1.,0.,0.));
#4027 = DIRECTION('',(0.,-0.998687663477,5.121475197316E-02));
#4028 = PCURVE('',#854,#4029);
#4029 = DEFINITIONAL_REPRESENTATION('',(#4030),#4034);
#4030 = ELLIPSE('',#4031,47.662295836903,14.);
#4031 = AXIS2_PLACEMENT_2D('',#4032,#4033);
#4032 = CARTESIAN_POINT('',(30.,-485.));
#4033 = DIRECTION('',(5.121475197316E-02,0.998687663477));
#4034 = ( GEOMETRIC_REPRESENTATION_CONTEXT(2) 
PARAMETRIC_REPRESENTATION_CONTEXT() REPRESENTATION_CONTEXT('2D SPACE',''
  ) );
#4035 = PCURVE('',#1399,#4036);
#4036 = DEFINITIONAL_REPRESENTATION('',(#4037),#4052);
#4037 = B_SPLINE_CURVE_WITH_KNOTS('',7,(#4038,#4039,#4040,#4041,#4042,
    #4043,#4044,#4045,#4046,#4047,#4048,#4049,#4050,#4051),
  .UNSPECIFIED.,.F.,.F.,(8,6,8),(4.712388927707,5.505318169101,
    6.298247410496),.UNSPECIFIED.);
#4038 = CARTESIAN_POINT('',(4.697326824391,-2.400000028047E-06));
#4039 = CARTESIAN_POINT('',(4.810602430304,5.160810392182));
#4040 = CARTESIAN_POINT('',(4.923878036217,10.321623124272));
#4041 = CARTESIAN_POINT('',(5.037153642131,15.374276797038));
#4042 = CARTESIAN_POINT('',(5.150429248044,20.210608804255));
#4043 = CARTESIAN_POINT('',(5.263704853958,24.728133376808));
#4044 = CARTESIAN_POINT('',(5.376980459872,28.835677272983));
#4045 = CARTESIAN_POINT('',(5.603531671699,36.07899714138));
#4046 = CARTESIAN_POINT('',(5.716807277612,39.214772978832));
#4047 = CARTESIAN_POINT('',(5.830082883526,41.788764353376));
#4048 = CARTESIAN_POINT('',(5.943358489439,43.740335793955));
#4049 = CARTESIAN_POINT('',(6.056634095353,45.028131930494));
#4050 = CARTESIAN_POINT('',(6.169909701266,45.632351624749));
#4051 = CARTESIAN_POINT('',(6.28318530718,45.554621868407));
#4052 = ( GEOMETRIC_REPRESENTATION_CONTEXT(2) 
PARAMETRIC_REPRESENTATION_CONTEXT() REPRESENTATION_CONTEXT('2D SPACE',''
  ) );
#4053 = ORIENTED_EDGE('',*,*,#4054,.T.);
#4054 = EDGE_CURVE('',#4020,#4055,#4057,.T.);
#4055 = VERTEX_POINT('',#4056);
#4056 = CARTESIAN_POINT('',(1.42E+03,234.28299347237,186.01837271132));
#4057 = SURFACE_CURVE('',#4058,(#4062,#4068),.PCURVE_S1.);
#4058 = LINE('',#4059,#4060);
#4059 = CARTESIAN_POINT('',(1.42E+03,233.59672131147,172.63606557377));
#4060 = VECTOR('',#4061,1.);
#4061 = DIRECTION('',(0.,-5.121475197316E-02,-0.998687663477));
#4062 = PCURVE('',#854,#4063);
#4063 = DEFINITIONAL_REPRESENTATION('',(#4064),#4067);
#4064 = B_SPLINE_CURVE_WITH_KNOTS('',1,(#4065,#4066),.UNSPECIFIED.,.F.,
  .F.,(2,2),(-41.40148052446,-13.39830408681),.PIECEWISE_BEZIER_KNOTS.);
#4065 = CARTESIAN_POINT('',(43.983213423219,-485.7170878678));
#4066 = CARTESIAN_POINT('',(16.016786576781,-484.2829121321));
#4067 = ( GEOMETRIC_REPRESENTATION_CONTEXT(2) 
PARAMETRIC_REPRESENTATION_CONTEXT() REPRESENTATION_CONTEXT('2D SPACE',''
  ) );
#4068 = PCURVE('',#4069,#4074);
#4069 = PLANE('',#4070);
#4070 = AXIS2_PLACEMENT_3D('',#4071,#4072,#4073);
#4071 = CARTESIAN_POINT('',(1.42E+03,235.,200.));
#4072 = DIRECTION('',(0.293733227789,-0.954632990314,4.895553796481E-02)
  );
#4073 = DIRECTION('',(-0.955779008722,-0.294085848838,0.));
#4074 = DEFINITIONAL_REPRESENTATION('',(#4075),#4078);
#4075 = B_SPLINE_CURVE_WITH_KNOTS('',1,(#4076,#4077),.UNSPECIFIED.,.F.,
  .F.,(2,2),(-41.40148052446,-13.39830408681),.PIECEWISE_BEZIER_KNOTS.);
#4076 = CARTESIAN_POINT('',(-0.21088539431,-14.));
#4077 = CARTESIAN_POINT('',(0.21088539431,14.));
#4078 = ( GEOMETRIC_REPRESENTATION_CONTEXT(2) 
PARAMETRIC_REPRESENTATION_CONTEXT() REPRESENTATION_CONTEXT('2D SPACE',''
  ) );
#4079 = ORIENTED_EDGE('',*,*,#4080,.F.);
#4080 = EDGE_CURVE('',#1439,#4055,#4081,.T.);
#4081 = SURFACE_CURVE('',#4082,(#4087,#4094),.PCURVE_S1.);
#4082 = ELLIPSE('',#4083,47.662295836903,14.);
#4083 = AXIS2_PLACEMENT_3D('',#4084,#4085,#4086);
#4084 = CARTESIAN_POINT('',(1.42E+03,235.,200.));
#4085 = DIRECTION('',(1.,0.,0.));
#4086 = DIRECTION('',(0.,-0.998687663477,5.121475197316E-02));
#4087 = PCURVE('',#854,#4088);
#4088 = DEFINITIONAL_REPRESENTATION('',(#4089),#4093);
#4089 = ELLIPSE('',#4090,47.662295836903,14.);
#4090 = AXIS2_PLACEMENT_2D('',#4091,#4092);
#4091 = CARTESIAN_POINT('',(30.,-485.));
#4092 = DIRECTION('',(5.121475197316E-02,0.998687663477));
#4093 = ( GEOMETRIC_REPRESENTATION_CONTEXT(2) 
PARAMETRIC_REPRESENTATION_CONTEXT() REPRESENTATION_CONTEXT('2D SPACE',''
  ) );
#4094 = PCURVE('',#1399,#4095);
#4095 = DEFINITIONAL_REPRESENTATION('',(#4096),#4111);
#4096 = B_SPLINE_CURVE_WITH_KNOTS('',7,(#4097,#4098,#4099,#4100,#4101,
    #4102,#4103,#4104,#4105,#4106,#4107,#4108,#4109,#4110),
  .UNSPECIFIED.,.F.,.F.,(8,6,8),(1.506210331616E-02,0.792929241395,
    1.570796379473),.UNSPECIFIED.);
#4097 = CARTESIAN_POINT('',(0.,45.554621868407));
#4098 = CARTESIAN_POINT('',(0.111123876868,45.478368629212));
#4099 = CARTESIAN_POINT('',(0.222247753737,44.745827868872));
#4100 = CARTESIAN_POINT('',(0.333371630605,43.358539309906));
#4101 = CARTESIAN_POINT('',(0.444495507473,41.337889225491));
#4102 = CARTESIAN_POINT('',(0.555619384342,38.725067576637));
#4103 = CARTESIAN_POINT('',(0.66674326121,35.57889186931));
#4104 = CARTESIAN_POINT('',(0.888991014947,28.365321208424));
#4105 = CARTESIAN_POINT('',(1.000114891815,24.297926370105));
#4106 = CARTESIAN_POINT('',(1.111238768684,19.84266893269));
#4107 = CARTESIAN_POINT('',(1.222362645552,15.086227061714));
#4108 = CARTESIAN_POINT('',(1.33348652242,10.125558492153));
#4109 = CARTESIAN_POINT('',(1.444610399288,5.062778069229));
#4110 = CARTESIAN_POINT('',(1.555734276157,-2.399999999625E-06));
#4111 = ( GEOMETRIC_REPRESENTATION_CONTEXT(2) 
PARAMETRIC_REPRESENTATION_CONTEXT() REPRESENTATION_CONTEXT('2D SPACE',''
  ) );
#4112 = ORIENTED_EDGE('',*,*,#1489,.F.);
#4113 = ORIENTED_EDGE('',*,*,#3919,.F.);
#4114 = ORIENTED_EDGE('',*,*,#922,.T.);
#4115 = ORIENTED_EDGE('',*,*,#4116,.F.);
#4116 = EDGE_CURVE('',#4117,#867,#4119,.T.);
#4117 = VERTEX_POINT('',#4118);
#4118 = CARTESIAN_POINT('',(1.42E+03,-234.2829934723,186.01837271132));
#4119 = SURFACE_CURVE('',#4120,(#4125,#4132),.PCURVE_S1.);
#4120 = ELLIPSE('',#4121,47.662295836903,14.);
#4121 = AXIS2_PLACEMENT_3D('',#4122,#4123,#4124);
#4122 = CARTESIAN_POINT('',(1.42E+03,-235.,200.));
#4123 = DIRECTION('',(1.,0.,-0.));
#4124 = DIRECTION('',(0.,0.998687663477,5.121475197316E-02));
#4125 = PCURVE('',#854,#4126);
#4126 = DEFINITIONAL_REPRESENTATION('',(#4127),#4131);
#4127 = ELLIPSE('',#4128,47.662295836903,14.);
#4128 = AXIS2_PLACEMENT_2D('',#4129,#4130);
#4129 = CARTESIAN_POINT('',(30.,-15.));
#4130 = DIRECTION('',(5.121475197316E-02,-0.998687663477));
#4131 = ( GEOMETRIC_REPRESENTATION_CONTEXT(2) 
PARAMETRIC_REPRESENTATION_CONTEXT() REPRESENTATION_CONTEXT('2D SPACE',''
  ) );
#4132 = PCURVE('',#883,#4133);
#4133 = DEFINITIONAL_REPRESENTATION('',(#4134),#4158);
#4134 = B_SPLINE_CURVE_WITH_KNOTS('',8,(#4135,#4136,#4137,#4138,#4139,
    #4140,#4141,#4142,#4143,#4144,#4145,#4146,#4147,#4148,#4149,#4150,
    #4151,#4152,#4153,#4154,#4155,#4156,#4157),.UNSPECIFIED.,.F.,.F.,(9,
    7,7,9),(4.712388927707,5.497787117443,6.675884402048,7.853981686653)
  ,.UNSPECIFIED.);
#4135 = CARTESIAN_POINT('',(1.585858377433,-2.399999999625E-06));
#4136 = CARTESIAN_POINT('',(1.68403315115,4.472819651868));
#4137 = CARTESIAN_POINT('',(1.782207924867,8.945641664044));
#4138 = CARTESIAN_POINT('',(1.880382698584,13.352772128439));
#4139 = CARTESIAN_POINT('',(1.978557472302,17.628517881017));
#4140 = CARTESIAN_POINT('',(2.076732246019,21.709214834877));
#4141 = CARTESIAN_POINT('',(2.174907019735,25.535248441416));
#4142 = CARTESIAN_POINT('',(2.273081793452,29.052872564381));
#4143 = CARTESIAN_POINT('',(2.518518727745,36.959779782432));
#4144 = CARTESIAN_POINT('',(2.665780888323,40.905486555115));
#4145 = CARTESIAN_POINT('',(2.813043048885,43.89598241981));
#4146 = CARTESIAN_POINT('',(2.960305209477,45.811435458483));
#4147 = CARTESIAN_POINT('',(3.10756737004,46.579822547559));
#4148 = CARTESIAN_POINT('',(3.254829530624,46.183572833936));
#4149 = CARTESIAN_POINT('',(3.402091691199,44.659269474448));
#4150 = CARTESIAN_POINT('',(3.69661601235,39.524244625684));
#4151 = CARTESIAN_POINT('',(3.843878172922,35.913522995175));
#4152 = CARTESIAN_POINT('',(3.991140333503,31.344438600194));
#4153 = CARTESIAN_POINT('',(4.138402494038,25.950092401006));
#4154 = CARTESIAN_POINT('',(4.285664654662,19.905985566686));
#4155 = CARTESIAN_POINT('',(4.432926815223,13.418463999649));
#4156 = CARTESIAN_POINT('',(4.580188975803,6.709230677801));
#4157 = CARTESIAN_POINT('',(4.727451136379,-2.399999971203E-06));
#4158 = ( GEOMETRIC_REPRESENTATION_CONTEXT(2) 
PARAMETRIC_REPRESENTATION_CONTEXT() REPRESENTATION_CONTEXT('2D SPACE',''
  ) );
#4159 = ORIENTED_EDGE('',*,*,#4160,.T.);
#4160 = EDGE_CURVE('',#4117,#4161,#4163,.T.);
#4161 = VERTEX_POINT('',#4162);
#4162 = CARTESIAN_POINT('',(1.42E+03,-235.7170065276,213.98162728867));
#4163 = SURFACE_CURVE('',#4164,(#4168,#4174),.PCURVE_S1.);
#4164 = LINE('',#4165,#4166);
#4165 = CARTESIAN_POINT('',(1.42E+03,-234.2524590163,185.42295081967));
#4166 = VECTOR('',#4167,1.);
#4167 = DIRECTION('',(0.,-5.121475197316E-02,0.998687663477));
#4168 = PCURVE('',#854,#4169);
#4169 = DEFINITIONAL_REPRESENTATION('',(#4170),#4173);
#4170 = B_SPLINE_CURVE_WITH_KNOTS('',1,(#4171,#4172),.UNSPECIFIED.,.F.,
  .F.,(2,2),(0.594616093525,28.597792531175),.PIECEWISE_BEZIER_KNOTS.);
#4171 = CARTESIAN_POINT('',(16.016786576781,-15.71708786785));
#4172 = CARTESIAN_POINT('',(43.983213423219,-14.28291213214));
#4173 = ( GEOMETRIC_REPRESENTATION_CONTEXT(2) 
PARAMETRIC_REPRESENTATION_CONTEXT() REPRESENTATION_CONTEXT('2D SPACE',''
  ) );
#4174 = PCURVE('',#4175,#4180);
#4175 = PLANE('',#4176);
#4176 = AXIS2_PLACEMENT_3D('',#4177,#4178,#4179);
#4177 = CARTESIAN_POINT('',(1.42E+03,-235.,200.));
#4178 = DIRECTION('',(0.293733227789,0.954632990314,4.895553796481E-02)
  );
#4179 = DIRECTION('',(0.955779008722,-0.294085848838,0.));
#4180 = DEFINITIONAL_REPRESENTATION('',(#4181),#4184);
#4181 = B_SPLINE_CURVE_WITH_KNOTS('',1,(#4182,#4183),.UNSPECIFIED.,.F.,
  .F.,(2,2),(0.594616093525,28.597792531175),.PIECEWISE_BEZIER_KNOTS.);
#4182 = CARTESIAN_POINT('',(-0.21088539431,14.));
#4183 = CARTESIAN_POINT('',(0.21088539431,-14.));
#4184 = ( GEOMETRIC_REPRESENTATION_CONTEXT(2) 
PARAMETRIC_REPRESENTATION_CONTEXT() REPRESENTATION_CONTEXT('2D SPACE',''
  ) );
#4185 = ORIENTED_EDGE('',*,*,#4186,.F.);
#4186 = EDGE_CURVE('',#839,#4161,#4187,.T.);
#4187 = SURFACE_CURVE('',#4188,(#4193,#4200),.PCURVE_S1.);
#4188 = ELLIPSE('',#4189,47.662295836903,14.);
#4189 = AXIS2_PLACEMENT_3D('',#4190,#4191,#4192);
#4190 = CARTESIAN_POINT('',(1.42E+03,-235.,200.));
#4191 = DIRECTION('',(1.,0.,-0.));
#4192 = DIRECTION('',(0.,0.998687663477,5.121475197316E-02));
#4193 = PCURVE('',#854,#4194);
#4194 = DEFINITIONAL_REPRESENTATION('',(#4195),#4199);
#4195 = ELLIPSE('',#4196,47.662295836903,14.);
#4196 = AXIS2_PLACEMENT_2D('',#4197,#4198);
#4197 = CARTESIAN_POINT('',(30.,-15.));
#4198 = DIRECTION('',(5.121475197316E-02,-0.998687663477));
#4199 = ( GEOMETRIC_REPRESENTATION_CONTEXT(2) 
PARAMETRIC_REPRESENTATION_CONTEXT() REPRESENTATION_CONTEXT('2D SPACE',''
  ) );
#4200 = PCURVE('',#883,#4201);
#4201 = DEFINITIONAL_REPRESENTATION('',(#4202),#4226);
#4202 = B_SPLINE_CURVE_WITH_KNOTS('',8,(#4203,#4204,#4205,#4206,#4207,
    #4208,#4209,#4210,#4211,#4212,#4213,#4214,#4215,#4216,#4217,#4218,
    #4219,#4220,#4221,#4222,#4223,#4224,#4225),.UNSPECIFIED.,.F.,.F.,(9,
    7,7,9),(4.712388927707,5.497787117443,6.675884402048,7.853981686653)
  ,.UNSPECIFIED.);
#4203 = CARTESIAN_POINT('',(1.585858377433,-2.399999999625E-06));
#4204 = CARTESIAN_POINT('',(1.68403315115,4.472819651868));
#4205 = CARTESIAN_POINT('',(1.782207924867,8.945641664044));
#4206 = CARTESIAN_POINT('',(1.880382698584,13.352772128439));
#4207 = CARTESIAN_POINT('',(1.978557472302,17.628517881017));
#4208 = CARTESIAN_POINT('',(2.076732246019,21.709214834877));
#4209 = CARTESIAN_POINT('',(2.174907019735,25.535248441416));
#4210 = CARTESIAN_POINT('',(2.273081793452,29.052872564381));
#4211 = CARTESIAN_POINT('',(2.518518727745,36.959779782432));
#4212 = CARTESIAN_POINT('',(2.665780888323,40.905486555115));
#4213 = CARTESIAN_POINT('',(2.813043048885,43.89598241981));
#4214 = CARTESIAN_POINT('',(2.960305209477,45.811435458483));
#4215 = CARTESIAN_POINT('',(3.10756737004,46.579822547559));
#4216 = CARTESIAN_POINT('',(3.254829530624,46.183572833936));
#4217 = CARTESIAN_POINT('',(3.402091691199,44.659269474448));
#4218 = CARTESIAN_POINT('',(3.69661601235,39.524244625684));
#4219 = CARTESIAN_POINT('',(3.843878172922,35.913522995175));
#4220 = CARTESIAN_POINT('',(3.991140333503,31.344438600194));
#4221 = CARTESIAN_POINT('',(4.138402494038,25.950092401006));
#4222 = CARTESIAN_POINT('',(4.285664654662,19.905985566686));
#4223 = CARTESIAN_POINT('',(4.432926815223,13.418463999649));
#4224 = CARTESIAN_POINT('',(4.580188975803,6.709230677801));
#4225 = CARTESIAN_POINT('',(4.727451136379,-2.399999971203E-06));
#4226 = ( GEOMETRIC_REPRESENTATION_CONTEXT(2) 
PARAMETRIC_REPRESENTATION_CONTEXT() REPRESENTATION_CONTEXT('2D SPACE',''
  ) );
#4227 = ADVANCED_FACE('',(#4228),#883,.T.);
#4228 = FACE_BOUND('',#4229,.T.);
#4229 = EDGE_LOOP('',(#4230,#4255,#4309,#4310,#4332,#4333,#4334,#4335));
#4230 = ORIENTED_EDGE('',*,*,#4231,.T.);
#4231 = EDGE_CURVE('',#4232,#4234,#4236,.T.);
#4232 = VERTEX_POINT('',#4233);
#4233 = CARTESIAN_POINT('',(1.433380906122E+03,-239.1172018837,200.));
#4234 = VERTEX_POINT('',#4235);
#4235 = CARTESIAN_POINT('',(1.490032352856E+03,-55.,209.4419077889));
#4236 = SEAM_CURVE('',#4237,(#4241,#4248),.PCURVE_S1.);
#4237 = LINE('',#4238,#4239);
#4238 = CARTESIAN_POINT('',(1.433380906122E+03,-239.1172018837,200.));
#4239 = VECTOR('',#4240,1.);
#4240 = DIRECTION('',(0.293733227789,0.954632990314,4.895553796481E-02)
  );
#4241 = PCURVE('',#883,#4242);
#4242 = DEFINITIONAL_REPRESENTATION('',(#4243),#4247);
#4243 = LINE('',#4244,#4245);
#4244 = CARTESIAN_POINT('',(6.28318530718,-0.));
#4245 = VECTOR('',#4246,1.);
#4246 = DIRECTION('',(0.,1.));
#4247 = ( GEOMETRIC_REPRESENTATION_CONTEXT(2) 
PARAMETRIC_REPRESENTATION_CONTEXT() REPRESENTATION_CONTEXT('2D SPACE',''
  ) );
#4248 = PCURVE('',#883,#4249);
#4249 = DEFINITIONAL_REPRESENTATION('',(#4250),#4254);
#4250 = LINE('',#4251,#4252);
#4251 = CARTESIAN_POINT('',(0.,-0.));
#4252 = VECTOR('',#4253,1.);
#4253 = DIRECTION('',(0.,1.));
#4254 = ( GEOMETRIC_REPRESENTATION_CONTEXT(2) 
PARAMETRIC_REPRESENTATION_CONTEXT() REPRESENTATION_CONTEXT('2D SPACE',''
  ) );
#4255 = ORIENTED_EDGE('',*,*,#4256,.F.);
#4256 = EDGE_CURVE('',#4234,#4234,#4257,.T.);
#4257 = SURFACE_CURVE('',#4258,(#4263,#4297),.PCURVE_S1.);
#4258 = ELLIPSE('',#4259,14.66532179597,14.);
#4259 = AXIS2_PLACEMENT_3D('',#4260,#4261,#4262);
#4260 = CARTESIAN_POINT('',(1.475384615385E+03,-55.,209.23076923076));
#4261 = DIRECTION('',(-0.,1.,0.));
#4262 = DIRECTION('',(0.986393923832,0.,0.164398987305));
#4263 = PCURVE('',#883,#4264);
#4264 = DEFINITIONAL_REPRESENTATION('',(#4265),#4296);
#4265 = B_SPLINE_CURVE_WITH_KNOTS('',8,(#4266,#4267,#4268,#4269,#4270,
    #4271,#4272,#4273,#4274,#4275,#4276,#4277,#4278,#4279,#4280,#4281,
    #4282,#4283,#4284,#4285,#4286,#4287,#4288,#4289,#4290,#4291,#4292,
    #4293,#4294,#4295),.UNSPECIFIED.,.F.,.F.,(9,7,7,7,9),(0.15778296672,
    1.728579293515,2.906676538611,4.673822406255,6.440968273899),
  .UNSPECIFIED.);
#4266 = CARTESIAN_POINT('',(0.,192.8670009856));
#4267 = CARTESIAN_POINT('',(0.196349540849,192.73226586902));
#4268 = CARTESIAN_POINT('',(0.392699081697,192.40750260272));
#4269 = CARTESIAN_POINT('',(0.589048622551,191.90062846778));
#4270 = CARTESIAN_POINT('',(0.78539816339,191.23517995129));
#4271 = CARTESIAN_POINT('',(0.981747704251,190.44937628961));
#4272 = CARTESIAN_POINT('',(1.178097245095,189.59182936066));
#4273 = CARTESIAN_POINT('',(1.374446785946,188.71476585214));
#4274 = CARTESIAN_POINT('',(1.718058482432,187.23281547079));
#4275 = CARTESIAN_POINT('',(1.865320638069,186.61470107265));
#4276 = CARTESIAN_POINT('',(2.012582793706,186.03457985369));
#4277 = CARTESIAN_POINT('',(2.159844949343,185.51265850185));
#4278 = CARTESIAN_POINT('',(2.30710710498,185.06688653159));
#4279 = CARTESIAN_POINT('',(2.454369260617,184.71161869275));
#4280 = CARTESIAN_POINT('',(2.601631416254,184.45666471901));
#4281 = CARTESIAN_POINT('',(2.969786805347,184.08243659798));
#4282 = CARTESIAN_POINT('',(3.1906800388,184.09474056828));
#4283 = CARTESIAN_POINT('',(3.411573272262,184.36057638749));
#4284 = CARTESIAN_POINT('',(3.632466505707,184.87200132536));
#4285 = CARTESIAN_POINT('',(3.853359739171,185.59375478746));
#4286 = CARTESIAN_POINT('',(4.074252972619,186.46724770194));
#4287 = CARTESIAN_POINT('',(4.29514620608,187.42180652383));
#4288 = CARTESIAN_POINT('',(4.736932672991,189.34970266383));
#4289 = CARTESIAN_POINT('',(4.957825906443,190.32304104906));
#4290 = CARTESIAN_POINT('',(5.178719139894,191.23409268993));
#4291 = CARTESIAN_POINT('',(5.39961237332,192.01023089012));
#4292 = CARTESIAN_POINT('',(5.620505606807,192.58895241085));
#4293 = CARTESIAN_POINT('',(5.841398840268,192.92965040385));
#4294 = CARTESIAN_POINT('',(6.062292073724,193.01857799174));
#4295 = CARTESIAN_POINT('',(6.28318530718,192.8670009856));
#4296 = ( GEOMETRIC_REPRESENTATION_CONTEXT(2) 
PARAMETRIC_REPRESENTATION_CONTEXT() REPRESENTATION_CONTEXT('2D SPACE',''
  ) );
#4297 = PCURVE('',#4298,#4303);
#4298 = PLANE('',#4299);
#4299 = AXIS2_PLACEMENT_3D('',#4300,#4301,#4302);
#4300 = CARTESIAN_POINT('',(1.46E+03,-55.,195.));
#4301 = DIRECTION('',(-0.,1.,0.));
#4302 = DIRECTION('',(0.,0.,1.));
#4303 = DEFINITIONAL_REPRESENTATION('',(#4304),#4308);
#4304 = ELLIPSE('',#4305,14.66532179597,14.);
#4305 = AXIS2_PLACEMENT_2D('',#4306,#4307);
#4306 = CARTESIAN_POINT('',(14.230769230769,15.384615384615));
#4307 = DIRECTION('',(0.164398987305,0.986393923832));
#4308 = ( GEOMETRIC_REPRESENTATION_CONTEXT(2) 
PARAMETRIC_REPRESENTATION_CONTEXT() REPRESENTATION_CONTEXT('2D SPACE',''
  ) );
#4309 = ORIENTED_EDGE('',*,*,#4231,.F.);
#4310 = ORIENTED_EDGE('',*,*,#4311,.T.);
#4311 = EDGE_CURVE('',#4232,#4117,#4312,.T.);
#4312 = SURFACE_CURVE('',#4313,(#4318,#4325),.PCURVE_S1.);
#4313 = CIRCLE('',#4314,14.);
#4314 = AXIS2_PLACEMENT_3D('',#4315,#4316,#4317);
#4315 = CARTESIAN_POINT('',(1.42E+03,-235.,200.));
#4316 = DIRECTION('',(0.293733227789,0.954632990314,4.895553796481E-02)
  );
#4317 = DIRECTION('',(0.955779008722,-0.294085848838,0.));
#4318 = PCURVE('',#883,#4319);
#4319 = DEFINITIONAL_REPRESENTATION('',(#4320),#4324);
#4320 = LINE('',#4321,#4322);
#4321 = CARTESIAN_POINT('',(0.,0.));
#4322 = VECTOR('',#4323,1.);
#4323 = DIRECTION('',(1.,0.));
#4324 = ( GEOMETRIC_REPRESENTATION_CONTEXT(2) 
PARAMETRIC_REPRESENTATION_CONTEXT() REPRESENTATION_CONTEXT('2D SPACE',''
  ) );
#4325 = PCURVE('',#4175,#4326);
#4326 = DEFINITIONAL_REPRESENTATION('',(#4327),#4331);
#4327 = CIRCLE('',#4328,14.);
#4328 = AXIS2_PLACEMENT_2D('',#4329,#4330);
#4329 = CARTESIAN_POINT('',(0.,0.));
#4330 = DIRECTION('',(1.,0.));
#4331 = ( GEOMETRIC_REPRESENTATION_CONTEXT(2) 
PARAMETRIC_REPRESENTATION_CONTEXT() REPRESENTATION_CONTEXT('2D SPACE',''
  ) );
#4332 = ORIENTED_EDGE('',*,*,#4116,.T.);
#4333 = ORIENTED_EDGE('',*,*,#866,.T.);
#4334 = ORIENTED_EDGE('',*,*,#4186,.T.);
#4335 = ORIENTED_EDGE('',*,*,#4336,.T.);
#4336 = EDGE_CURVE('',#4161,#4232,#4337,.T.);
#4337 = SURFACE_CURVE('',#4338,(#4343,#4350),.PCURVE_S1.);
#4338 = CIRCLE('',#4339,14.);
#4339 = AXIS2_PLACEMENT_3D('',#4340,#4341,#4342);
#4340 = CARTESIAN_POINT('',(1.42E+03,-235.,200.));
#4341 = DIRECTION('',(0.293733227789,0.954632990314,4.895553796481E-02)
  );
#4342 = DIRECTION('',(0.955779008722,-0.294085848838,0.));
#4343 = PCURVE('',#883,#4344);
#4344 = DEFINITIONAL_REPRESENTATION('',(#4345),#4349);
#4345 = LINE('',#4346,#4347);
#4346 = CARTESIAN_POINT('',(0.,0.));
#4347 = VECTOR('',#4348,1.);
#4348 = DIRECTION('',(1.,0.));
#4349 = ( GEOMETRIC_REPRESENTATION_CONTEXT(2) 
PARAMETRIC_REPRESENTATION_CONTEXT() REPRESENTATION_CONTEXT('2D SPACE',''
  ) );
#4350 = PCURVE('',#4175,#4351);
#4351 = DEFINITIONAL_REPRESENTATION('',(#4352),#4356);
#4352 = CIRCLE('',#4353,14.);
#4353 = AXIS2_PLACEMENT_2D('',#4354,#4355);
#4354 = CARTESIAN_POINT('',(0.,0.));
#4355 = DIRECTION('',(1.,0.));
#4356 = ( GEOMETRIC_REPRESENTATION_CONTEXT(2) 
PARAMETRIC_REPRESENTATION_CONTEXT() REPRESENTATION_CONTEXT('2D SPACE',''
  ) );
#4357 = ADVANCED_FACE('',(#4358),#711,.T.);
#4358 = FACE_BOUND('',#4359,.T.);
#4359 = EDGE_LOOP('',(#4360,#4361,#4362,#4385,#4407,#4408,#4438,#4467,
    #4489,#4490));
#4360 = ORIENTED_EDGE('',*,*,#2526,.T.);
#4361 = ORIENTED_EDGE('',*,*,#757,.T.);
#4362 = ORIENTED_EDGE('',*,*,#4363,.T.);
#4363 = EDGE_CURVE('',#695,#4364,#4366,.T.);
#4364 = VERTEX_POINT('',#4365);
#4365 = CARTESIAN_POINT('',(-3.098291842426,-78.44988684297,257.));
#4366 = SEAM_CURVE('',#4367,(#4371,#4378),.PCURVE_S1.);
#4367 = LINE('',#4368,#4369);
#4368 = CARTESIAN_POINT('',(446.90170815757,-243.4498868429,220.));
#4369 = VECTOR('',#4370,1.);
#4370 = DIRECTION('',(-0.936091235149,0.343233452888,7.696750155669E-02)
  );
#4371 = PCURVE('',#711,#4372);
#4372 = DEFINITIONAL_REPRESENTATION('',(#4373),#4377);
#4373 = LINE('',#4374,#4375);
#4374 = CARTESIAN_POINT('',(0.,-0.));
#4375 = VECTOR('',#4376,1.);
#4376 = DIRECTION('',(0.,1.));
#4377 = ( GEOMETRIC_REPRESENTATION_CONTEXT(2) 
PARAMETRIC_REPRESENTATION_CONTEXT() REPRESENTATION_CONTEXT('2D SPACE',''
  ) );
#4378 = PCURVE('',#711,#4379);
#4379 = DEFINITIONAL_REPRESENTATION('',(#4380),#4384);
#4380 = LINE('',#4381,#4382);
#4381 = CARTESIAN_POINT('',(6.28318530718,-0.));
#4382 = VECTOR('',#4383,1.);
#4383 = DIRECTION('',(0.,1.));
#4384 = ( GEOMETRIC_REPRESENTATION_CONTEXT(2) 
PARAMETRIC_REPRESENTATION_CONTEXT() REPRESENTATION_CONTEXT('2D SPACE',''
  ) );
#4385 = ORIENTED_EDGE('',*,*,#4386,.F.);
#4386 = EDGE_CURVE('',#3192,#4364,#4387,.T.);
#4387 = SURFACE_CURVE('',#4388,(#4393,#4400),.PCURVE_S1.);
#4388 = CIRCLE('',#4389,9.);
#4389 = AXIS2_PLACEMENT_3D('',#4390,#4391,#4392);
#4390 = CARTESIAN_POINT('',(0.,-70.,257.));
#4391 = DIRECTION('',(-0.936091235149,0.343233452888,7.696750155669E-02)
  );
#4392 = DIRECTION('',(-0.344254649158,-0.938876315887,3.469446951954E-18
    ));
#4393 = PCURVE('',#711,#4394);
#4394 = DEFINITIONAL_REPRESENTATION('',(#4395),#4399);
#4395 = LINE('',#4396,#4397);
#4396 = CARTESIAN_POINT('',(0.,480.72237310114));
#4397 = VECTOR('',#4398,1.);
#4398 = DIRECTION('',(1.,0.));
#4399 = ( GEOMETRIC_REPRESENTATION_CONTEXT(2) 
PARAMETRIC_REPRESENTATION_CONTEXT() REPRESENTATION_CONTEXT('2D SPACE',''
  ) );
#4400 = PCURVE('',#3526,#4401);
#4401 = DEFINITIONAL_REPRESENTATION('',(#4402),#4406);
#4402 = CIRCLE('',#4403,9.);
#4403 = AXIS2_PLACEMENT_2D('',#4404,#4405);
#4404 = CARTESIAN_POINT('',(0.,0.));
#4405 = DIRECTION('',(1.,0.));
#4406 = ( GEOMETRIC_REPRESENTATION_CONTEXT(2) 
PARAMETRIC_REPRESENTATION_CONTEXT() REPRESENTATION_CONTEXT('2D SPACE',''
  ) );
#4407 = ORIENTED_EDGE('',*,*,#3191,.F.);
#4408 = ORIENTED_EDGE('',*,*,#4409,.T.);
#4409 = EDGE_CURVE('',#3157,#4410,#4412,.T.);
#4410 = VERTEX_POINT('',#4411);
#4411 = CARTESIAN_POINT('',(20.,-73.,263.52252614322));
#4412 = SURFACE_CURVE('',#4413,(#4418,#4431),.PCURVE_S1.);
#4413 = ELLIPSE('',#4414,9.614447462023,9.);
#4414 = AXIS2_PLACEMENT_3D('',#4415,#4416,#4417);
#4415 = CARTESIAN_POINT('',(20.,-77.33333333333,255.35555555555));
#4416 = DIRECTION('',(1.,0.,-0.));
#4417 = DIRECTION('',(0.,0.975767812018,0.218808539665));
#4418 = PCURVE('',#711,#4419);
#4419 = DEFINITIONAL_REPRESENTATION('',(#4420),#4430);
#4420 = B_SPLINE_CURVE_WITH_KNOTS('',8,(#4421,#4422,#4423,#4424,#4425,
    #4426,#4427,#4428,#4429),.UNSPECIFIED.,.F.,.F.,(9,9),(4.905526692986
    ,7.247029313028),.PIECEWISE_BEZIER_KNOTS.);
#4421 = CARTESIAN_POINT('',(4.312343963611,460.00606350167));
#4422 = CARTESIAN_POINT('',(4.019656136106,460.97751513668));
#4423 = CARTESIAN_POINT('',(3.7269683086,461.88541641435));
#4424 = CARTESIAN_POINT('',(3.434280481097,462.60293449182));
#4425 = CARTESIAN_POINT('',(3.141592653576,463.01497062807));
#4426 = CARTESIAN_POINT('',(2.848904826084,463.0523726386));
#4427 = CARTESIAN_POINT('',(2.556216998579,462.72315009264));
#4428 = CARTESIAN_POINT('',(2.263529171074,462.09894554128));
#4429 = CARTESIAN_POINT('',(1.970841343569,461.28588742337));
#4430 = ( GEOMETRIC_REPRESENTATION_CONTEXT(2) 
PARAMETRIC_REPRESENTATION_CONTEXT() REPRESENTATION_CONTEXT('2D SPACE',''
  ) );
#4431 = PCURVE('',#3179,#4432);
#4432 = DEFINITIONAL_REPRESENTATION('',(#4433),#4437);
#4433 = ELLIPSE('',#4434,9.614447462023,9.);
#4434 = AXIS2_PLACEMENT_2D('',#4435,#4436);
#4435 = CARTESIAN_POINT('',(28.355555555556,4.333333333333));
#4436 = DIRECTION('',(0.218808539665,-0.975767812018));
#4437 = ( GEOMETRIC_REPRESENTATION_CONTEXT(2) 
PARAMETRIC_REPRESENTATION_CONTEXT() REPRESENTATION_CONTEXT('2D SPACE',''
  ) );
#4438 = ORIENTED_EDGE('',*,*,#4439,.F.);
#4439 = EDGE_CURVE('',#4440,#4410,#4442,.T.);
#4440 = VERTEX_POINT('',#4441);
#4441 = CARTESIAN_POINT('',(-0.403109049977,-73.,265.47570074352));
#4442 = SURFACE_CURVE('',#4443,(#4448,#4460),.PCURVE_S1.);
#4443 = ELLIPSE('',#4444,26.221220350972,9.);
#4444 = AXIS2_PLACEMENT_3D('',#4445,#4446,#4447);
#4445 = CARTESIAN_POINT('',(8.181818181818,-73.,256.32727272727));
#4446 = DIRECTION('',(-0.,1.,0.));
#4447 = DIRECTION('',(-0.996636796201,-0.,8.194569213205E-02));
#4448 = PCURVE('',#711,#4449);
#4449 = DEFINITIONAL_REPRESENTATION('',(#4450),#4459);
#4450 = B_SPLINE_CURVE_WITH_KNOTS('',7,(#4451,#4452,#4453,#4454,#4455,
    #4456,#4457,#4458),.UNSPECIFIED.,.F.,.F.,(8,8),(1.207996562668,
    2.192415617438),.PIECEWISE_BEZIER_KNOTS.);
#4451 = CARTESIAN_POINT('',(1.236210491183,480.7223755196));
#4452 = CARTESIAN_POINT('',(1.376841784722,477.48431855174));
#4453 = CARTESIAN_POINT('',(1.51747307826,474.04459110154));
#4454 = CARTESIAN_POINT('',(1.658104371799,470.50779061362));
#4455 = CARTESIAN_POINT('',(1.798735665338,466.98828828829));
#4456 = CARTESIAN_POINT('',(1.939366958876,463.60177760169));
#4457 = CARTESIAN_POINT('',(2.079998252414,460.45523986083));
#4458 = CARTESIAN_POINT('',(2.220629545953,457.63962810472));
#4459 = ( GEOMETRIC_REPRESENTATION_CONTEXT(2) 
PARAMETRIC_REPRESENTATION_CONTEXT() REPRESENTATION_CONTEXT('2D SPACE',''
  ) );
#4460 = PCURVE('',#3144,#4461);
#4461 = DEFINITIONAL_REPRESENTATION('',(#4462),#4466);
#4462 = ELLIPSE('',#4463,26.221220350972,9.);
#4463 = AXIS2_PLACEMENT_2D('',#4464,#4465);
#4464 = CARTESIAN_POINT('',(29.327272727273,28.181818181818));
#4465 = DIRECTION('',(8.194569213205E-02,-0.996636796201));
#4466 = ( GEOMETRIC_REPRESENTATION_CONTEXT(2) 
PARAMETRIC_REPRESENTATION_CONTEXT() REPRESENTATION_CONTEXT('2D SPACE',''
  ) );
#4467 = ORIENTED_EDGE('',*,*,#4468,.F.);
#4468 = EDGE_CURVE('',#4364,#4440,#4469,.T.);
#4469 = SURFACE_CURVE('',#4470,(#4475,#4482),.PCURVE_S1.);
#4470 = CIRCLE('',#4471,9.);
#4471 = AXIS2_PLACEMENT_3D('',#4472,#4473,#4474);
#4472 = CARTESIAN_POINT('',(0.,-70.,257.));
#4473 = DIRECTION('',(-0.936091235149,0.343233452888,7.696750155669E-02)
  );
#4474 = DIRECTION('',(-0.344254649158,-0.938876315887,3.469446951954E-18
    ));
#4475 = PCURVE('',#711,#4476);
#4476 = DEFINITIONAL_REPRESENTATION('',(#4477),#4481);
#4477 = LINE('',#4478,#4479);
#4478 = CARTESIAN_POINT('',(0.,480.72237310114));
#4479 = VECTOR('',#4480,1.);
#4480 = DIRECTION('',(1.,0.));
#4481 = ( GEOMETRIC_REPRESENTATION_CONTEXT(2) 
PARAMETRIC_REPRESENTATION_CONTEXT() REPRESENTATION_CONTEXT('2D SPACE',''
  ) );
#4482 = PCURVE('',#3526,#4483);
#4483 = DEFINITIONAL_REPRESENTATION('',(#4484),#4488);
#4484 = CIRCLE('',#4485,9.);
#4485 = AXIS2_PLACEMENT_2D('',#4486,#4487);
#4486 = CARTESIAN_POINT('',(0.,0.));
#4487 = DIRECTION('',(1.,0.));
#4488 = ( GEOMETRIC_REPRESENTATION_CONTEXT(2) 
PARAMETRIC_REPRESENTATION_CONTEXT() REPRESENTATION_CONTEXT('2D SPACE',''
  ) );
#4489 = ORIENTED_EDGE('',*,*,#4363,.F.);
#4490 = ORIENTED_EDGE('',*,*,#694,.T.);
#4491 = ADVANCED_FACE('',(#4492),#640,.T.);
#4492 = FACE_BOUND('',#4493,.T.);
#4493 = EDGE_LOOP('',(#4494,#4495,#4496,#4497,#4498,#4499,#4500,#4501));
#4494 = ORIENTED_EDGE('',*,*,#2052,.F.);
#4495 = ORIENTED_EDGE('',*,*,#2027,.T.);
#4496 = ORIENTED_EDGE('',*,*,#1954,.T.);
#4497 = ORIENTED_EDGE('',*,*,#1795,.F.);
#4498 = ORIENTED_EDGE('',*,*,#1171,.F.);
#4499 = ORIENTED_EDGE('',*,*,#1101,.F.);
#4500 = ORIENTED_EDGE('',*,*,#625,.T.);
#4501 = ORIENTED_EDGE('',*,*,#2259,.F.);
#4502 = ADVANCED_FACE('',(#4503),#1399,.T.);
#4503 = FACE_BOUND('',#4504,.T.);
#4504 = EDGE_LOOP('',(#4505,#4528,#4582,#4583,#4584,#4585,#4607,#4608));
#4505 = ORIENTED_EDGE('',*,*,#4506,.T.);
#4506 = EDGE_CURVE('',#1383,#4507,#4509,.T.);
#4507 = VERTEX_POINT('',#4508);
#4508 = CARTESIAN_POINT('',(1.460736877914E+03,55.,209.01963067262));
#4509 = SEAM_CURVE('',#4510,(#4514,#4521),.PCURVE_S1.);
#4510 = LINE('',#4511,#4512);
#4511 = CARTESIAN_POINT('',(1.406619093878E+03,230.88279811627,200.));
#4512 = VECTOR('',#4513,1.);
#4513 = DIRECTION('',(0.293733227789,-0.954632990314,4.895553796481E-02)
  );
#4514 = PCURVE('',#1399,#4515);
#4515 = DEFINITIONAL_REPRESENTATION('',(#4516),#4520);
#4516 = LINE('',#4517,#4518);
#4517 = CARTESIAN_POINT('',(6.28318530718,-0.));
#4518 = VECTOR('',#4519,1.);
#4519 = DIRECTION('',(0.,1.));
#4520 = ( GEOMETRIC_REPRESENTATION_CONTEXT(2) 
PARAMETRIC_REPRESENTATION_CONTEXT() REPRESENTATION_CONTEXT('2D SPACE',''
  ) );
#4521 = PCURVE('',#1399,#4522);
#4522 = DEFINITIONAL_REPRESENTATION('',(#4523),#4527);
#4523 = LINE('',#4524,#4525);
#4524 = CARTESIAN_POINT('',(0.,-0.));
#4525 = VECTOR('',#4526,1.);
#4526 = DIRECTION('',(0.,1.));
#4527 = ( GEOMETRIC_REPRESENTATION_CONTEXT(2) 
PARAMETRIC_REPRESENTATION_CONTEXT() REPRESENTATION_CONTEXT('2D SPACE',''
  ) );
#4528 = ORIENTED_EDGE('',*,*,#4529,.T.);
#4529 = EDGE_CURVE('',#4507,#4507,#4530,.T.);
#4530 = SURFACE_CURVE('',#4531,(#4536,#4570),.PCURVE_S1.);
#4531 = ELLIPSE('',#4532,14.66532179597,14.);
#4532 = AXIS2_PLACEMENT_3D('',#4533,#4534,#4535);
#4533 = CARTESIAN_POINT('',(1.475384615385E+03,55.,209.23076923076));
#4534 = DIRECTION('',(-0.,1.,0.));
#4535 = DIRECTION('',(0.986393923832,0.,0.164398987305));
#4536 = PCURVE('',#1399,#4537);
#4537 = DEFINITIONAL_REPRESENTATION('',(#4538),#4569);
#4538 = B_SPLINE_CURVE_WITH_KNOTS('',8,(#4539,#4540,#4541,#4542,#4543,
    #4544,#4545,#4546,#4547,#4548,#4549,#4550,#4551,#4552,#4553,#4554,
    #4555,#4556,#4557,#4558,#4559,#4560,#4561,#4562,#4563,#4564,#4565,
    #4566,#4567,#4568),.UNSPECIFIED.,.F.,.F.,(9,7,7,7,9),(3.299375620309
    ,4.870171947104,6.048269192201,7.815415059845,9.582560927489),
  .UNSPECIFIED.);
#4539 = CARTESIAN_POINT('',(6.28318530718,184.24127376791));
#4540 = CARTESIAN_POINT('',(6.08683576633,184.37600888449));
#4541 = CARTESIAN_POINT('',(5.890486225482,184.70077215036));
#4542 = CARTESIAN_POINT('',(5.694136684631,185.20764628611));
#4543 = CARTESIAN_POINT('',(5.497787143785,185.87309480027));
#4544 = CARTESIAN_POINT('',(5.301437602933,186.65889846382));
#4545 = CARTESIAN_POINT('',(5.105088062085,187.51644539259));
#4546 = CARTESIAN_POINT('',(4.908738521234,188.39350890137));
#4547 = CARTESIAN_POINT('',(4.565126824748,189.87545928271));
#4548 = CARTESIAN_POINT('',(4.417864669111,190.49357368084));
#4549 = CARTESIAN_POINT('',(4.270602513473,191.07369489988));
#4550 = CARTESIAN_POINT('',(4.123340357836,191.59561625169));
#4551 = CARTESIAN_POINT('',(3.9760782022,192.0413882219));
#4552 = CARTESIAN_POINT('',(3.828816046562,192.39665606078));
#4553 = CARTESIAN_POINT('',(3.681553890926,192.6516100345));
#4554 = CARTESIAN_POINT('',(3.313398501833,193.02583815553));
#4555 = CARTESIAN_POINT('',(3.092505268376,193.01353418512));
#4556 = CARTESIAN_POINT('',(2.871612034925,192.74769836547));
#4557 = CARTESIAN_POINT('',(2.650718801469,192.23627342889));
#4558 = CARTESIAN_POINT('',(2.429825568011,191.51451996527));
#4559 = CARTESIAN_POINT('',(2.208932334554,190.64102705157));
#4560 = CARTESIAN_POINT('',(1.9880391011,189.68646822968));
#4561 = CARTESIAN_POINT('',(1.546252634189,187.75857208968));
#4562 = CARTESIAN_POINT('',(1.325359400737,186.78523370483));
#4563 = CARTESIAN_POINT('',(1.104466167267,185.87418206164));
#4564 = CARTESIAN_POINT('',(0.883572933845,185.09804386424));
#4565 = CARTESIAN_POINT('',(0.662679700366,184.51932234072));
#4566 = CARTESIAN_POINT('',(0.441786466913,184.17862434973));
#4567 = CARTESIAN_POINT('',(0.220893233456,184.08969676176));
#4568 = CARTESIAN_POINT('',(1.24344978758E-14,184.24127376791));
#4569 = ( GEOMETRIC_REPRESENTATION_CONTEXT(2) 
PARAMETRIC_REPRESENTATION_CONTEXT() REPRESENTATION_CONTEXT('2D SPACE',''
  ) );
#4570 = PCURVE('',#4571,#4576);
#4571 = PLANE('',#4572);
#4572 = AXIS2_PLACEMENT_3D('',#4573,#4574,#4575);
#4573 = CARTESIAN_POINT('',(1.46E+03,55.,195.));
#4574 = DIRECTION('',(-0.,1.,0.));
#4575 = DIRECTION('',(0.,0.,1.));
#4576 = DEFINITIONAL_REPRESENTATION('',(#4577),#4581);
#4577 = ELLIPSE('',#4578,14.66532179597,14.);
#4578 = AXIS2_PLACEMENT_2D('',#4579,#4580);
#4579 = CARTESIAN_POINT('',(14.230769230769,15.384615384615));
#4580 = DIRECTION('',(0.164398987305,0.986393923832));
#4581 = ( GEOMETRIC_REPRESENTATION_CONTEXT(2) 
PARAMETRIC_REPRESENTATION_CONTEXT() REPRESENTATION_CONTEXT('2D SPACE',''
  ) );
#4582 = ORIENTED_EDGE('',*,*,#4506,.F.);
#4583 = ORIENTED_EDGE('',*,*,#1438,.F.);
#4584 = ORIENTED_EDGE('',*,*,#4080,.T.);
#4585 = ORIENTED_EDGE('',*,*,#4586,.T.);
#4586 = EDGE_CURVE('',#4055,#4020,#4587,.T.);
#4587 = SURFACE_CURVE('',#4588,(#4593,#4600),.PCURVE_S1.);
#4588 = CIRCLE('',#4589,14.);
#4589 = AXIS2_PLACEMENT_3D('',#4590,#4591,#4592);
#4590 = CARTESIAN_POINT('',(1.42E+03,235.,200.));
#4591 = DIRECTION('',(0.293733227789,-0.954632990314,4.895553796481E-02)
  );
#4592 = DIRECTION('',(-0.955779008722,-0.294085848838,0.));
#4593 = PCURVE('',#1399,#4594);
#4594 = DEFINITIONAL_REPRESENTATION('',(#4595),#4599);
#4595 = LINE('',#4596,#4597);
#4596 = CARTESIAN_POINT('',(0.,0.));
#4597 = VECTOR('',#4598,1.);
#4598 = DIRECTION('',(1.,0.));
#4599 = ( GEOMETRIC_REPRESENTATION_CONTEXT(2) 
PARAMETRIC_REPRESENTATION_CONTEXT() REPRESENTATION_CONTEXT('2D SPACE',''
  ) );
#4600 = PCURVE('',#4069,#4601);
#4601 = DEFINITIONAL_REPRESENTATION('',(#4602),#4606);
#4602 = CIRCLE('',#4603,14.);
#4603 = AXIS2_PLACEMENT_2D('',#4604,#4605);
#4604 = CARTESIAN_POINT('',(0.,0.));
#4605 = DIRECTION('',(1.,0.));
#4606 = ( GEOMETRIC_REPRESENTATION_CONTEXT(2) 
PARAMETRIC_REPRESENTATION_CONTEXT() REPRESENTATION_CONTEXT('2D SPACE',''
  ) );
#4607 = ORIENTED_EDGE('',*,*,#4019,.T.);
#4608 = ORIENTED_EDGE('',*,*,#1382,.F.);
#4609 = ADVANCED_FACE('',(#4610),#1232,.T.);
#4610 = FACE_BOUND('',#4611,.T.);
#4611 = EDGE_LOOP('',(#4612,#4635,#4636,#4637,#4638,#4639,#4666,#4667,
    #4691,#4720));
#4612 = ORIENTED_EDGE('',*,*,#4613,.F.);
#4613 = EDGE_CURVE('',#1216,#4614,#4616,.T.);
#4614 = VERTEX_POINT('',#4615);
#4615 = CARTESIAN_POINT('',(20.,67.747406148131,255.61030399593));
#4616 = SEAM_CURVE('',#4617,(#4621,#4628),.PCURVE_S1.);
#4617 = LINE('',#4618,#4619);
#4618 = CARTESIAN_POINT('',(453.09829184242,226.55011315702,220.));
#4619 = VECTOR('',#4620,1.);
#4620 = DIRECTION('',(-0.936091235149,-0.343233452888,7.696750155669E-02
    ));
#4621 = PCURVE('',#1232,#4622);
#4622 = DEFINITIONAL_REPRESENTATION('',(#4623),#4627);
#4623 = LINE('',#4624,#4625);
#4624 = CARTESIAN_POINT('',(0.,-0.));
#4625 = VECTOR('',#4626,1.);
#4626 = DIRECTION('',(0.,1.));
#4627 = ( GEOMETRIC_REPRESENTATION_CONTEXT(2) 
PARAMETRIC_REPRESENTATION_CONTEXT() REPRESENTATION_CONTEXT('2D SPACE',''
  ) );
#4628 = PCURVE('',#1232,#4629);
#4629 = DEFINITIONAL_REPRESENTATION('',(#4630),#4634);
#4630 = LINE('',#4631,#4632);
#4631 = CARTESIAN_POINT('',(6.28318530718,-0.));
#4632 = VECTOR('',#4633,1.);
#4633 = DIRECTION('',(0.,1.));
#4634 = ( GEOMETRIC_REPRESENTATION_CONTEXT(2) 
PARAMETRIC_REPRESENTATION_CONTEXT() REPRESENTATION_CONTEXT('2D SPACE',''
  ) );
#4635 = ORIENTED_EDGE('',*,*,#1278,.F.);
#4636 = ORIENTED_EDGE('',*,*,#1666,.T.);
#4637 = ORIENTED_EDGE('',*,*,#1215,.F.);
#4638 = ORIENTED_EDGE('',*,*,#4613,.T.);
#4639 = ORIENTED_EDGE('',*,*,#4640,.T.);
#4640 = EDGE_CURVE('',#4614,#2741,#4641,.T.);
#4641 = SURFACE_CURVE('',#4642,(#4647,#4659),.PCURVE_S1.);
#4642 = ELLIPSE('',#4643,9.614447462023,9.);
#4643 = AXIS2_PLACEMENT_3D('',#4644,#4645,#4646);
#4644 = CARTESIAN_POINT('',(20.,77.333333333333,255.35555555555));
#4645 = DIRECTION('',(1.,0.,0.));
#4646 = DIRECTION('',(0.,-0.975767812018,0.218808539665));
#4647 = PCURVE('',#1232,#4648);
#4648 = DEFINITIONAL_REPRESENTATION('',(#4649),#4658);
#4649 = B_SPLINE_CURVE_WITH_KNOTS('',7,(#4650,#4651,#4652,#4653,#4654,
    #4655,#4656,#4657),.UNSPECIFIED.,.F.,.F.,(8,8),(0.206907304173,
    1.377658614194),.PIECEWISE_BEZIER_KNOTS.);
#4650 = CARTESIAN_POINT('',(6.28318530718,462.66675253454));
#4651 = CARTESIAN_POINT('',(6.115935120034,462.55055237728));
#4652 = CARTESIAN_POINT('',(5.948684932888,462.32633687034));
#4653 = CARTESIAN_POINT('',(5.781434745742,461.99941774574));
#4654 = CARTESIAN_POINT('',(5.614184558596,461.5824957441));
#4655 = CARTESIAN_POINT('',(5.44693437145,461.09510948672));
#4656 = CARTESIAN_POINT('',(5.279684184304,460.56117872167));
#4657 = CARTESIAN_POINT('',(5.112433997159,460.00606350167));
#4658 = ( GEOMETRIC_REPRESENTATION_CONTEXT(2) 
PARAMETRIC_REPRESENTATION_CONTEXT() REPRESENTATION_CONTEXT('2D SPACE',''
  ) );
#4659 = PCURVE('',#2631,#4660);
#4660 = DEFINITIONAL_REPRESENTATION('',(#4661),#4665);
#4661 = ELLIPSE('',#4662,9.614447462023,9.);
#4662 = AXIS2_PLACEMENT_2D('',#4663,#4664);
#4663 = CARTESIAN_POINT('',(28.355555555556,-10.33333333333));
#4664 = DIRECTION('',(0.218808539665,0.975767812018));
#4665 = ( GEOMETRIC_REPRESENTATION_CONTEXT(2) 
PARAMETRIC_REPRESENTATION_CONTEXT() REPRESENTATION_CONTEXT('2D SPACE',''
  ) );
#4666 = ORIENTED_EDGE('',*,*,#2740,.F.);
#4667 = ORIENTED_EDGE('',*,*,#4668,.F.);
#4668 = EDGE_CURVE('',#4669,#2708,#4671,.T.);
#4669 = VERTEX_POINT('',#4670);
#4670 = CARTESIAN_POINT('',(-0.403109049977,73.,265.47570074352));
#4671 = SURFACE_CURVE('',#4672,(#4677,#4684),.PCURVE_S1.);
#4672 = CIRCLE('',#4673,9.);
#4673 = AXIS2_PLACEMENT_3D('',#4674,#4675,#4676);
#4674 = CARTESIAN_POINT('',(0.,70.,257.));
#4675 = DIRECTION('',(-0.936091235149,-0.343233452888,7.696750155669E-02
    ));
#4676 = DIRECTION('',(0.344254649158,-0.938876315887,-3.469446951954E-18
    ));
#4677 = PCURVE('',#1232,#4678);
#4678 = DEFINITIONAL_REPRESENTATION('',(#4679),#4683);
#4679 = LINE('',#4680,#4681);
#4680 = CARTESIAN_POINT('',(0.,480.72237310114));
#4681 = VECTOR('',#4682,1.);
#4682 = DIRECTION('',(1.,0.));
#4683 = ( GEOMETRIC_REPRESENTATION_CONTEXT(2) 
PARAMETRIC_REPRESENTATION_CONTEXT() REPRESENTATION_CONTEXT('2D SPACE',''
  ) );
#4684 = PCURVE('',#2728,#4685);
#4685 = DEFINITIONAL_REPRESENTATION('',(#4686),#4690);
#4686 = CIRCLE('',#4687,9.);
#4687 = AXIS2_PLACEMENT_2D('',#4688,#4689);
#4688 = CARTESIAN_POINT('',(0.,0.));
#4689 = DIRECTION('',(1.,0.));
#4690 = ( GEOMETRIC_REPRESENTATION_CONTEXT(2) 
PARAMETRIC_REPRESENTATION_CONTEXT() REPRESENTATION_CONTEXT('2D SPACE',''
  ) );
#4691 = ORIENTED_EDGE('',*,*,#4692,.T.);
#4692 = EDGE_CURVE('',#4669,#4693,#4695,.T.);
#4693 = VERTEX_POINT('',#4694);
#4694 = CARTESIAN_POINT('',(20.,73.,263.52252614322));
#4695 = SURFACE_CURVE('',#4696,(#4701,#4713),.PCURVE_S1.);
#4696 = ELLIPSE('',#4697,26.221220350972,9.);
#4697 = AXIS2_PLACEMENT_3D('',#4698,#4699,#4700);
#4698 = CARTESIAN_POINT('',(8.181818181818,73.,256.32727272727));
#4699 = DIRECTION('',(-0.,1.,0.));
#4700 = DIRECTION('',(-0.996636796201,-0.,8.194569213205E-02));
#4701 = PCURVE('',#1232,#4702);
#4702 = DEFINITIONAL_REPRESENTATION('',(#4703),#4712);
#4703 = B_SPLINE_CURVE_WITH_KNOTS('',7,(#4704,#4705,#4706,#4707,#4708,
    #4709,#4710,#4711),.UNSPECIFIED.,.F.,.F.,(8,8),(1.207996562696,
    2.192415617438),.PIECEWISE_BEZIER_KNOTS.);
#4704 = CARTESIAN_POINT('',(1.905382162379,480.72237551896));
#4705 = CARTESIAN_POINT('',(1.764750868844,477.48431855116));
#4706 = CARTESIAN_POINT('',(1.62411957531,474.04459110101));
#4707 = CARTESIAN_POINT('',(1.483488281776,470.50779061339));
#4708 = CARTESIAN_POINT('',(1.342856988241,466.98828828788));
#4709 = CARTESIAN_POINT('',(1.202225694706,463.6017776016));
#4710 = CARTESIAN_POINT('',(1.061594401171,460.45523986075));
#4711 = CARTESIAN_POINT('',(0.920963107637,457.63962810472));
#4712 = ( GEOMETRIC_REPRESENTATION_CONTEXT(2) 
PARAMETRIC_REPRESENTATION_CONTEXT() REPRESENTATION_CONTEXT('2D SPACE',''
  ) );
#4713 = PCURVE('',#2666,#4714);
#4714 = DEFINITIONAL_REPRESENTATION('',(#4715),#4719);
#4715 = ELLIPSE('',#4716,26.221220350972,9.);
#4716 = AXIS2_PLACEMENT_2D('',#4717,#4718);
#4717 = CARTESIAN_POINT('',(29.327272727273,28.181818181818));
#4718 = DIRECTION('',(8.194569213205E-02,-0.996636796201));
#4719 = ( GEOMETRIC_REPRESENTATION_CONTEXT(2) 
PARAMETRIC_REPRESENTATION_CONTEXT() REPRESENTATION_CONTEXT('2D SPACE',''
  ) );
#4720 = ORIENTED_EDGE('',*,*,#4721,.T.);
#4721 = EDGE_CURVE('',#4693,#4614,#4722,.T.);
#4722 = SURFACE_CURVE('',#4723,(#4728,#4740),.PCURVE_S1.);
#4723 = ELLIPSE('',#4724,9.614447462023,9.);
#4724 = AXIS2_PLACEMENT_3D('',#4725,#4726,#4727);
#4725 = CARTESIAN_POINT('',(20.,77.333333333333,255.35555555555));
#4726 = DIRECTION('',(1.,0.,0.));
#4727 = DIRECTION('',(0.,-0.975767812018,0.218808539665));
#4728 = PCURVE('',#1232,#4729);
#4729 = DEFINITIONAL_REPRESENTATION('',(#4730),#4739);
#4730 = B_SPLINE_CURVE_WITH_KNOTS('',7,(#4731,#4732,#4733,#4734,#4735,
    #4736,#4737,#4738),.UNSPECIFIED.,.F.,.F.,(8,8),(5.319341301332,
    6.490092611353),.PIECEWISE_BEZIER_KNOTS.);
#4731 = CARTESIAN_POINT('',(1.170751310021,461.28588742337));
#4732 = CARTESIAN_POINT('',(1.003501122875,461.75049206218));
#4733 = CARTESIAN_POINT('',(0.836250935729,462.15214543073));
#4734 = CARTESIAN_POINT('',(0.669000748583,462.46962367964));
#4735 = CARTESIAN_POINT('',(0.501750561438,462.68600110622));
#4736 = CARTESIAN_POINT('',(0.334500374292,462.791137405));
#4737 = CARTESIAN_POINT('',(0.167250187146,462.7829526918));
#4738 = CARTESIAN_POINT('',(0.,462.66675253454));
#4739 = ( GEOMETRIC_REPRESENTATION_CONTEXT(2) 
PARAMETRIC_REPRESENTATION_CONTEXT() REPRESENTATION_CONTEXT('2D SPACE',''
  ) );
#4740 = PCURVE('',#2631,#4741);
#4741 = DEFINITIONAL_REPRESENTATION('',(#4742),#4746);
#4742 = ELLIPSE('',#4743,9.614447462023,9.);
#4743 = AXIS2_PLACEMENT_2D('',#4744,#4745);
#4744 = CARTESIAN_POINT('',(28.355555555556,-10.33333333333));
#4745 = DIRECTION('',(0.218808539665,0.975767812018));
#4746 = ( GEOMETRIC_REPRESENTATION_CONTEXT(2) 
PARAMETRIC_REPRESENTATION_CONTEXT() REPRESENTATION_CONTEXT('2D SPACE',''
  ) );
#4747 = ADVANCED_FACE('',(#4748),#1918,.T.);
#4748 = FACE_BOUND('',#4749,.T.);
#4749 = EDGE_LOOP('',(#4750,#4751,#4772,#4773));
#4750 = ORIENTED_EDGE('',*,*,#3994,.F.);
#4751 = ORIENTED_EDGE('',*,*,#4752,.F.);
#4752 = EDGE_CURVE('',#3841,#3972,#4753,.T.);
#4753 = SURFACE_CURVE('',#4754,(#4758,#4765),.PCURVE_S1.);
#4754 = LINE('',#4755,#4756);
#4755 = CARTESIAN_POINT('',(1.39E+03,235.,147.5));
#4756 = VECTOR('',#4757,1.);
#4757 = DIRECTION('',(1.,0.,-0.));
#4758 = PCURVE('',#1918,#4759);
#4759 = DEFINITIONAL_REPRESENTATION('',(#4760),#4764);
#4760 = LINE('',#4761,#4762);
#4761 = CARTESIAN_POINT('',(0.,0.));
#4762 = VECTOR('',#4763,1.);
#4763 = DIRECTION('',(0.,1.));
#4764 = ( GEOMETRIC_REPRESENTATION_CONTEXT(2) 
PARAMETRIC_REPRESENTATION_CONTEXT() REPRESENTATION_CONTEXT('2D SPACE',''
  ) );
#4765 = PCURVE('',#3856,#4766);
#4766 = DEFINITIONAL_REPRESENTATION('',(#4767),#4771);
#4767 = LINE('',#4768,#4769);
#4768 = CARTESIAN_POINT('',(0.,470.));
#4769 = VECTOR('',#4770,1.);
#4770 = DIRECTION('',(1.,0.));
#4771 = ( GEOMETRIC_REPRESENTATION_CONTEXT(2) 
PARAMETRIC_REPRESENTATION_CONTEXT() REPRESENTATION_CONTEXT('2D SPACE',''
  ) );
#4772 = ORIENTED_EDGE('',*,*,#3868,.T.);
#4773 = ORIENTED_EDGE('',*,*,#1903,.F.);
#4774 = ADVANCED_FACE('',(#4775),#1851,.T.);
#4775 = FACE_BOUND('',#4776,.T.);
#4776 = EDGE_LOOP('',(#4777,#4778,#4799,#4800));
#4777 = ORIENTED_EDGE('',*,*,#3788,.F.);
#4778 = ORIENTED_EDGE('',*,*,#4779,.F.);
#4779 = EDGE_CURVE('',#3639,#3766,#4780,.T.);
#4780 = SURFACE_CURVE('',#4781,(#4785,#4792),.PCURVE_S1.);
#4781 = LINE('',#4782,#4783);
#4782 = CARTESIAN_POINT('',(830.,235.,147.5));
#4783 = VECTOR('',#4784,1.);
#4784 = DIRECTION('',(1.,0.,-0.));
#4785 = PCURVE('',#1851,#4786);
#4786 = DEFINITIONAL_REPRESENTATION('',(#4787),#4791);
#4787 = LINE('',#4788,#4789);
#4788 = CARTESIAN_POINT('',(0.,0.));
#4789 = VECTOR('',#4790,1.);
#4790 = DIRECTION('',(0.,1.));
#4791 = ( GEOMETRIC_REPRESENTATION_CONTEXT(2) 
PARAMETRIC_REPRESENTATION_CONTEXT() REPRESENTATION_CONTEXT('2D SPACE',''
  ) );
#4792 = PCURVE('',#3654,#4793);
#4793 = DEFINITIONAL_REPRESENTATION('',(#4794),#4798);
#4794 = LINE('',#4795,#4796);
#4795 = CARTESIAN_POINT('',(0.,470.));
#4796 = VECTOR('',#4797,1.);
#4797 = DIRECTION('',(1.,0.));
#4798 = ( GEOMETRIC_REPRESENTATION_CONTEXT(2) 
PARAMETRIC_REPRESENTATION_CONTEXT() REPRESENTATION_CONTEXT('2D SPACE',''
  ) );
#4799 = ORIENTED_EDGE('',*,*,#3666,.T.);
#4800 = ORIENTED_EDGE('',*,*,#1836,.F.);
#4801 = ADVANCED_FACE('',(#4802),#2228,.F.);
#4802 = FACE_BOUND('',#4803,.F.);
#4803 = EDGE_LOOP('',(#4804,#4805,#4826,#4827));
#4804 = ORIENTED_EDGE('',*,*,#3742,.F.);
#4805 = ORIENTED_EDGE('',*,*,#4806,.F.);
#4806 = EDGE_CURVE('',#3616,#3743,#4807,.T.);
#4807 = SURFACE_CURVE('',#4808,(#4812,#4819),.PCURVE_S1.);
#4808 = LINE('',#4809,#4810);
#4809 = CARTESIAN_POINT('',(830.,-235.,147.5));
#4810 = VECTOR('',#4811,1.);
#4811 = DIRECTION('',(1.,0.,-0.));
#4812 = PCURVE('',#2228,#4813);
#4813 = DEFINITIONAL_REPRESENTATION('',(#4814),#4818);
#4814 = LINE('',#4815,#4816);
#4815 = CARTESIAN_POINT('',(0.,0.));
#4816 = VECTOR('',#4817,1.);
#4817 = DIRECTION('',(0.,1.));
#4818 = ( GEOMETRIC_REPRESENTATION_CONTEXT(2) 
PARAMETRIC_REPRESENTATION_CONTEXT() REPRESENTATION_CONTEXT('2D SPACE',''
  ) );
#4819 = PCURVE('',#3654,#4820);
#4820 = DEFINITIONAL_REPRESENTATION('',(#4821),#4825);
#4821 = LINE('',#4822,#4823);
#4822 = CARTESIAN_POINT('',(0.,0.));
#4823 = VECTOR('',#4824,1.);
#4824 = DIRECTION('',(1.,0.));
#4825 = ( GEOMETRIC_REPRESENTATION_CONTEXT(2) 
PARAMETRIC_REPRESENTATION_CONTEXT() REPRESENTATION_CONTEXT('2D SPACE',''
  ) );
#4826 = ORIENTED_EDGE('',*,*,#3615,.T.);
#4827 = ORIENTED_EDGE('',*,*,#2213,.F.);
#4828 = ADVANCED_FACE('',(#4829),#2161,.F.);
#4829 = FACE_BOUND('',#4830,.F.);
#4830 = EDGE_LOOP('',(#4831,#4832,#4853,#4854));
#4831 = ORIENTED_EDGE('',*,*,#3948,.F.);
#4832 = ORIENTED_EDGE('',*,*,#4833,.F.);
#4833 = EDGE_CURVE('',#3818,#3949,#4834,.T.);
#4834 = SURFACE_CURVE('',#4835,(#4839,#4846),.PCURVE_S1.);
#4835 = LINE('',#4836,#4837);
#4836 = CARTESIAN_POINT('',(1.39E+03,-235.,147.5));
#4837 = VECTOR('',#4838,1.);
#4838 = DIRECTION('',(1.,0.,-0.));
#4839 = PCURVE('',#2161,#4840);
#4840 = DEFINITIONAL_REPRESENTATION('',(#4841),#4845);
#4841 = LINE('',#4842,#4843);
#4842 = CARTESIAN_POINT('',(0.,0.));
#4843 = VECTOR('',#4844,1.);
#4844 = DIRECTION('',(0.,1.));
#4845 = ( GEOMETRIC_REPRESENTATION_CONTEXT(2) 
PARAMETRIC_REPRESENTATION_CONTEXT() REPRESENTATION_CONTEXT('2D SPACE',''
  ) );
#4846 = PCURVE('',#3856,#4847);
#4847 = DEFINITIONAL_REPRESENTATION('',(#4848),#4852);
#4848 = LINE('',#4849,#4850);
#4849 = CARTESIAN_POINT('',(0.,0.));
#4850 = VECTOR('',#4851,1.);
#4851 = DIRECTION('',(1.,0.));
#4852 = ( GEOMETRIC_REPRESENTATION_CONTEXT(2) 
PARAMETRIC_REPRESENTATION_CONTEXT() REPRESENTATION_CONTEXT('2D SPACE',''
  ) );
#4853 = ORIENTED_EDGE('',*,*,#3817,.T.);
#4854 = ORIENTED_EDGE('',*,*,#2146,.F.);
#4855 = ADVANCED_FACE('',(#4856),#2343,.F.);
#4856 = FACE_BOUND('',#4857,.F.);
#4857 = EDGE_LOOP('',(#4858,#4859,#4860));
#4858 = ORIENTED_EDGE('',*,*,#2476,.T.);
#4859 = ORIENTED_EDGE('',*,*,#2451,.T.);
#4860 = ORIENTED_EDGE('',*,*,#2328,.F.);
#4861 = ADVANCED_FACE('',(#4862),#2438,.T.);
#4862 = FACE_BOUND('',#4863,.T.);
#4863 = EDGE_LOOP('',(#4864));
#4864 = ORIENTED_EDGE('',*,*,#2423,.T.);
#4865 = ADVANCED_FACE('',(#4866),#2631,.T.);
#4866 = FACE_BOUND('',#4867,.T.);
#4867 = EDGE_LOOP('',(#4868,#4898,#4926,#4954,#4975,#4976,#4977,#4978,
    #4979));
#4868 = ORIENTED_EDGE('',*,*,#4869,.F.);
#4869 = EDGE_CURVE('',#4870,#4872,#4874,.T.);
#4870 = VERTEX_POINT('',#4871);
#4871 = CARTESIAN_POINT('',(20.,67.,267.));
#4872 = VERTEX_POINT('',#4873);
#4873 = CARTESIAN_POINT('',(20.,73.,267.));
#4874 = SURFACE_CURVE('',#4875,(#4879,#4886),.PCURVE_S1.);
#4875 = LINE('',#4876,#4877);
#4876 = CARTESIAN_POINT('',(20.,67.,267.));
#4877 = VECTOR('',#4878,1.);
#4878 = DIRECTION('',(-0.,1.,0.));
#4879 = PCURVE('',#2631,#4880);
#4880 = DEFINITIONAL_REPRESENTATION('',(#4881),#4885);
#4881 = LINE('',#4882,#4883);
#4882 = CARTESIAN_POINT('',(40.,0.));
#4883 = VECTOR('',#4884,1.);
#4884 = DIRECTION('',(0.,-1.));
#4885 = ( GEOMETRIC_REPRESENTATION_CONTEXT(2) 
PARAMETRIC_REPRESENTATION_CONTEXT() REPRESENTATION_CONTEXT('2D SPACE',''
  ) );
#4886 = PCURVE('',#4887,#4892);
#4887 = PLANE('',#4888);
#4888 = AXIS2_PLACEMENT_3D('',#4889,#4890,#4891);
#4889 = CARTESIAN_POINT('',(-20.,67.,267.));
#4890 = DIRECTION('',(0.,0.,1.));
#4891 = DIRECTION('',(1.,0.,-0.));
#4892 = DEFINITIONAL_REPRESENTATION('',(#4893),#4897);
#4893 = LINE('',#4894,#4895);
#4894 = CARTESIAN_POINT('',(40.,0.));
#4895 = VECTOR('',#4896,1.);
#4896 = DIRECTION('',(0.,1.));
#4897 = ( GEOMETRIC_REPRESENTATION_CONTEXT(2) 
PARAMETRIC_REPRESENTATION_CONTEXT() REPRESENTATION_CONTEXT('2D SPACE',''
  ) );
#4898 = ORIENTED_EDGE('',*,*,#4899,.F.);
#4899 = EDGE_CURVE('',#4900,#4870,#4902,.T.);
#4900 = VERTEX_POINT('',#4901);
#4901 = CARTESIAN_POINT('',(20.,67.,227.));
#4902 = SURFACE_CURVE('',#4903,(#4907,#4914),.PCURVE_S1.);
#4903 = LINE('',#4904,#4905);
#4904 = CARTESIAN_POINT('',(20.,67.,227.));
#4905 = VECTOR('',#4906,1.);
#4906 = DIRECTION('',(0.,0.,1.));
#4907 = PCURVE('',#2631,#4908);
#4908 = DEFINITIONAL_REPRESENTATION('',(#4909),#4913);
#4909 = LINE('',#4910,#4911);
#4910 = CARTESIAN_POINT('',(0.,0.));
#4911 = VECTOR('',#4912,1.);
#4912 = DIRECTION('',(1.,0.));
#4913 = ( GEOMETRIC_REPRESENTATION_CONTEXT(2) 
PARAMETRIC_REPRESENTATION_CONTEXT() REPRESENTATION_CONTEXT('2D SPACE',''
  ) );
#4914 = PCURVE('',#4915,#4920);
#4915 = PLANE('',#4916);
#4916 = AXIS2_PLACEMENT_3D('',#4917,#4918,#4919);
#4917 = CARTESIAN_POINT('',(-20.,67.,227.));
#4918 = DIRECTION('',(-0.,1.,0.));
#4919 = DIRECTION('',(0.,0.,1.));
#4920 = DEFINITIONAL_REPRESENTATION('',(#4921),#4925);
#4921 = LINE('',#4922,#4923);
#4922 = CARTESIAN_POINT('',(0.,40.));
#4923 = VECTOR('',#4924,1.);
#4924 = DIRECTION('',(1.,0.));
#4925 = ( GEOMETRIC_REPRESENTATION_CONTEXT(2) 
PARAMETRIC_REPRESENTATION_CONTEXT() REPRESENTATION_CONTEXT('2D SPACE',''
  ) );
#4926 = ORIENTED_EDGE('',*,*,#4927,.T.);
#4927 = EDGE_CURVE('',#4900,#4928,#4930,.T.);
#4928 = VERTEX_POINT('',#4929);
#4929 = CARTESIAN_POINT('',(20.,73.,227.));
#4930 = SURFACE_CURVE('',#4931,(#4935,#4942),.PCURVE_S1.);
#4931 = LINE('',#4932,#4933);
#4932 = CARTESIAN_POINT('',(20.,67.,227.));
#4933 = VECTOR('',#4934,1.);
#4934 = DIRECTION('',(-0.,1.,0.));
#4935 = PCURVE('',#2631,#4936);
#4936 = DEFINITIONAL_REPRESENTATION('',(#4937),#4941);
#4937 = LINE('',#4938,#4939);
#4938 = CARTESIAN_POINT('',(0.,0.));
#4939 = VECTOR('',#4940,1.);
#4940 = DIRECTION('',(0.,-1.));
#4941 = ( GEOMETRIC_REPRESENTATION_CONTEXT(2) 
PARAMETRIC_REPRESENTATION_CONTEXT() REPRESENTATION_CONTEXT('2D SPACE',''
  ) );
#4942 = PCURVE('',#4943,#4948);
#4943 = PLANE('',#4944);
#4944 = AXIS2_PLACEMENT_3D('',#4945,#4946,#4947);
#4945 = CARTESIAN_POINT('',(-20.,67.,227.));
#4946 = DIRECTION('',(0.,0.,1.));
#4947 = DIRECTION('',(1.,0.,-0.));
#4948 = DEFINITIONAL_REPRESENTATION('',(#4949),#4953);
#4949 = LINE('',#4950,#4951);
#4950 = CARTESIAN_POINT('',(40.,0.));
#4951 = VECTOR('',#4952,1.);
#4952 = DIRECTION('',(0.,1.));
#4953 = ( GEOMETRIC_REPRESENTATION_CONTEXT(2) 
PARAMETRIC_REPRESENTATION_CONTEXT() REPRESENTATION_CONTEXT('2D SPACE',''
  ) );
#4954 = ORIENTED_EDGE('',*,*,#4955,.T.);
#4955 = EDGE_CURVE('',#4928,#2611,#4956,.T.);
#4956 = SURFACE_CURVE('',#4957,(#4961,#4968),.PCURVE_S1.);
#4957 = LINE('',#4958,#4959);
#4958 = CARTESIAN_POINT('',(20.,73.,227.));
#4959 = VECTOR('',#4960,1.);
#4960 = DIRECTION('',(0.,0.,1.));
#4961 = PCURVE('',#2631,#4962);
#4962 = DEFINITIONAL_REPRESENTATION('',(#4963),#4967);
#4963 = LINE('',#4964,#4965);
#4964 = CARTESIAN_POINT('',(0.,-6.));
#4965 = VECTOR('',#4966,1.);
#4966 = DIRECTION('',(1.,0.));
#4967 = ( GEOMETRIC_REPRESENTATION_CONTEXT(2) 
PARAMETRIC_REPRESENTATION_CONTEXT() REPRESENTATION_CONTEXT('2D SPACE',''
  ) );
#4968 = PCURVE('',#2666,#4969);
#4969 = DEFINITIONAL_REPRESENTATION('',(#4970),#4974);
#4970 = LINE('',#4971,#4972);
#4971 = CARTESIAN_POINT('',(0.,40.));
#4972 = VECTOR('',#4973,1.);
#4973 = DIRECTION('',(1.,0.));
#4974 = ( GEOMETRIC_REPRESENTATION_CONTEXT(2) 
PARAMETRIC_REPRESENTATION_CONTEXT() REPRESENTATION_CONTEXT('2D SPACE',''
  ) );
#4975 = ORIENTED_EDGE('',*,*,#2610,.F.);
#4976 = ORIENTED_EDGE('',*,*,#3033,.F.);
#4977 = ORIENTED_EDGE('',*,*,#4640,.F.);
#4978 = ORIENTED_EDGE('',*,*,#4721,.F.);
#4979 = ORIENTED_EDGE('',*,*,#4980,.T.);
#4980 = EDGE_CURVE('',#4693,#4872,#4981,.T.);
#4981 = SURFACE_CURVE('',#4982,(#4986,#4993),.PCURVE_S1.);
#4982 = LINE('',#4983,#4984);
#4983 = CARTESIAN_POINT('',(20.,73.,227.));
#4984 = VECTOR('',#4985,1.);
#4985 = DIRECTION('',(0.,0.,1.));
#4986 = PCURVE('',#2631,#4987);
#4987 = DEFINITIONAL_REPRESENTATION('',(#4988),#4992);
#4988 = LINE('',#4989,#4990);
#4989 = CARTESIAN_POINT('',(0.,-6.));
#4990 = VECTOR('',#4991,1.);
#4991 = DIRECTION('',(1.,0.));
#4992 = ( GEOMETRIC_REPRESENTATION_CONTEXT(2) 
PARAMETRIC_REPRESENTATION_CONTEXT() REPRESENTATION_CONTEXT('2D SPACE',''
  ) );
#4993 = PCURVE('',#2666,#4994);
#4994 = DEFINITIONAL_REPRESENTATION('',(#4995),#4999);
#4995 = LINE('',#4996,#4997);
#4996 = CARTESIAN_POINT('',(0.,40.));
#4997 = VECTOR('',#4998,1.);
#4998 = DIRECTION('',(1.,0.));
#4999 = ( GEOMETRIC_REPRESENTATION_CONTEXT(2) 
PARAMETRIC_REPRESENTATION_CONTEXT() REPRESENTATION_CONTEXT('2D SPACE',''
  ) );
#5000 = ADVANCED_FACE('',(#5001),#2728,.T.);
#5001 = FACE_BOUND('',#5002,.T.);
#5002 = EDGE_LOOP('',(#5003,#5024,#5053,#5072,#5073));
#5003 = ORIENTED_EDGE('',*,*,#5004,.T.);
#5004 = EDGE_CURVE('',#2679,#5005,#5007,.T.);
#5005 = VERTEX_POINT('',#5006);
#5006 = CARTESIAN_POINT('',(-2.187687465381,74.257328553726,
    249.37837437685));
#5007 = SURFACE_CURVE('',#5008,(#5012,#5018),.PCURVE_S1.);
#5008 = LINE('',#5009,#5010);
#5009 = CARTESIAN_POINT('',(-2.231400728839,74.552989172029,
    250.16521311911));
#5010 = VECTOR('',#5011,1.);
#5011 = DIRECTION('',(5.19351401518E-02,-0.351270402481,-0.934832522732)
  );
#5012 = PCURVE('',#2728,#5013);
#5013 = DEFINITIONAL_REPRESENTATION('',(#5014),#5017);
#5014 = B_SPLINE_CURVE_WITH_KNOTS('',1,(#5015,#5016),.UNSPECIFIED.,.F.,
  .F.,(2,2),(-8.25325927575,2.287592147205),.PIECEWISE_BEZIER_KNOTS.);
#5015 = CARTESIAN_POINT('',(-7.912343547052,0.883248374753));
#5016 = CARTESIAN_POINT('',(-4.247517455169,-9.));
#5017 = ( GEOMETRIC_REPRESENTATION_CONTEXT(2) 
PARAMETRIC_REPRESENTATION_CONTEXT() REPRESENTATION_CONTEXT('2D SPACE',''
  ) );
#5018 = PCURVE('',#2695,#5019);
#5019 = DEFINITIONAL_REPRESENTATION('',(#5020),#5023);
#5020 = B_SPLINE_CURVE_WITH_KNOTS('',1,(#5021,#5022),.UNSPECIFIED.,.F.,
  .F.,(2,2),(-8.25325927575,2.287592147205),.PIECEWISE_BEZIER_KNOTS.);
#5021 = CARTESIAN_POINT('',(-7.745829475953,11.));
#5022 = CARTESIAN_POINT('',(-4.300929208685,1.037961510344));
#5023 = ( GEOMETRIC_REPRESENTATION_CONTEXT(2) 
PARAMETRIC_REPRESENTATION_CONTEXT() REPRESENTATION_CONTEXT('2D SPACE',''
  ) );
#5024 = ORIENTED_EDGE('',*,*,#5025,.T.);
#5025 = EDGE_CURVE('',#5005,#5026,#5028,.T.);
#5026 = VERTEX_POINT('',#5027);
#5027 = CARTESIAN_POINT('',(-1.782117737814,73.,248.70397345902));
#5028 = SURFACE_CURVE('',#5029,(#5034,#5041),.PCURVE_S1.);
#5029 = CIRCLE('',#5030,9.);
#5030 = AXIS2_PLACEMENT_3D('',#5031,#5032,#5033);
#5031 = CARTESIAN_POINT('',(0.,70.,257.));
#5032 = DIRECTION('',(-0.936091235149,-0.343233452888,7.696750155669E-02
    ));
#5033 = DIRECTION('',(0.344254649158,-0.938876315887,-3.469446951954E-18
    ));
#5034 = PCURVE('',#2728,#5035);
#5035 = DEFINITIONAL_REPRESENTATION('',(#5036),#5040);
#5036 = CIRCLE('',#5037,9.);
#5037 = AXIS2_PLACEMENT_2D('',#5038,#5039);
#5038 = CARTESIAN_POINT('',(0.,0.));
#5039 = DIRECTION('',(1.,0.));
#5040 = ( GEOMETRIC_REPRESENTATION_CONTEXT(2) 
PARAMETRIC_REPRESENTATION_CONTEXT() REPRESENTATION_CONTEXT('2D SPACE',''
  ) );
#5041 = PCURVE('',#5042,#5047);
#5042 = CYLINDRICAL_SURFACE('',#5043,9.);
#5043 = AXIS2_PLACEMENT_3D('',#5044,#5045,#5046);
#5044 = CARTESIAN_POINT('',(450.,235.,220.));
#5045 = DIRECTION('',(-0.936091235149,-0.343233452888,7.696750155669E-02
    ));
#5046 = DIRECTION('',(0.344254649158,-0.938876315887,-3.469446951954E-18
    ));
#5047 = DEFINITIONAL_REPRESENTATION('',(#5048),#5052);
#5048 = LINE('',#5049,#5050);
#5049 = CARTESIAN_POINT('',(0.,480.72237310114));
#5050 = VECTOR('',#5051,1.);
#5051 = DIRECTION('',(1.,0.));
#5052 = ( GEOMETRIC_REPRESENTATION_CONTEXT(2) 
PARAMETRIC_REPRESENTATION_CONTEXT() REPRESENTATION_CONTEXT('2D SPACE',''
  ) );
#5053 = ORIENTED_EDGE('',*,*,#5054,.F.);
#5054 = EDGE_CURVE('',#4669,#5026,#5055,.T.);
#5055 = SURFACE_CURVE('',#5056,(#5060,#5066),.PCURVE_S1.);
#5056 = LINE('',#5057,#5058);
#5057 = CARTESIAN_POINT('',(-2.384815739519,73.,241.37386262747));
#5058 = VECTOR('',#5059,1.);
#5059 = DIRECTION('',(-8.194569213205E-02,0.,-0.996636796201));
#5060 = PCURVE('',#2728,#5061);
#5061 = DEFINITIONAL_REPRESENTATION('',(#5062),#5065);
#5062 = B_SPLINE_CURVE_WITH_KNOTS('',1,(#5063,#5064),.UNSPECIFIED.,.F.,
  .F.,(2,2),(-24.6824519074,-6.675285298563),.PIECEWISE_BEZIER_KNOTS.);
#5063 = CARTESIAN_POINT('',(-2.941316306597,9.));
#5064 = CARTESIAN_POINT('',(-3.449301816871,-9.));
#5065 = ( GEOMETRIC_REPRESENTATION_CONTEXT(2) 
PARAMETRIC_REPRESENTATION_CONTEXT() REPRESENTATION_CONTEXT('2D SPACE',''
  ) );
#5066 = PCURVE('',#2666,#5067);
#5067 = DEFINITIONAL_REPRESENTATION('',(#5068),#5071);
#5068 = B_SPLINE_CURVE_WITH_KNOTS('',1,(#5069,#5070),.UNSPECIFIED.,.F.,
  .F.,(2,2),(-24.6824519074,-6.675285298563),.PIECEWISE_BEZIER_KNOTS.);
#5069 = CARTESIAN_POINT('',(38.973302418844,19.637804865549));
#5070 = CARTESIAN_POINT('',(21.026697581156,18.162195134451));
#5071 = ( GEOMETRIC_REPRESENTATION_CONTEXT(2) 
PARAMETRIC_REPRESENTATION_CONTEXT() REPRESENTATION_CONTEXT('2D SPACE',''
  ) );
#5072 = ORIENTED_EDGE('',*,*,#4668,.T.);
#5073 = ORIENTED_EDGE('',*,*,#2707,.F.);
#5074 = ADVANCED_FACE('',(#5075),#2695,.T.);
#5075 = FACE_BOUND('',#5076,.T.);
#5076 = EDGE_LOOP('',(#5077,#5078,#5079,#5100));
#5077 = ORIENTED_EDGE('',*,*,#5004,.F.);
#5078 = ORIENTED_EDGE('',*,*,#2678,.T.);
#5079 = ORIENTED_EDGE('',*,*,#5080,.F.);
#5080 = EDGE_CURVE('',#5081,#2644,#5083,.T.);
#5081 = VERTEX_POINT('',#5082);
#5082 = CARTESIAN_POINT('',(-1.545483279061,73.,248.65360669475));
#5083 = SURFACE_CURVE('',#5084,(#5088,#5094),.PCURVE_S1.);
#5084 = LINE('',#5085,#5086);
#5085 = CARTESIAN_POINT('',(-3.763064346483,73.,235.91431120105));
#5086 = VECTOR('',#5087,1.);
#5087 = DIRECTION('',(-0.171495160114,0.,-0.985184962359));
#5088 = PCURVE('',#2695,#5089);
#5089 = DEFINITIONAL_REPRESENTATION('',(#5090),#5093);
#5090 = B_SPLINE_CURVE_WITH_KNOTS('',1,(#5091,#5092),.UNSPECIFIED.,.F.,
  .F.,(2,2),(-19.85085391351,-0.208144153796),.PIECEWISE_BEZIER_KNOTS.);
#5091 = CARTESIAN_POINT('',(-2.746909943477,8.564010366845));
#5092 = CARTESIAN_POINT('',(-4.503481909091,-11.));
#5093 = ( GEOMETRIC_REPRESENTATION_CONTEXT(2) 
PARAMETRIC_REPRESENTATION_CONTEXT() REPRESENTATION_CONTEXT('2D SPACE',''
  ) );
#5094 = PCURVE('',#2666,#5095);
#5095 = DEFINITIONAL_REPRESENTATION('',(#5096),#5099);
#5096 = B_SPLINE_CURVE_WITH_KNOTS('',1,(#5097,#5098),.UNSPECIFIED.,.F.,
  .F.,(2,2),(-19.85085391351,-0.208144153796),.PIECEWISE_BEZIER_KNOTS.);
#5097 = CARTESIAN_POINT('',(28.471073966621,19.641261023819));
#5098 = CARTESIAN_POINT('',(9.119371691377,16.272631368499));
#5099 = ( GEOMETRIC_REPRESENTATION_CONTEXT(2) 
PARAMETRIC_REPRESENTATION_CONTEXT() REPRESENTATION_CONTEXT('2D SPACE',''
  ) );
#5100 = ORIENTED_EDGE('',*,*,#5101,.F.);
#5101 = EDGE_CURVE('',#5005,#5081,#5102,.T.);
#5102 = SURFACE_CURVE('',#5103,(#5108,#5115),.PCURVE_S1.);
#5103 = ELLIPSE('',#5104,9.198440770968,9.);
#5104 = AXIS2_PLACEMENT_3D('',#5105,#5106,#5107);
#5105 = CARTESIAN_POINT('',(1.405651850276,70.515405678435,
    256.8844241812));
#5106 = DIRECTION('',(-0.844022043133,-0.515791248582,0.146922355657));
#5107 = DIRECTION('',(-0.53378790912,0.781388822692,-0.323267653579));
#5108 = PCURVE('',#2695,#5109);
#5109 = DEFINITIONAL_REPRESENTATION('',(#5110),#5114);
#5110 = ELLIPSE('',#5111,9.198440770968,9.);
#5111 = AXIS2_PLACEMENT_2D('',#5112,#5113);
#5112 = CARTESIAN_POINT('',(0.293190868246,9.992866487961));
#5113 = DIRECTION('',(-0.945088597678,-0.32681423246));
#5114 = ( GEOMETRIC_REPRESENTATION_CONTEXT(2) 
PARAMETRIC_REPRESENTATION_CONTEXT() REPRESENTATION_CONTEXT('2D SPACE',''
  ) );
#5115 = PCURVE('',#5042,#5116);
#5116 = DEFINITIONAL_REPRESENTATION('',(#5117),#5132);
#5117 = B_SPLINE_CURVE_WITH_KNOTS('',7,(#5118,#5119,#5120,#5121,#5122,
    #5123,#5124,#5125,#5126,#5127,#5128,#5129,#5130,#5131),
  .UNSPECIFIED.,.F.,.F.,(8,6,8),(0.659688616329,1.723093703035,
    2.78649878974),.UNSPECIFIED.);
#5118 = CARTESIAN_POINT('',(4.156375133769,480.72237550114));
#5119 = CARTESIAN_POINT('',(4.308290146155,480.54544521153));
#5120 = CARTESIAN_POINT('',(4.460205158542,480.32808443506));
#5121 = CARTESIAN_POINT('',(4.612120170928,480.07696284283));
#5122 = CARTESIAN_POINT('',(4.764035183315,479.80103405623));
#5123 = CARTESIAN_POINT('',(4.915950195701,479.51091576018));
#5124 = CARTESIAN_POINT('',(5.067865208088,479.21780401329));
#5125 = CARTESIAN_POINT('',(5.371695232861,478.64710513312));
#5126 = CARTESIAN_POINT('',(5.523610245247,478.36951810828));
#5127 = CARTESIAN_POINT('',(5.675525257633,478.11044900066));
#5128 = CARTESIAN_POINT('',(5.82744027002,477.88021709508));
#5129 = CARTESIAN_POINT('',(5.979355282407,477.68768167102));
#5130 = CARTESIAN_POINT('',(6.131270294793,477.5393361099));
#5131 = CARTESIAN_POINT('',(6.28318530718,477.43896449426));
#5132 = ( GEOMETRIC_REPRESENTATION_CONTEXT(2) 
PARAMETRIC_REPRESENTATION_CONTEXT() REPRESENTATION_CONTEXT('2D SPACE',''
  ) );
#5133 = ADVANCED_FACE('',(#5134),#2666,.T.);
#5134 = FACE_BOUND('',#5135,.T.);
#5135 = EDGE_LOOP('',(#5136,#5137,#5160,#5188,#5209,#5210,#5211,#5212,
    #5239,#5240));
#5136 = ORIENTED_EDGE('',*,*,#4955,.F.);
#5137 = ORIENTED_EDGE('',*,*,#5138,.F.);
#5138 = EDGE_CURVE('',#5139,#4928,#5141,.T.);
#5139 = VERTEX_POINT('',#5140);
#5140 = CARTESIAN_POINT('',(-20.,73.,227.));
#5141 = SURFACE_CURVE('',#5142,(#5146,#5153),.PCURVE_S1.);
#5142 = LINE('',#5143,#5144);
#5143 = CARTESIAN_POINT('',(-20.,73.,227.));
#5144 = VECTOR('',#5145,1.);
#5145 = DIRECTION('',(1.,0.,-0.));
#5146 = PCURVE('',#2666,#5147);
#5147 = DEFINITIONAL_REPRESENTATION('',(#5148),#5152);
#5148 = LINE('',#5149,#5150);
#5149 = CARTESIAN_POINT('',(0.,0.));
#5150 = VECTOR('',#5151,1.);
#5151 = DIRECTION('',(0.,1.));
#5152 = ( GEOMETRIC_REPRESENTATION_CONTEXT(2) 
PARAMETRIC_REPRESENTATION_CONTEXT() REPRESENTATION_CONTEXT('2D SPACE',''
  ) );
#5153 = PCURVE('',#4943,#5154);
#5154 = DEFINITIONAL_REPRESENTATION('',(#5155),#5159);
#5155 = LINE('',#5156,#5157);
#5156 = CARTESIAN_POINT('',(0.,6.));
#5157 = VECTOR('',#5158,1.);
#5158 = DIRECTION('',(1.,0.));
#5159 = ( GEOMETRIC_REPRESENTATION_CONTEXT(2) 
PARAMETRIC_REPRESENTATION_CONTEXT() REPRESENTATION_CONTEXT('2D SPACE',''
  ) );
#5160 = ORIENTED_EDGE('',*,*,#5161,.T.);
#5161 = EDGE_CURVE('',#5139,#5162,#5164,.T.);
#5162 = VERTEX_POINT('',#5163);
#5163 = CARTESIAN_POINT('',(-20.,73.,267.));
#5164 = SURFACE_CURVE('',#5165,(#5169,#5176),.PCURVE_S1.);
#5165 = LINE('',#5166,#5167);
#5166 = CARTESIAN_POINT('',(-20.,73.,227.));
#5167 = VECTOR('',#5168,1.);
#5168 = DIRECTION('',(0.,0.,1.));
#5169 = PCURVE('',#2666,#5170);
#5170 = DEFINITIONAL_REPRESENTATION('',(#5171),#5175);
#5171 = LINE('',#5172,#5173);
#5172 = CARTESIAN_POINT('',(0.,0.));
#5173 = VECTOR('',#5174,1.);
#5174 = DIRECTION('',(1.,0.));
#5175 = ( GEOMETRIC_REPRESENTATION_CONTEXT(2) 
PARAMETRIC_REPRESENTATION_CONTEXT() REPRESENTATION_CONTEXT('2D SPACE',''
  ) );
#5176 = PCURVE('',#5177,#5182);
#5177 = PLANE('',#5178);
#5178 = AXIS2_PLACEMENT_3D('',#5179,#5180,#5181);
#5179 = CARTESIAN_POINT('',(-20.,67.,227.));
#5180 = DIRECTION('',(1.,0.,-0.));
#5181 = DIRECTION('',(0.,0.,1.));
#5182 = DEFINITIONAL_REPRESENTATION('',(#5183),#5187);
#5183 = LINE('',#5184,#5185);
#5184 = CARTESIAN_POINT('',(0.,-6.));
#5185 = VECTOR('',#5186,1.);
#5186 = DIRECTION('',(1.,0.));
#5187 = ( GEOMETRIC_REPRESENTATION_CONTEXT(2) 
PARAMETRIC_REPRESENTATION_CONTEXT() REPRESENTATION_CONTEXT('2D SPACE',''
  ) );
#5188 = ORIENTED_EDGE('',*,*,#5189,.T.);
#5189 = EDGE_CURVE('',#5162,#4872,#5190,.T.);
#5190 = SURFACE_CURVE('',#5191,(#5195,#5202),.PCURVE_S1.);
#5191 = LINE('',#5192,#5193);
#5192 = CARTESIAN_POINT('',(-20.,73.,267.));
#5193 = VECTOR('',#5194,1.);
#5194 = DIRECTION('',(1.,0.,-0.));
#5195 = PCURVE('',#2666,#5196);
#5196 = DEFINITIONAL_REPRESENTATION('',(#5197),#5201);
#5197 = LINE('',#5198,#5199);
#5198 = CARTESIAN_POINT('',(40.,0.));
#5199 = VECTOR('',#5200,1.);
#5200 = DIRECTION('',(0.,1.));
#5201 = ( GEOMETRIC_REPRESENTATION_CONTEXT(2) 
PARAMETRIC_REPRESENTATION_CONTEXT() REPRESENTATION_CONTEXT('2D SPACE',''
  ) );
#5202 = PCURVE('',#4887,#5203);
#5203 = DEFINITIONAL_REPRESENTATION('',(#5204),#5208);
#5204 = LINE('',#5205,#5206);
#5205 = CARTESIAN_POINT('',(0.,6.));
#5206 = VECTOR('',#5207,1.);
#5207 = DIRECTION('',(1.,0.));
#5208 = ( GEOMETRIC_REPRESENTATION_CONTEXT(2) 
PARAMETRIC_REPRESENTATION_CONTEXT() REPRESENTATION_CONTEXT('2D SPACE',''
  ) );
#5209 = ORIENTED_EDGE('',*,*,#4980,.F.);
#5210 = ORIENTED_EDGE('',*,*,#4692,.F.);
#5211 = ORIENTED_EDGE('',*,*,#5054,.T.);
#5212 = ORIENTED_EDGE('',*,*,#5213,.F.);
#5213 = EDGE_CURVE('',#5081,#5026,#5214,.T.);
#5214 = SURFACE_CURVE('',#5215,(#5220,#5227),.PCURVE_S1.);
#5215 = ELLIPSE('',#5216,26.221220350972,9.);
#5216 = AXIS2_PLACEMENT_3D('',#5217,#5218,#5219);
#5217 = CARTESIAN_POINT('',(8.181818181818,73.,256.32727272727));
#5218 = DIRECTION('',(-0.,1.,0.));
#5219 = DIRECTION('',(-0.996636796201,-0.,8.194569213205E-02));
#5220 = PCURVE('',#2666,#5221);
#5221 = DEFINITIONAL_REPRESENTATION('',(#5222),#5226);
#5222 = ELLIPSE('',#5223,26.221220350972,9.);
#5223 = AXIS2_PLACEMENT_2D('',#5224,#5225);
#5224 = CARTESIAN_POINT('',(29.327272727273,28.181818181818));
#5225 = DIRECTION('',(8.194569213205E-02,-0.996636796201));
#5226 = ( GEOMETRIC_REPRESENTATION_CONTEXT(2) 
PARAMETRIC_REPRESENTATION_CONTEXT() REPRESENTATION_CONTEXT('2D SPACE',''
  ) );
#5227 = PCURVE('',#5042,#5228);
#5228 = DEFINITIONAL_REPRESENTATION('',(#5229),#5238);
#5229 = B_SPLINE_CURVE_WITH_KNOTS('',7,(#5230,#5231,#5232,#5233,#5234,
    #5235,#5236,#5237),.UNSPECIFIED.,.F.,.F.,(8,8),(4.034341832712,
    5.075188744484),.PIECEWISE_BEZIER_KNOTS.);
#5230 = CARTESIAN_POINT('',(5.362222199543,456.53330001788));
#5231 = CARTESIAN_POINT('',(5.213529783575,459.38529306509));
#5232 = CARTESIAN_POINT('',(5.064837367607,462.63577451776));
#5233 = CARTESIAN_POINT('',(4.916144951643,466.18175081379));
#5234 = CARTESIAN_POINT('',(4.767452535672,469.89865466952));
#5235 = CARTESIAN_POINT('',(4.618760119706,473.64959149831));
#5236 = CARTESIAN_POINT('',(4.470067703738,477.29870997851));
#5237 = CARTESIAN_POINT('',(4.321375287771,480.72237551896));
#5238 = ( GEOMETRIC_REPRESENTATION_CONTEXT(2) 
PARAMETRIC_REPRESENTATION_CONTEXT() REPRESENTATION_CONTEXT('2D SPACE',''
  ) );
#5239 = ORIENTED_EDGE('',*,*,#5080,.T.);
#5240 = ORIENTED_EDGE('',*,*,#2643,.F.);
#5241 = ADVANCED_FACE('',(#5242),#3109,.T.);
#5242 = FACE_BOUND('',#5243,.T.);
#5243 = EDGE_LOOP('',(#5244,#5265,#5266,#5267,#5288));
#5244 = ORIENTED_EDGE('',*,*,#5245,.T.);
#5245 = EDGE_CURVE('',#5246,#3093,#5248,.T.);
#5246 = VERTEX_POINT('',#5247);
#5247 = CARTESIAN_POINT('',(-1.545483279061,-73.,248.65360669475));
#5248 = SURFACE_CURVE('',#5249,(#5253,#5259),.PCURVE_S1.);
#5249 = LINE('',#5250,#5251);
#5250 = CARTESIAN_POINT('',(-3.763064346483,-73.,235.91431120105));
#5251 = VECTOR('',#5252,1.);
#5252 = DIRECTION('',(-0.171495160114,0.,-0.985184962359));
#5253 = PCURVE('',#3109,#5254);
#5254 = DEFINITIONAL_REPRESENTATION('',(#5255),#5258);
#5255 = B_SPLINE_CURVE_WITH_KNOTS('',1,(#5256,#5257),.UNSPECIFIED.,.F.,
  .F.,(2,2),(-19.85085391351,-0.208144153796),.PIECEWISE_BEZIER_KNOTS.);
#5256 = CARTESIAN_POINT('',(2.746909943477,8.564010366845));
#5257 = CARTESIAN_POINT('',(4.503481909091,-11.));
#5258 = ( GEOMETRIC_REPRESENTATION_CONTEXT(2) 
PARAMETRIC_REPRESENTATION_CONTEXT() REPRESENTATION_CONTEXT('2D SPACE',''
  ) );
#5259 = PCURVE('',#3144,#5260);
#5260 = DEFINITIONAL_REPRESENTATION('',(#5261),#5264);
#5261 = B_SPLINE_CURVE_WITH_KNOTS('',1,(#5262,#5263),.UNSPECIFIED.,.F.,
  .F.,(2,2),(-19.85085391351,-0.208144153796),.PIECEWISE_BEZIER_KNOTS.);
#5262 = CARTESIAN_POINT('',(28.471073966621,19.641261023819));
#5263 = CARTESIAN_POINT('',(9.119371691377,16.272631368499));
#5264 = ( GEOMETRIC_REPRESENTATION_CONTEXT(2) 
PARAMETRIC_REPRESENTATION_CONTEXT() REPRESENTATION_CONTEXT('2D SPACE',''
  ) );
#5265 = ORIENTED_EDGE('',*,*,#3092,.T.);
#5266 = ORIENTED_EDGE('',*,*,#3538,.T.);
#5267 = ORIENTED_EDGE('',*,*,#5268,.F.);
#5268 = EDGE_CURVE('',#5269,#3506,#5271,.T.);
#5269 = VERTEX_POINT('',#5270);
#5270 = CARTESIAN_POINT('',(-2.187687465381,-74.25732855372,
    249.37837437685));
#5271 = SURFACE_CURVE('',#5272,(#5276,#5282),.PCURVE_S1.);
#5272 = LINE('',#5273,#5274);
#5273 = CARTESIAN_POINT('',(-2.231400728839,-74.55298917202,
    250.16521311911));
#5274 = VECTOR('',#5275,1.);
#5275 = DIRECTION('',(-5.19351401518E-02,-0.351270402481,0.934832522732)
  );
#5276 = PCURVE('',#3109,#5277);
#5277 = DEFINITIONAL_REPRESENTATION('',(#5278),#5281);
#5278 = B_SPLINE_CURVE_WITH_KNOTS('',1,(#5279,#5280),.UNSPECIFIED.,.F.,
  .F.,(2,2),(-2.287592147205,8.25325927575),.PIECEWISE_BEZIER_KNOTS.);
#5279 = CARTESIAN_POINT('',(4.300929208685,1.037961510344));
#5280 = CARTESIAN_POINT('',(7.745829475953,11.));
#5281 = ( GEOMETRIC_REPRESENTATION_CONTEXT(2) 
PARAMETRIC_REPRESENTATION_CONTEXT() REPRESENTATION_CONTEXT('2D SPACE',''
  ) );
#5282 = PCURVE('',#3526,#5283);
#5283 = DEFINITIONAL_REPRESENTATION('',(#5284),#5287);
#5284 = B_SPLINE_CURVE_WITH_KNOTS('',1,(#5285,#5286),.UNSPECIFIED.,.F.,
  .F.,(2,2),(-2.287592147205,8.25325927575),.PIECEWISE_BEZIER_KNOTS.);
#5285 = CARTESIAN_POINT('',(4.247517455169,-9.));
#5286 = CARTESIAN_POINT('',(7.912343547052,0.883248374753));
#5287 = ( GEOMETRIC_REPRESENTATION_CONTEXT(2) 
PARAMETRIC_REPRESENTATION_CONTEXT() REPRESENTATION_CONTEXT('2D SPACE',''
  ) );
#5288 = ORIENTED_EDGE('',*,*,#5289,.F.);
#5289 = EDGE_CURVE('',#5246,#5269,#5290,.T.);
#5290 = SURFACE_CURVE('',#5291,(#5296,#5303),.PCURVE_S1.);
#5291 = ELLIPSE('',#5292,9.198440770968,9.);
#5292 = AXIS2_PLACEMENT_3D('',#5293,#5294,#5295);
#5293 = CARTESIAN_POINT('',(1.405651850276,-70.51540567843,
    256.8844241812));
#5294 = DIRECTION('',(-0.844022043133,0.515791248582,0.146922355657));
#5295 = DIRECTION('',(-0.53378790912,-0.781388822692,-0.323267653579));
#5296 = PCURVE('',#3109,#5297);
#5297 = DEFINITIONAL_REPRESENTATION('',(#5298),#5302);
#5298 = ELLIPSE('',#5299,9.198440770968,9.);
#5299 = AXIS2_PLACEMENT_2D('',#5300,#5301);
#5300 = CARTESIAN_POINT('',(-0.293190868246,9.992866487961));
#5301 = DIRECTION('',(0.945088597678,-0.32681423246));
#5302 = ( GEOMETRIC_REPRESENTATION_CONTEXT(2) 
PARAMETRIC_REPRESENTATION_CONTEXT() REPRESENTATION_CONTEXT('2D SPACE',''
  ) );
#5303 = PCURVE('',#5304,#5309);
#5304 = CYLINDRICAL_SURFACE('',#5305,9.);
#5305 = AXIS2_PLACEMENT_3D('',#5306,#5307,#5308);
#5306 = CARTESIAN_POINT('',(450.,-235.,220.));
#5307 = DIRECTION('',(-0.936091235149,0.343233452888,7.696750155669E-02)
  );
#5308 = DIRECTION('',(-0.344254649158,-0.938876315887,3.469446951954E-18
    ));
#5309 = DEFINITIONAL_REPRESENTATION('',(#5310),#5325);
#5310 = B_SPLINE_CURVE_WITH_KNOTS('',7,(#5311,#5312,#5313,#5314,#5315,
    #5316,#5317,#5318,#5319,#5320,#5321,#5322,#5323,#5324),
  .UNSPECIFIED.,.F.,.F.,(8,6,8),(3.117865631183,4.370681161017,
    5.62349669085),.UNSPECIFIED.);
#5311 = CARTESIAN_POINT('',(2.762771767334,477.32094417278));
#5312 = CARTESIAN_POINT('',(2.941745414453,477.31287509092));
#5313 = CARTESIAN_POINT('',(3.120719061572,477.3758025989));
#5314 = CARTESIAN_POINT('',(3.299692708691,477.51014584302));
#5315 = CARTESIAN_POINT('',(3.478666355811,477.71076740691));
#5316 = CARTESIAN_POINT('',(3.657640002929,477.96685739228));
#5317 = CARTESIAN_POINT('',(3.836613650048,478.26350751589));
#5318 = CARTESIAN_POINT('',(4.194560944286,478.90440303994));
#5319 = CARTESIAN_POINT('',(4.373534591405,479.24864799647));
#5320 = CARTESIAN_POINT('',(4.552508238524,479.5999256579));
#5321 = CARTESIAN_POINT('',(4.731481885643,479.93960058793));
#5322 = CARTESIAN_POINT('',(4.910455532763,480.24937041173));
#5323 = CARTESIAN_POINT('',(5.089429179882,480.51393093256));
#5324 = CARTESIAN_POINT('',(5.268402827001,480.72237550114));
#5325 = ( GEOMETRIC_REPRESENTATION_CONTEXT(2) 
PARAMETRIC_REPRESENTATION_CONTEXT() REPRESENTATION_CONTEXT('2D SPACE',''
  ) );
#5326 = ADVANCED_FACE('',(#5327),#3526,.T.);
#5327 = FACE_BOUND('',#5328,.T.);
#5328 = EDGE_LOOP('',(#5329,#5330,#5331,#5332,#5353,#5375));
#5329 = ORIENTED_EDGE('',*,*,#3505,.F.);
#5330 = ORIENTED_EDGE('',*,*,#4386,.T.);
#5331 = ORIENTED_EDGE('',*,*,#4468,.T.);
#5332 = ORIENTED_EDGE('',*,*,#5333,.T.);
#5333 = EDGE_CURVE('',#4440,#5334,#5336,.T.);
#5334 = VERTEX_POINT('',#5335);
#5335 = CARTESIAN_POINT('',(-1.782117737814,-73.,248.70397345902));
#5336 = SURFACE_CURVE('',#5337,(#5341,#5347),.PCURVE_S1.);
#5337 = LINE('',#5338,#5339);
#5338 = CARTESIAN_POINT('',(-2.384815739519,-73.,241.37386262747));
#5339 = VECTOR('',#5340,1.);
#5340 = DIRECTION('',(-8.194569213205E-02,0.,-0.996636796201));
#5341 = PCURVE('',#3526,#5342);
#5342 = DEFINITIONAL_REPRESENTATION('',(#5343),#5346);
#5343 = B_SPLINE_CURVE_WITH_KNOTS('',1,(#5344,#5345),.UNSPECIFIED.,.F.,
  .F.,(2,2),(-24.6824519074,-6.675285298563),.PIECEWISE_BEZIER_KNOTS.);
#5344 = CARTESIAN_POINT('',(2.941316306597,9.));
#5345 = CARTESIAN_POINT('',(3.449301816871,-9.));
#5346 = ( GEOMETRIC_REPRESENTATION_CONTEXT(2) 
PARAMETRIC_REPRESENTATION_CONTEXT() REPRESENTATION_CONTEXT('2D SPACE',''
  ) );
#5347 = PCURVE('',#3144,#5348);
#5348 = DEFINITIONAL_REPRESENTATION('',(#5349),#5352);
#5349 = B_SPLINE_CURVE_WITH_KNOTS('',1,(#5350,#5351),.UNSPECIFIED.,.F.,
  .F.,(2,2),(-24.6824519074,-6.675285298563),.PIECEWISE_BEZIER_KNOTS.);
#5350 = CARTESIAN_POINT('',(38.973302418844,19.637804865549));
#5351 = CARTESIAN_POINT('',(21.026697581156,18.162195134451));
#5352 = ( GEOMETRIC_REPRESENTATION_CONTEXT(2) 
PARAMETRIC_REPRESENTATION_CONTEXT() REPRESENTATION_CONTEXT('2D SPACE',''
  ) );
#5353 = ORIENTED_EDGE('',*,*,#5354,.T.);
#5354 = EDGE_CURVE('',#5334,#5269,#5355,.T.);
#5355 = SURFACE_CURVE('',#5356,(#5361,#5368),.PCURVE_S1.);
#5356 = CIRCLE('',#5357,9.);
#5357 = AXIS2_PLACEMENT_3D('',#5358,#5359,#5360);
#5358 = CARTESIAN_POINT('',(0.,-70.,257.));
#5359 = DIRECTION('',(-0.936091235149,0.343233452888,7.696750155669E-02)
  );
#5360 = DIRECTION('',(-0.344254649158,-0.938876315887,3.469446951954E-18
    ));
#5361 = PCURVE('',#3526,#5362);
#5362 = DEFINITIONAL_REPRESENTATION('',(#5363),#5367);
#5363 = CIRCLE('',#5364,9.);
#5364 = AXIS2_PLACEMENT_2D('',#5365,#5366);
#5365 = CARTESIAN_POINT('',(0.,0.));
#5366 = DIRECTION('',(1.,0.));
#5367 = ( GEOMETRIC_REPRESENTATION_CONTEXT(2) 
PARAMETRIC_REPRESENTATION_CONTEXT() REPRESENTATION_CONTEXT('2D SPACE',''
  ) );
#5368 = PCURVE('',#5304,#5369);
#5369 = DEFINITIONAL_REPRESENTATION('',(#5370),#5374);
#5370 = LINE('',#5371,#5372);
#5371 = CARTESIAN_POINT('',(0.,480.72237310114));
#5372 = VECTOR('',#5373,1.);
#5373 = DIRECTION('',(1.,0.));
#5374 = ( GEOMETRIC_REPRESENTATION_CONTEXT(2) 
PARAMETRIC_REPRESENTATION_CONTEXT() REPRESENTATION_CONTEXT('2D SPACE',''
  ) );
#5375 = ORIENTED_EDGE('',*,*,#5268,.T.);
#5376 = ADVANCED_FACE('',(#5377),#3179,.T.);
#5377 = FACE_BOUND('',#5378,.T.);
#5378 = EDGE_LOOP('',(#5379,#5402,#5430,#5458,#5486,#5507,#5508));
#5379 = ORIENTED_EDGE('',*,*,#5380,.F.);
#5380 = EDGE_CURVE('',#5381,#3122,#5383,.T.);
#5381 = VERTEX_POINT('',#5382);
#5382 = CARTESIAN_POINT('',(20.,-73.,227.));
#5383 = SURFACE_CURVE('',#5384,(#5388,#5395),.PCURVE_S1.);
#5384 = LINE('',#5385,#5386);
#5385 = CARTESIAN_POINT('',(20.,-73.,227.));
#5386 = VECTOR('',#5387,1.);
#5387 = DIRECTION('',(0.,0.,1.));
#5388 = PCURVE('',#3179,#5389);
#5389 = DEFINITIONAL_REPRESENTATION('',(#5390),#5394);
#5390 = LINE('',#5391,#5392);
#5391 = CARTESIAN_POINT('',(0.,0.));
#5392 = VECTOR('',#5393,1.);
#5393 = DIRECTION('',(1.,0.));
#5394 = ( GEOMETRIC_REPRESENTATION_CONTEXT(2) 
PARAMETRIC_REPRESENTATION_CONTEXT() REPRESENTATION_CONTEXT('2D SPACE',''
  ) );
#5395 = PCURVE('',#3144,#5396);
#5396 = DEFINITIONAL_REPRESENTATION('',(#5397),#5401);
#5397 = LINE('',#5398,#5399);
#5398 = CARTESIAN_POINT('',(0.,40.));
#5399 = VECTOR('',#5400,1.);
#5400 = DIRECTION('',(1.,0.));
#5401 = ( GEOMETRIC_REPRESENTATION_CONTEXT(2) 
PARAMETRIC_REPRESENTATION_CONTEXT() REPRESENTATION_CONTEXT('2D SPACE',''
  ) );
#5402 = ORIENTED_EDGE('',*,*,#5403,.T.);
#5403 = EDGE_CURVE('',#5381,#5404,#5406,.T.);
#5404 = VERTEX_POINT('',#5405);
#5405 = CARTESIAN_POINT('',(20.,-67.,227.));
#5406 = SURFACE_CURVE('',#5407,(#5411,#5418),.PCURVE_S1.);
#5407 = LINE('',#5408,#5409);
#5408 = CARTESIAN_POINT('',(20.,-73.,227.));
#5409 = VECTOR('',#5410,1.);
#5410 = DIRECTION('',(-0.,1.,0.));
#5411 = PCURVE('',#3179,#5412);
#5412 = DEFINITIONAL_REPRESENTATION('',(#5413),#5417);
#5413 = LINE('',#5414,#5415);
#5414 = CARTESIAN_POINT('',(0.,0.));
#5415 = VECTOR('',#5416,1.);
#5416 = DIRECTION('',(0.,-1.));
#5417 = ( GEOMETRIC_REPRESENTATION_CONTEXT(2) 
PARAMETRIC_REPRESENTATION_CONTEXT() REPRESENTATION_CONTEXT('2D SPACE',''
  ) );
#5418 = PCURVE('',#5419,#5424);
#5419 = PLANE('',#5420);
#5420 = AXIS2_PLACEMENT_3D('',#5421,#5422,#5423);
#5421 = CARTESIAN_POINT('',(-20.,-73.,227.));
#5422 = DIRECTION('',(0.,0.,1.));
#5423 = DIRECTION('',(1.,0.,-0.));
#5424 = DEFINITIONAL_REPRESENTATION('',(#5425),#5429);
#5425 = LINE('',#5426,#5427);
#5426 = CARTESIAN_POINT('',(40.,0.));
#5427 = VECTOR('',#5428,1.);
#5428 = DIRECTION('',(0.,1.));
#5429 = ( GEOMETRIC_REPRESENTATION_CONTEXT(2) 
PARAMETRIC_REPRESENTATION_CONTEXT() REPRESENTATION_CONTEXT('2D SPACE',''
  ) );
#5430 = ORIENTED_EDGE('',*,*,#5431,.T.);
#5431 = EDGE_CURVE('',#5404,#5432,#5434,.T.);
#5432 = VERTEX_POINT('',#5433);
#5433 = CARTESIAN_POINT('',(20.,-67.,267.));
#5434 = SURFACE_CURVE('',#5435,(#5439,#5446),.PCURVE_S1.);
#5435 = LINE('',#5436,#5437);
#5436 = CARTESIAN_POINT('',(20.,-67.,227.));
#5437 = VECTOR('',#5438,1.);
#5438 = DIRECTION('',(0.,0.,1.));
#5439 = PCURVE('',#3179,#5440);
#5440 = DEFINITIONAL_REPRESENTATION('',(#5441),#5445);
#5441 = LINE('',#5442,#5443);
#5442 = CARTESIAN_POINT('',(0.,-6.));
#5443 = VECTOR('',#5444,1.);
#5444 = DIRECTION('',(1.,0.));
#5445 = ( GEOMETRIC_REPRESENTATION_CONTEXT(2) 
PARAMETRIC_REPRESENTATION_CONTEXT() REPRESENTATION_CONTEXT('2D SPACE',''
  ) );
#5446 = PCURVE('',#5447,#5452);
#5447 = PLANE('',#5448);
#5448 = AXIS2_PLACEMENT_3D('',#5449,#5450,#5451);
#5449 = CARTESIAN_POINT('',(-20.,-67.,227.));
#5450 = DIRECTION('',(-0.,1.,0.));
#5451 = DIRECTION('',(0.,0.,1.));
#5452 = DEFINITIONAL_REPRESENTATION('',(#5453),#5457);
#5453 = LINE('',#5454,#5455);
#5454 = CARTESIAN_POINT('',(0.,40.));
#5455 = VECTOR('',#5456,1.);
#5456 = DIRECTION('',(1.,0.));
#5457 = ( GEOMETRIC_REPRESENTATION_CONTEXT(2) 
PARAMETRIC_REPRESENTATION_CONTEXT() REPRESENTATION_CONTEXT('2D SPACE',''
  ) );
#5458 = ORIENTED_EDGE('',*,*,#5459,.F.);
#5459 = EDGE_CURVE('',#5460,#5432,#5462,.T.);
#5460 = VERTEX_POINT('',#5461);
#5461 = CARTESIAN_POINT('',(20.,-73.,267.));
#5462 = SURFACE_CURVE('',#5463,(#5467,#5474),.PCURVE_S1.);
#5463 = LINE('',#5464,#5465);
#5464 = CARTESIAN_POINT('',(20.,-73.,267.));
#5465 = VECTOR('',#5466,1.);
#5466 = DIRECTION('',(-0.,1.,0.));
#5467 = PCURVE('',#3179,#5468);
#5468 = DEFINITIONAL_REPRESENTATION('',(#5469),#5473);
#5469 = LINE('',#5470,#5471);
#5470 = CARTESIAN_POINT('',(40.,0.));
#5471 = VECTOR('',#5472,1.);
#5472 = DIRECTION('',(0.,-1.));
#5473 = ( GEOMETRIC_REPRESENTATION_CONTEXT(2) 
PARAMETRIC_REPRESENTATION_CONTEXT() REPRESENTATION_CONTEXT('2D SPACE',''
  ) );
#5474 = PCURVE('',#5475,#5480);
#5475 = PLANE('',#5476);
#5476 = AXIS2_PLACEMENT_3D('',#5477,#5478,#5479);
#5477 = CARTESIAN_POINT('',(-20.,-73.,267.));
#5478 = DIRECTION('',(0.,0.,1.));
#5479 = DIRECTION('',(1.,0.,-0.));
#5480 = DEFINITIONAL_REPRESENTATION('',(#5481),#5485);
#5481 = LINE('',#5482,#5483);
#5482 = CARTESIAN_POINT('',(40.,0.));
#5483 = VECTOR('',#5484,1.);
#5484 = DIRECTION('',(0.,1.));
#5485 = ( GEOMETRIC_REPRESENTATION_CONTEXT(2) 
PARAMETRIC_REPRESENTATION_CONTEXT() REPRESENTATION_CONTEXT('2D SPACE',''
  ) );
#5486 = ORIENTED_EDGE('',*,*,#5487,.F.);
#5487 = EDGE_CURVE('',#4410,#5460,#5488,.T.);
#5488 = SURFACE_CURVE('',#5489,(#5493,#5500),.PCURVE_S1.);
#5489 = LINE('',#5490,#5491);
#5490 = CARTESIAN_POINT('',(20.,-73.,227.));
#5491 = VECTOR('',#5492,1.);
#5492 = DIRECTION('',(0.,0.,1.));
#5493 = PCURVE('',#3179,#5494);
#5494 = DEFINITIONAL_REPRESENTATION('',(#5495),#5499);
#5495 = LINE('',#5496,#5497);
#5496 = CARTESIAN_POINT('',(0.,0.));
#5497 = VECTOR('',#5498,1.);
#5498 = DIRECTION('',(1.,0.));
#5499 = ( GEOMETRIC_REPRESENTATION_CONTEXT(2) 
PARAMETRIC_REPRESENTATION_CONTEXT() REPRESENTATION_CONTEXT('2D SPACE',''
  ) );
#5500 = PCURVE('',#3144,#5501);
#5501 = DEFINITIONAL_REPRESENTATION('',(#5502),#5506);
#5502 = LINE('',#5503,#5504);
#5503 = CARTESIAN_POINT('',(0.,40.));
#5504 = VECTOR('',#5505,1.);
#5505 = DIRECTION('',(1.,0.));
#5506 = ( GEOMETRIC_REPRESENTATION_CONTEXT(2) 
PARAMETRIC_REPRESENTATION_CONTEXT() REPRESENTATION_CONTEXT('2D SPACE',''
  ) );
#5507 = ORIENTED_EDGE('',*,*,#4409,.F.);
#5508 = ORIENTED_EDGE('',*,*,#3156,.F.);
#5509 = ADVANCED_FACE('',(#5510),#3144,.F.);
#5510 = FACE_BOUND('',#5511,.F.);
#5511 = EDGE_LOOP('',(#5512,#5513,#5536,#5564,#5585,#5586,#5587,#5588,
    #5615,#5616));
#5512 = ORIENTED_EDGE('',*,*,#5380,.F.);
#5513 = ORIENTED_EDGE('',*,*,#5514,.F.);
#5514 = EDGE_CURVE('',#5515,#5381,#5517,.T.);
#5515 = VERTEX_POINT('',#5516);
#5516 = CARTESIAN_POINT('',(-20.,-73.,227.));
#5517 = SURFACE_CURVE('',#5518,(#5522,#5529),.PCURVE_S1.);
#5518 = LINE('',#5519,#5520);
#5519 = CARTESIAN_POINT('',(-20.,-73.,227.));
#5520 = VECTOR('',#5521,1.);
#5521 = DIRECTION('',(1.,0.,-0.));
#5522 = PCURVE('',#3144,#5523);
#5523 = DEFINITIONAL_REPRESENTATION('',(#5524),#5528);
#5524 = LINE('',#5525,#5526);
#5525 = CARTESIAN_POINT('',(0.,0.));
#5526 = VECTOR('',#5527,1.);
#5527 = DIRECTION('',(0.,1.));
#5528 = ( GEOMETRIC_REPRESENTATION_CONTEXT(2) 
PARAMETRIC_REPRESENTATION_CONTEXT() REPRESENTATION_CONTEXT('2D SPACE',''
  ) );
#5529 = PCURVE('',#5419,#5530);
#5530 = DEFINITIONAL_REPRESENTATION('',(#5531),#5535);
#5531 = LINE('',#5532,#5533);
#5532 = CARTESIAN_POINT('',(0.,0.));
#5533 = VECTOR('',#5534,1.);
#5534 = DIRECTION('',(1.,0.));
#5535 = ( GEOMETRIC_REPRESENTATION_CONTEXT(2) 
PARAMETRIC_REPRESENTATION_CONTEXT() REPRESENTATION_CONTEXT('2D SPACE',''
  ) );
#5536 = ORIENTED_EDGE('',*,*,#5537,.T.);
#5537 = EDGE_CURVE('',#5515,#5538,#5540,.T.);
#5538 = VERTEX_POINT('',#5539);
#5539 = CARTESIAN_POINT('',(-20.,-73.,267.));
#5540 = SURFACE_CURVE('',#5541,(#5545,#5552),.PCURVE_S1.);
#5541 = LINE('',#5542,#5543);
#5542 = CARTESIAN_POINT('',(-20.,-73.,227.));
#5543 = VECTOR('',#5544,1.);
#5544 = DIRECTION('',(0.,0.,1.));
#5545 = PCURVE('',#3144,#5546);
#5546 = DEFINITIONAL_REPRESENTATION('',(#5547),#5551);
#5547 = LINE('',#5548,#5549);
#5548 = CARTESIAN_POINT('',(0.,0.));
#5549 = VECTOR('',#5550,1.);
#5550 = DIRECTION('',(1.,0.));
#5551 = ( GEOMETRIC_REPRESENTATION_CONTEXT(2) 
PARAMETRIC_REPRESENTATION_CONTEXT() REPRESENTATION_CONTEXT('2D SPACE',''
  ) );
#5552 = PCURVE('',#5553,#5558);
#5553 = PLANE('',#5554);
#5554 = AXIS2_PLACEMENT_3D('',#5555,#5556,#5557);
#5555 = CARTESIAN_POINT('',(-20.,-73.,227.));
#5556 = DIRECTION('',(1.,0.,-0.));
#5557 = DIRECTION('',(0.,0.,1.));
#5558 = DEFINITIONAL_REPRESENTATION('',(#5559),#5563);
#5559 = LINE('',#5560,#5561);
#5560 = CARTESIAN_POINT('',(0.,0.));
#5561 = VECTOR('',#5562,1.);
#5562 = DIRECTION('',(1.,0.));
#5563 = ( GEOMETRIC_REPRESENTATION_CONTEXT(2) 
PARAMETRIC_REPRESENTATION_CONTEXT() REPRESENTATION_CONTEXT('2D SPACE',''
  ) );
#5564 = ORIENTED_EDGE('',*,*,#5565,.T.);
#5565 = EDGE_CURVE('',#5538,#5460,#5566,.T.);
#5566 = SURFACE_CURVE('',#5567,(#5571,#5578),.PCURVE_S1.);
#5567 = LINE('',#5568,#5569);
#5568 = CARTESIAN_POINT('',(-20.,-73.,267.));
#5569 = VECTOR('',#5570,1.);
#5570 = DIRECTION('',(1.,0.,-0.));
#5571 = PCURVE('',#3144,#5572);
#5572 = DEFINITIONAL_REPRESENTATION('',(#5573),#5577);
#5573 = LINE('',#5574,#5575);
#5574 = CARTESIAN_POINT('',(40.,0.));
#5575 = VECTOR('',#5576,1.);
#5576 = DIRECTION('',(0.,1.));
#5577 = ( GEOMETRIC_REPRESENTATION_CONTEXT(2) 
PARAMETRIC_REPRESENTATION_CONTEXT() REPRESENTATION_CONTEXT('2D SPACE',''
  ) );
#5578 = PCURVE('',#5475,#5579);
#5579 = DEFINITIONAL_REPRESENTATION('',(#5580),#5584);
#5580 = LINE('',#5581,#5582);
#5581 = CARTESIAN_POINT('',(0.,0.));
#5582 = VECTOR('',#5583,1.);
#5583 = DIRECTION('',(1.,0.));
#5584 = ( GEOMETRIC_REPRESENTATION_CONTEXT(2) 
PARAMETRIC_REPRESENTATION_CONTEXT() REPRESENTATION_CONTEXT('2D SPACE',''
  ) );
#5585 = ORIENTED_EDGE('',*,*,#5487,.F.);
#5586 = ORIENTED_EDGE('',*,*,#4439,.F.);
#5587 = ORIENTED_EDGE('',*,*,#5333,.T.);
#5588 = ORIENTED_EDGE('',*,*,#5589,.F.);
#5589 = EDGE_CURVE('',#5246,#5334,#5590,.T.);
#5590 = SURFACE_CURVE('',#5591,(#5596,#5603),.PCURVE_S1.);
#5591 = ELLIPSE('',#5592,26.221220350972,9.);
#5592 = AXIS2_PLACEMENT_3D('',#5593,#5594,#5595);
#5593 = CARTESIAN_POINT('',(8.181818181818,-73.,256.32727272727));
#5594 = DIRECTION('',(-0.,1.,0.));
#5595 = DIRECTION('',(-0.996636796201,-0.,8.194569213205E-02));
#5596 = PCURVE('',#3144,#5597);
#5597 = DEFINITIONAL_REPRESENTATION('',(#5598),#5602);
#5598 = ELLIPSE('',#5599,26.221220350972,9.);
#5599 = AXIS2_PLACEMENT_2D('',#5600,#5601);
#5600 = CARTESIAN_POINT('',(29.327272727273,28.181818181818));
#5601 = DIRECTION('',(8.194569213205E-02,-0.996636796201));
#5602 = ( GEOMETRIC_REPRESENTATION_CONTEXT(2) 
PARAMETRIC_REPRESENTATION_CONTEXT() REPRESENTATION_CONTEXT('2D SPACE',''
  ) );
#5603 = PCURVE('',#5304,#5604);
#5604 = DEFINITIONAL_REPRESENTATION('',(#5605),#5614);
#5605 = B_SPLINE_CURVE_WITH_KNOTS('',7,(#5606,#5607,#5608,#5609,#5610,
    #5611,#5612,#5613),.UNSPECIFIED.,.F.,.F.,(8,8),(4.034341832712,
    5.075188744512),.PIECEWISE_BEZIER_KNOTS.);
#5606 = CARTESIAN_POINT('',(4.062555761227,456.53330001788));
#5607 = CARTESIAN_POINT('',(4.211248177198,459.38529306516));
#5608 = CARTESIAN_POINT('',(4.35994059317,462.63577451799));
#5609 = CARTESIAN_POINT('',(4.508633009139,466.18175081384));
#5610 = CARTESIAN_POINT('',(4.657325425113,469.8986546701));
#5611 = CARTESIAN_POINT('',(4.806017841083,473.64959149877));
#5612 = CARTESIAN_POINT('',(4.954710257055,477.29870997909));
#5613 = CARTESIAN_POINT('',(5.103402673027,480.7223755196));
#5614 = ( GEOMETRIC_REPRESENTATION_CONTEXT(2) 
PARAMETRIC_REPRESENTATION_CONTEXT() REPRESENTATION_CONTEXT('2D SPACE',''
  ) );
#5615 = ORIENTED_EDGE('',*,*,#5245,.T.);
#5616 = ORIENTED_EDGE('',*,*,#3121,.F.);
#5617 = ADVANCED_FACE('',(#5618),#3654,.F.);
#5618 = FACE_BOUND('',#5619,.F.);
#5619 = EDGE_LOOP('',(#5620,#5621,#5622,#5623));
#5620 = ORIENTED_EDGE('',*,*,#3638,.F.);
#5621 = ORIENTED_EDGE('',*,*,#4806,.T.);
#5622 = ORIENTED_EDGE('',*,*,#3765,.T.);
#5623 = ORIENTED_EDGE('',*,*,#4779,.F.);
#5624 = ADVANCED_FACE('',(#5625),#3856,.F.);
#5625 = FACE_BOUND('',#5626,.F.);
#5626 = EDGE_LOOP('',(#5627,#5628,#5629,#5630));
#5627 = ORIENTED_EDGE('',*,*,#3840,.F.);
#5628 = ORIENTED_EDGE('',*,*,#4833,.T.);
#5629 = ORIENTED_EDGE('',*,*,#3971,.T.);
#5630 = ORIENTED_EDGE('',*,*,#4752,.F.);
#5631 = ADVANCED_FACE('',(#5632),#4175,.F.);
#5632 = FACE_BOUND('',#5633,.F.);
#5633 = EDGE_LOOP('',(#5634,#5635,#5636));
#5634 = ORIENTED_EDGE('',*,*,#4336,.T.);
#5635 = ORIENTED_EDGE('',*,*,#4311,.T.);
#5636 = ORIENTED_EDGE('',*,*,#4160,.T.);
#5637 = ADVANCED_FACE('',(#5638),#4069,.F.);
#5638 = FACE_BOUND('',#5639,.F.);
#5639 = EDGE_LOOP('',(#5640,#5641));
#5640 = ORIENTED_EDGE('',*,*,#4054,.T.);
#5641 = ORIENTED_EDGE('',*,*,#4586,.T.);
#5642 = ADVANCED_FACE('',(#5643,#5757),#4298,.F.);
#5643 = FACE_BOUND('',#5644,.F.);
#5644 = EDGE_LOOP('',(#5645,#5675,#5703,#5731));
#5645 = ORIENTED_EDGE('',*,*,#5646,.F.);
#5646 = EDGE_CURVE('',#5647,#5649,#5651,.T.);
#5647 = VERTEX_POINT('',#5648);
#5648 = CARTESIAN_POINT('',(1.46E+03,-55.,195.));
#5649 = VERTEX_POINT('',#5650);
#5650 = CARTESIAN_POINT('',(1.5E+03,-55.,195.));
#5651 = SURFACE_CURVE('',#5652,(#5656,#5663),.PCURVE_S1.);
#5652 = LINE('',#5653,#5654);
#5653 = CARTESIAN_POINT('',(1.46E+03,-55.,195.));
#5654 = VECTOR('',#5655,1.);
#5655 = DIRECTION('',(1.,0.,-0.));
#5656 = PCURVE('',#4298,#5657);
#5657 = DEFINITIONAL_REPRESENTATION('',(#5658),#5662);
#5658 = LINE('',#5659,#5660);
#5659 = CARTESIAN_POINT('',(0.,0.));
#5660 = VECTOR('',#5661,1.);
#5661 = DIRECTION('',(0.,1.));
#5662 = ( GEOMETRIC_REPRESENTATION_CONTEXT(2) 
PARAMETRIC_REPRESENTATION_CONTEXT() REPRESENTATION_CONTEXT('2D SPACE',''
  ) );
#5663 = PCURVE('',#5664,#5669);
#5664 = PLANE('',#5665);
#5665 = AXIS2_PLACEMENT_3D('',#5666,#5667,#5668);
#5666 = CARTESIAN_POINT('',(1.46E+03,-55.,195.));
#5667 = DIRECTION('',(0.,0.,1.));
#5668 = DIRECTION('',(1.,0.,-0.));
#5669 = DEFINITIONAL_REPRESENTATION('',(#5670),#5674);
#5670 = LINE('',#5671,#5672);
#5671 = CARTESIAN_POINT('',(0.,0.));
#5672 = VECTOR('',#5673,1.);
#5673 = DIRECTION('',(1.,0.));
#5674 = ( GEOMETRIC_REPRESENTATION_CONTEXT(2) 
PARAMETRIC_REPRESENTATION_CONTEXT() REPRESENTATION_CONTEXT('2D SPACE',''
  ) );
#5675 = ORIENTED_EDGE('',*,*,#5676,.T.);
#5676 = EDGE_CURVE('',#5647,#5677,#5679,.T.);
#5677 = VERTEX_POINT('',#5678);
#5678 = CARTESIAN_POINT('',(1.46E+03,-55.,225.));
#5679 = SURFACE_CURVE('',#5680,(#5684,#5691),.PCURVE_S1.);
#5680 = LINE('',#5681,#5682);
#5681 = CARTESIAN_POINT('',(1.46E+03,-55.,195.));
#5682 = VECTOR('',#5683,1.);
#5683 = DIRECTION('',(0.,0.,1.));
#5684 = PCURVE('',#4298,#5685);
#5685 = DEFINITIONAL_REPRESENTATION('',(#5686),#5690);
#5686 = LINE('',#5687,#5688);
#5687 = CARTESIAN_POINT('',(0.,0.));
#5688 = VECTOR('',#5689,1.);
#5689 = DIRECTION('',(1.,0.));
#5690 = ( GEOMETRIC_REPRESENTATION_CONTEXT(2) 
PARAMETRIC_REPRESENTATION_CONTEXT() REPRESENTATION_CONTEXT('2D SPACE',''
  ) );
#5691 = PCURVE('',#5692,#5697);
#5692 = PLANE('',#5693);
#5693 = AXIS2_PLACEMENT_3D('',#5694,#5695,#5696);
#5694 = CARTESIAN_POINT('',(1.46E+03,-55.,195.));
#5695 = DIRECTION('',(1.,0.,-0.));
#5696 = DIRECTION('',(0.,0.,1.));
#5697 = DEFINITIONAL_REPRESENTATION('',(#5698),#5702);
#5698 = LINE('',#5699,#5700);
#5699 = CARTESIAN_POINT('',(0.,0.));
#5700 = VECTOR('',#5701,1.);
#5701 = DIRECTION('',(1.,0.));
#5702 = ( GEOMETRIC_REPRESENTATION_CONTEXT(2) 
PARAMETRIC_REPRESENTATION_CONTEXT() REPRESENTATION_CONTEXT('2D SPACE',''
  ) );
#5703 = ORIENTED_EDGE('',*,*,#5704,.T.);
#5704 = EDGE_CURVE('',#5677,#5705,#5707,.T.);
#5705 = VERTEX_POINT('',#5706);
#5706 = CARTESIAN_POINT('',(1.5E+03,-55.,225.));
#5707 = SURFACE_CURVE('',#5708,(#5712,#5719),.PCURVE_S1.);
#5708 = LINE('',#5709,#5710);
#5709 = CARTESIAN_POINT('',(1.46E+03,-55.,225.));
#5710 = VECTOR('',#5711,1.);
#5711 = DIRECTION('',(1.,0.,-0.));
#5712 = PCURVE('',#4298,#5713);
#5713 = DEFINITIONAL_REPRESENTATION('',(#5714),#5718);
#5714 = LINE('',#5715,#5716);
#5715 = CARTESIAN_POINT('',(30.,0.));
#5716 = VECTOR('',#5717,1.);
#5717 = DIRECTION('',(0.,1.));
#5718 = ( GEOMETRIC_REPRESENTATION_CONTEXT(2) 
PARAMETRIC_REPRESENTATION_CONTEXT() REPRESENTATION_CONTEXT('2D SPACE',''
  ) );
#5719 = PCURVE('',#5720,#5725);
#5720 = PLANE('',#5721);
#5721 = AXIS2_PLACEMENT_3D('',#5722,#5723,#5724);
#5722 = CARTESIAN_POINT('',(1.46E+03,-55.,225.));
#5723 = DIRECTION('',(0.,0.,1.));
#5724 = DIRECTION('',(1.,0.,-0.));
#5725 = DEFINITIONAL_REPRESENTATION('',(#5726),#5730);
#5726 = LINE('',#5727,#5728);
#5727 = CARTESIAN_POINT('',(0.,0.));
#5728 = VECTOR('',#5729,1.);
#5729 = DIRECTION('',(1.,0.));
#5730 = ( GEOMETRIC_REPRESENTATION_CONTEXT(2) 
PARAMETRIC_REPRESENTATION_CONTEXT() REPRESENTATION_CONTEXT('2D SPACE',''
  ) );
#5731 = ORIENTED_EDGE('',*,*,#5732,.F.);
#5732 = EDGE_CURVE('',#5649,#5705,#5733,.T.);
#5733 = SURFACE_CURVE('',#5734,(#5738,#5745),.PCURVE_S1.);
#5734 = LINE('',#5735,#5736);
#5735 = CARTESIAN_POINT('',(1.5E+03,-55.,195.));
#5736 = VECTOR('',#5737,1.);
#5737 = DIRECTION('',(0.,0.,1.));
#5738 = PCURVE('',#4298,#5739);
#5739 = DEFINITIONAL_REPRESENTATION('',(#5740),#5744);
#5740 = LINE('',#5741,#5742);
#5741 = CARTESIAN_POINT('',(0.,40.));
#5742 = VECTOR('',#5743,1.);
#5743 = DIRECTION('',(1.,0.));
#5744 = ( GEOMETRIC_REPRESENTATION_CONTEXT(2) 
PARAMETRIC_REPRESENTATION_CONTEXT() REPRESENTATION_CONTEXT('2D SPACE',''
  ) );
#5745 = PCURVE('',#5746,#5751);
#5746 = PLANE('',#5747);
#5747 = AXIS2_PLACEMENT_3D('',#5748,#5749,#5750);
#5748 = CARTESIAN_POINT('',(1.5E+03,-55.,195.));
#5749 = DIRECTION('',(1.,0.,-0.));
#5750 = DIRECTION('',(0.,0.,1.));
#5751 = DEFINITIONAL_REPRESENTATION('',(#5752),#5756);
#5752 = LINE('',#5753,#5754);
#5753 = CARTESIAN_POINT('',(0.,0.));
#5754 = VECTOR('',#5755,1.);
#5755 = DIRECTION('',(1.,0.));
#5756 = ( GEOMETRIC_REPRESENTATION_CONTEXT(2) 
PARAMETRIC_REPRESENTATION_CONTEXT() REPRESENTATION_CONTEXT('2D SPACE',''
  ) );
#5757 = FACE_BOUND('',#5758,.F.);
#5758 = EDGE_LOOP('',(#5759));
#5759 = ORIENTED_EDGE('',*,*,#4256,.F.);
#5760 = ADVANCED_FACE('',(#5761,#5855),#4571,.T.);
#5761 = FACE_BOUND('',#5762,.T.);
#5762 = EDGE_LOOP('',(#5763,#5788,#5811,#5834));
#5763 = ORIENTED_EDGE('',*,*,#5764,.F.);
#5764 = EDGE_CURVE('',#5765,#5767,#5769,.T.);
#5765 = VERTEX_POINT('',#5766);
#5766 = CARTESIAN_POINT('',(1.46E+03,55.,195.));
#5767 = VERTEX_POINT('',#5768);
#5768 = CARTESIAN_POINT('',(1.5E+03,55.,195.));
#5769 = SURFACE_CURVE('',#5770,(#5774,#5781),.PCURVE_S1.);
#5770 = LINE('',#5771,#5772);
#5771 = CARTESIAN_POINT('',(1.46E+03,55.,195.));
#5772 = VECTOR('',#5773,1.);
#5773 = DIRECTION('',(1.,0.,-0.));
#5774 = PCURVE('',#4571,#5775);
#5775 = DEFINITIONAL_REPRESENTATION('',(#5776),#5780);
#5776 = LINE('',#5777,#5778);
#5777 = CARTESIAN_POINT('',(0.,0.));
#5778 = VECTOR('',#5779,1.);
#5779 = DIRECTION('',(0.,1.));
#5780 = ( GEOMETRIC_REPRESENTATION_CONTEXT(2) 
PARAMETRIC_REPRESENTATION_CONTEXT() REPRESENTATION_CONTEXT('2D SPACE',''
  ) );
#5781 = PCURVE('',#5664,#5782);
#5782 = DEFINITIONAL_REPRESENTATION('',(#5783),#5787);
#5783 = LINE('',#5784,#5785);
#5784 = CARTESIAN_POINT('',(0.,110.));
#5785 = VECTOR('',#5786,1.);
#5786 = DIRECTION('',(1.,0.));
#5787 = ( GEOMETRIC_REPRESENTATION_CONTEXT(2) 
PARAMETRIC_REPRESENTATION_CONTEXT() REPRESENTATION_CONTEXT('2D SPACE',''
  ) );
#5788 = ORIENTED_EDGE('',*,*,#5789,.T.);
#5789 = EDGE_CURVE('',#5765,#5790,#5792,.T.);
#5790 = VERTEX_POINT('',#5791);
#5791 = CARTESIAN_POINT('',(1.46E+03,55.,225.));
#5792 = SURFACE_CURVE('',#5793,(#5797,#5804),.PCURVE_S1.);
#5793 = LINE('',#5794,#5795);
#5794 = CARTESIAN_POINT('',(1.46E+03,55.,195.));
#5795 = VECTOR('',#5796,1.);
#5796 = DIRECTION('',(0.,0.,1.));
#5797 = PCURVE('',#4571,#5798);
#5798 = DEFINITIONAL_REPRESENTATION('',(#5799),#5803);
#5799 = LINE('',#5800,#5801);
#5800 = CARTESIAN_POINT('',(0.,0.));
#5801 = VECTOR('',#5802,1.);
#5802 = DIRECTION('',(1.,0.));
#5803 = ( GEOMETRIC_REPRESENTATION_CONTEXT(2) 
PARAMETRIC_REPRESENTATION_CONTEXT() REPRESENTATION_CONTEXT('2D SPACE',''
  ) );
#5804 = PCURVE('',#5692,#5805);
#5805 = DEFINITIONAL_REPRESENTATION('',(#5806),#5810);
#5806 = LINE('',#5807,#5808);
#5807 = CARTESIAN_POINT('',(0.,-110.));
#5808 = VECTOR('',#5809,1.);
#5809 = DIRECTION('',(1.,0.));
#5810 = ( GEOMETRIC_REPRESENTATION_CONTEXT(2) 
PARAMETRIC_REPRESENTATION_CONTEXT() REPRESENTATION_CONTEXT('2D SPACE',''
  ) );
#5811 = ORIENTED_EDGE('',*,*,#5812,.T.);
#5812 = EDGE_CURVE('',#5790,#5813,#5815,.T.);
#5813 = VERTEX_POINT('',#5814);
#5814 = CARTESIAN_POINT('',(1.5E+03,55.,225.));
#5815 = SURFACE_CURVE('',#5816,(#5820,#5827),.PCURVE_S1.);
#5816 = LINE('',#5817,#5818);
#5817 = CARTESIAN_POINT('',(1.46E+03,55.,225.));
#5818 = VECTOR('',#5819,1.);
#5819 = DIRECTION('',(1.,0.,-0.));
#5820 = PCURVE('',#4571,#5821);
#5821 = DEFINITIONAL_REPRESENTATION('',(#5822),#5826);
#5822 = LINE('',#5823,#5824);
#5823 = CARTESIAN_POINT('',(30.,0.));
#5824 = VECTOR('',#5825,1.);
#5825 = DIRECTION('',(0.,1.));
#5826 = ( GEOMETRIC_REPRESENTATION_CONTEXT(2) 
PARAMETRIC_REPRESENTATION_CONTEXT() REPRESENTATION_CONTEXT('2D SPACE',''
  ) );
#5827 = PCURVE('',#5720,#5828);
#5828 = DEFINITIONAL_REPRESENTATION('',(#5829),#5833);
#5829 = LINE('',#5830,#5831);
#5830 = CARTESIAN_POINT('',(0.,110.));
#5831 = VECTOR('',#5832,1.);
#5832 = DIRECTION('',(1.,0.));
#5833 = ( GEOMETRIC_REPRESENTATION_CONTEXT(2) 
PARAMETRIC_REPRESENTATION_CONTEXT() REPRESENTATION_CONTEXT('2D SPACE',''
  ) );
#5834 = ORIENTED_EDGE('',*,*,#5835,.F.);
#5835 = EDGE_CURVE('',#5767,#5813,#5836,.T.);
#5836 = SURFACE_CURVE('',#5837,(#5841,#5848),.PCURVE_S1.);
#5837 = LINE('',#5838,#5839);
#5838 = CARTESIAN_POINT('',(1.5E+03,55.,195.));
#5839 = VECTOR('',#5840,1.);
#5840 = DIRECTION('',(0.,0.,1.));
#5841 = PCURVE('',#4571,#5842);
#5842 = DEFINITIONAL_REPRESENTATION('',(#5843),#5847);
#5843 = LINE('',#5844,#5845);
#5844 = CARTESIAN_POINT('',(0.,40.));
#5845 = VECTOR('',#5846,1.);
#5846 = DIRECTION('',(1.,0.));
#5847 = ( GEOMETRIC_REPRESENTATION_CONTEXT(2) 
PARAMETRIC_REPRESENTATION_CONTEXT() REPRESENTATION_CONTEXT('2D SPACE',''
  ) );
#5848 = PCURVE('',#5746,#5849);
#5849 = DEFINITIONAL_REPRESENTATION('',(#5850),#5854);
#5850 = LINE('',#5851,#5852);
#5851 = CARTESIAN_POINT('',(0.,-110.));
#5852 = VECTOR('',#5853,1.);
#5853 = DIRECTION('',(1.,0.));
#5854 = ( GEOMETRIC_REPRESENTATION_CONTEXT(2) 
PARAMETRIC_REPRESENTATION_CONTEXT() REPRESENTATION_CONTEXT('2D SPACE',''
  ) );
#5855 = FACE_BOUND('',#5856,.T.);
#5856 = EDGE_LOOP('',(#5857));
#5857 = ORIENTED_EDGE('',*,*,#4529,.F.);
#5858 = ADVANCED_FACE('',(#5859),#4887,.T.);
#5859 = FACE_BOUND('',#5860,.T.);
#5860 = EDGE_LOOP('',(#5861,#5884,#5905,#5906));
#5861 = ORIENTED_EDGE('',*,*,#5862,.F.);
#5862 = EDGE_CURVE('',#5863,#5162,#5865,.T.);
#5863 = VERTEX_POINT('',#5864);
#5864 = CARTESIAN_POINT('',(-20.,67.,267.));
#5865 = SURFACE_CURVE('',#5866,(#5870,#5877),.PCURVE_S1.);
#5866 = LINE('',#5867,#5868);
#5867 = CARTESIAN_POINT('',(-20.,67.,267.));
#5868 = VECTOR('',#5869,1.);
#5869 = DIRECTION('',(-0.,1.,0.));
#5870 = PCURVE('',#4887,#5871);
#5871 = DEFINITIONAL_REPRESENTATION('',(#5872),#5876);
#5872 = LINE('',#5873,#5874);
#5873 = CARTESIAN_POINT('',(0.,0.));
#5874 = VECTOR('',#5875,1.);
#5875 = DIRECTION('',(0.,1.));
#5876 = ( GEOMETRIC_REPRESENTATION_CONTEXT(2) 
PARAMETRIC_REPRESENTATION_CONTEXT() REPRESENTATION_CONTEXT('2D SPACE',''
  ) );
#5877 = PCURVE('',#5177,#5878);
#5878 = DEFINITIONAL_REPRESENTATION('',(#5879),#5883);
#5879 = LINE('',#5880,#5881);
#5880 = CARTESIAN_POINT('',(40.,0.));
#5881 = VECTOR('',#5882,1.);
#5882 = DIRECTION('',(0.,-1.));
#5883 = ( GEOMETRIC_REPRESENTATION_CONTEXT(2) 
PARAMETRIC_REPRESENTATION_CONTEXT() REPRESENTATION_CONTEXT('2D SPACE',''
  ) );
#5884 = ORIENTED_EDGE('',*,*,#5885,.T.);
#5885 = EDGE_CURVE('',#5863,#4870,#5886,.T.);
#5886 = SURFACE_CURVE('',#5887,(#5891,#5898),.PCURVE_S1.);
#5887 = LINE('',#5888,#5889);
#5888 = CARTESIAN_POINT('',(-20.,67.,267.));
#5889 = VECTOR('',#5890,1.);
#5890 = DIRECTION('',(1.,0.,-0.));
#5891 = PCURVE('',#4887,#5892);
#5892 = DEFINITIONAL_REPRESENTATION('',(#5893),#5897);
#5893 = LINE('',#5894,#5895);
#5894 = CARTESIAN_POINT('',(0.,0.));
#5895 = VECTOR('',#5896,1.);
#5896 = DIRECTION('',(1.,0.));
#5897 = ( GEOMETRIC_REPRESENTATION_CONTEXT(2) 
PARAMETRIC_REPRESENTATION_CONTEXT() REPRESENTATION_CONTEXT('2D SPACE',''
  ) );
#5898 = PCURVE('',#4915,#5899);
#5899 = DEFINITIONAL_REPRESENTATION('',(#5900),#5904);
#5900 = LINE('',#5901,#5902);
#5901 = CARTESIAN_POINT('',(40.,0.));
#5902 = VECTOR('',#5903,1.);
#5903 = DIRECTION('',(0.,1.));
#5904 = ( GEOMETRIC_REPRESENTATION_CONTEXT(2) 
PARAMETRIC_REPRESENTATION_CONTEXT() REPRESENTATION_CONTEXT('2D SPACE',''
  ) );
#5905 = ORIENTED_EDGE('',*,*,#4869,.T.);
#5906 = ORIENTED_EDGE('',*,*,#5189,.F.);
#5907 = ADVANCED_FACE('',(#5908),#4943,.F.);
#5908 = FACE_BOUND('',#5909,.F.);
#5909 = EDGE_LOOP('',(#5910,#5933,#5954,#5955));
#5910 = ORIENTED_EDGE('',*,*,#5911,.F.);
#5911 = EDGE_CURVE('',#5912,#5139,#5914,.T.);
#5912 = VERTEX_POINT('',#5913);
#5913 = CARTESIAN_POINT('',(-20.,67.,227.));
#5914 = SURFACE_CURVE('',#5915,(#5919,#5926),.PCURVE_S1.);
#5915 = LINE('',#5916,#5917);
#5916 = CARTESIAN_POINT('',(-20.,67.,227.));
#5917 = VECTOR('',#5918,1.);
#5918 = DIRECTION('',(-0.,1.,0.));
#5919 = PCURVE('',#4943,#5920);
#5920 = DEFINITIONAL_REPRESENTATION('',(#5921),#5925);
#5921 = LINE('',#5922,#5923);
#5922 = CARTESIAN_POINT('',(0.,0.));
#5923 = VECTOR('',#5924,1.);
#5924 = DIRECTION('',(0.,1.));
#5925 = ( GEOMETRIC_REPRESENTATION_CONTEXT(2) 
PARAMETRIC_REPRESENTATION_CONTEXT() REPRESENTATION_CONTEXT('2D SPACE',''
  ) );
#5926 = PCURVE('',#5177,#5927);
#5927 = DEFINITIONAL_REPRESENTATION('',(#5928),#5932);
#5928 = LINE('',#5929,#5930);
#5929 = CARTESIAN_POINT('',(0.,0.));
#5930 = VECTOR('',#5931,1.);
#5931 = DIRECTION('',(0.,-1.));
#5932 = ( GEOMETRIC_REPRESENTATION_CONTEXT(2) 
PARAMETRIC_REPRESENTATION_CONTEXT() REPRESENTATION_CONTEXT('2D SPACE',''
  ) );
#5933 = ORIENTED_EDGE('',*,*,#5934,.T.);
#5934 = EDGE_CURVE('',#5912,#4900,#5935,.T.);
#5935 = SURFACE_CURVE('',#5936,(#5940,#5947),.PCURVE_S1.);
#5936 = LINE('',#5937,#5938);
#5937 = CARTESIAN_POINT('',(-20.,67.,227.));
#5938 = VECTOR('',#5939,1.);
#5939 = DIRECTION('',(1.,0.,-0.));
#5940 = PCURVE('',#4943,#5941);
#5941 = DEFINITIONAL_REPRESENTATION('',(#5942),#5946);
#5942 = LINE('',#5943,#5944);
#5943 = CARTESIAN_POINT('',(0.,0.));
#5944 = VECTOR('',#5945,1.);
#5945 = DIRECTION('',(1.,0.));
#5946 = ( GEOMETRIC_REPRESENTATION_CONTEXT(2) 
PARAMETRIC_REPRESENTATION_CONTEXT() REPRESENTATION_CONTEXT('2D SPACE',''
  ) );
#5947 = PCURVE('',#4915,#5948);
#5948 = DEFINITIONAL_REPRESENTATION('',(#5949),#5953);
#5949 = LINE('',#5950,#5951);
#5950 = CARTESIAN_POINT('',(0.,0.));
#5951 = VECTOR('',#5952,1.);
#5952 = DIRECTION('',(0.,1.));
#5953 = ( GEOMETRIC_REPRESENTATION_CONTEXT(2) 
PARAMETRIC_REPRESENTATION_CONTEXT() REPRESENTATION_CONTEXT('2D SPACE',''
  ) );
#5954 = ORIENTED_EDGE('',*,*,#4927,.T.);
#5955 = ORIENTED_EDGE('',*,*,#5138,.F.);
#5956 = ADVANCED_FACE('',(#5957,#5983),#4915,.F.);
#5957 = FACE_BOUND('',#5958,.F.);
#5958 = EDGE_LOOP('',(#5959,#5960,#5981,#5982));
#5959 = ORIENTED_EDGE('',*,*,#5934,.F.);
#5960 = ORIENTED_EDGE('',*,*,#5961,.T.);
#5961 = EDGE_CURVE('',#5912,#5863,#5962,.T.);
#5962 = SURFACE_CURVE('',#5963,(#5967,#5974),.PCURVE_S1.);
#5963 = LINE('',#5964,#5965);
#5964 = CARTESIAN_POINT('',(-20.,67.,227.));
#5965 = VECTOR('',#5966,1.);
#5966 = DIRECTION('',(0.,0.,1.));
#5967 = PCURVE('',#4915,#5968);
#5968 = DEFINITIONAL_REPRESENTATION('',(#5969),#5973);
#5969 = LINE('',#5970,#5971);
#5970 = CARTESIAN_POINT('',(0.,0.));
#5971 = VECTOR('',#5972,1.);
#5972 = DIRECTION('',(1.,0.));
#5973 = ( GEOMETRIC_REPRESENTATION_CONTEXT(2) 
PARAMETRIC_REPRESENTATION_CONTEXT() REPRESENTATION_CONTEXT('2D SPACE',''
  ) );
#5974 = PCURVE('',#5177,#5975);
#5975 = DEFINITIONAL_REPRESENTATION('',(#5976),#5980);
#5976 = LINE('',#5977,#5978);
#5977 = CARTESIAN_POINT('',(0.,0.));
#5978 = VECTOR('',#5979,1.);
#5979 = DIRECTION('',(1.,0.));
#5980 = ( GEOMETRIC_REPRESENTATION_CONTEXT(2) 
PARAMETRIC_REPRESENTATION_CONTEXT() REPRESENTATION_CONTEXT('2D SPACE',''
  ) );
#5981 = ORIENTED_EDGE('',*,*,#5885,.T.);
#5982 = ORIENTED_EDGE('',*,*,#4899,.F.);
#5983 = FACE_BOUND('',#5984,.F.);
#5984 = EDGE_LOOP('',(#5985,#6022,#6057,#6087,#6113,#6143,#6169));
#5985 = ORIENTED_EDGE('',*,*,#5986,.F.);
#5986 = EDGE_CURVE('',#5987,#5989,#5991,.T.);
#5987 = VERTEX_POINT('',#5988);
#5988 = CARTESIAN_POINT('',(13.429259360601,67.,251.02668420579));
#5989 = VERTEX_POINT('',#5990);
#5990 = CARTESIAN_POINT('',(16.185932200638,67.,245.18092904243));
#5991 = SURFACE_CURVE('',#5992,(#5997,#6004),.PCURVE_S1.);
#5992 = ELLIPSE('',#5993,21.326457225188,11.);
#5993 = AXIS2_PLACEMENT_3D('',#5994,#5995,#5996);
#5994 = CARTESIAN_POINT('',(-4.909090909091,67.,247.85454545454));
#5995 = DIRECTION('',(-0.,1.,0.));
#5996 = DIRECTION('',(-0.985184962359,-0.,0.171495160114));
#5997 = PCURVE('',#4915,#5998);
#5998 = DEFINITIONAL_REPRESENTATION('',(#5999),#6003);
#5999 = ELLIPSE('',#6000,21.326457225188,11.);
#6000 = AXIS2_PLACEMENT_2D('',#6001,#6002);
#6001 = CARTESIAN_POINT('',(20.854545454545,15.090909090909));
#6002 = DIRECTION('',(0.171495160114,-0.985184962359));
#6003 = ( GEOMETRIC_REPRESENTATION_CONTEXT(2) 
PARAMETRIC_REPRESENTATION_CONTEXT() REPRESENTATION_CONTEXT('2D SPACE',''
  ) );
#6004 = PCURVE('',#6005,#6010);
#6005 = CYLINDRICAL_SURFACE('',#6006,11.);
#6006 = AXIS2_PLACEMENT_3D('',#6007,#6008,#6009);
#6007 = CARTESIAN_POINT('',(270.,235.,200.));
#6008 = DIRECTION('',(-0.844022043133,-0.515791248582,0.146922355657));
#6009 = DIRECTION('',(0.521450009454,-0.853281833652,-2.775557561563E-17
    ));
#6010 = DEFINITIONAL_REPRESENTATION('',(#6011),#6021);
#6011 = B_SPLINE_CURVE_WITH_KNOTS('',8,(#6012,#6013,#6014,#6015,#6016,
    #6017,#6018,#6019,#6020),.UNSPECIFIED.,.F.,.F.,(9,9),(2.535077757491
    ,3.05204687904),.PIECEWISE_BEZIER_KNOTS.);
#6012 = CARTESIAN_POINT('',(6.800154428727,310.70125113061));
#6013 = CARTESIAN_POINT('',(6.735533288534,310.02825919233));
#6014 = CARTESIAN_POINT('',(6.67091214834,309.42691082604));
#6015 = CARTESIAN_POINT('',(6.606291008147,308.90148845512));
#6016 = CARTESIAN_POINT('',(6.541669867954,308.45563626394));
#6017 = CARTESIAN_POINT('',(6.47704872776,308.0923029765));
#6018 = CARTESIAN_POINT('',(6.412427587567,307.81369884113));
#6019 = CARTESIAN_POINT('',(6.347806447373,307.62126934242));
#6020 = CARTESIAN_POINT('',(6.28318530718,307.51568636737));
#6021 = ( GEOMETRIC_REPRESENTATION_CONTEXT(2) 
PARAMETRIC_REPRESENTATION_CONTEXT() REPRESENTATION_CONTEXT('2D SPACE',''
  ) );
#6022 = ORIENTED_EDGE('',*,*,#6023,.F.);
#6023 = EDGE_CURVE('',#6024,#5987,#6026,.T.);
#6024 = VERTEX_POINT('',#6025);
#6025 = CARTESIAN_POINT('',(17.961619596006,67.,255.77790416248));
#6026 = SURFACE_CURVE('',#6027,(#6032,#6039),.PCURVE_S1.);
#6027 = ELLIPSE('',#6028,26.221220350972,9.);
#6028 = AXIS2_PLACEMENT_3D('',#6029,#6030,#6031);
#6029 = CARTESIAN_POINT('',(-8.181818181818,67.,257.67272727272));
#6030 = DIRECTION('',(-0.,1.,0.));
#6031 = DIRECTION('',(-0.996636796201,-0.,8.194569213205E-02));
#6032 = PCURVE('',#4915,#6033);
#6033 = DEFINITIONAL_REPRESENTATION('',(#6034),#6038);
#6034 = ELLIPSE('',#6035,26.221220350972,9.);
#6035 = AXIS2_PLACEMENT_2D('',#6036,#6037);
#6036 = CARTESIAN_POINT('',(30.672727272727,11.818181818182));
#6037 = DIRECTION('',(8.194569213205E-02,-0.996636796201));
#6038 = ( GEOMETRIC_REPRESENTATION_CONTEXT(2) 
PARAMETRIC_REPRESENTATION_CONTEXT() REPRESENTATION_CONTEXT('2D SPACE',''
  ) );
#6039 = PCURVE('',#6040,#6045);
#6040 = CYLINDRICAL_SURFACE('',#6041,9.);
#6041 = AXIS2_PLACEMENT_3D('',#6042,#6043,#6044);
#6042 = CARTESIAN_POINT('',(450.,235.,220.));
#6043 = DIRECTION('',(-0.936091235149,-0.343233452888,7.696750155669E-02
    ));
#6044 = DIRECTION('',(0.344254649158,-0.938876315887,-3.469446951954E-18
    ));
#6045 = DEFINITIONAL_REPRESENTATION('',(#6046),#6056);
#6046 = B_SPLINE_CURVE_WITH_KNOTS('',8,(#6047,#6048,#6049,#6050,#6051,
    #6052,#6053,#6054,#6055),.UNSPECIFIED.,.F.,.F.,(9,9),(3.113378725075
    ,3.7110738001),.PIECEWISE_BEZIER_KNOTS.);
#6047 = CARTESIAN_POINT('',(6.28318530718,464.84429712363));
#6048 = CARTESIAN_POINT('',(6.208473422801,464.79238966175));
#6049 = CARTESIAN_POINT('',(6.133761538423,464.89753029471));
#6050 = CARTESIAN_POINT('',(6.059049654045,465.16016043722));
#6051 = CARTESIAN_POINT('',(5.984337769668,465.57885161505));
#6052 = CARTESIAN_POINT('',(5.90962588529,466.15029712561));
#6053 = CARTESIAN_POINT('',(5.834914000912,466.86936012132));
#6054 = CARTESIAN_POINT('',(5.760202116534,467.72917743214));
#6055 = CARTESIAN_POINT('',(5.685490232156,468.7213102806));
#6056 = ( GEOMETRIC_REPRESENTATION_CONTEXT(2) 
PARAMETRIC_REPRESENTATION_CONTEXT() REPRESENTATION_CONTEXT('2D SPACE',''
  ) );
#6057 = ORIENTED_EDGE('',*,*,#6058,.F.);
#6058 = EDGE_CURVE('',#6059,#6024,#6061,.T.);
#6059 = VERTEX_POINT('',#6060);
#6060 = CARTESIAN_POINT('',(1.782117737814,67.,265.29602654097));
#6061 = SURFACE_CURVE('',#6062,(#6067,#6074),.PCURVE_S1.);
#6062 = ELLIPSE('',#6063,26.221220350972,9.);
#6063 = AXIS2_PLACEMENT_3D('',#6064,#6065,#6066);
#6064 = CARTESIAN_POINT('',(-8.181818181818,67.,257.67272727272));
#6065 = DIRECTION('',(-0.,1.,0.));
#6066 = DIRECTION('',(-0.996636796201,-0.,8.194569213205E-02));
#6067 = PCURVE('',#4915,#6068);
#6068 = DEFINITIONAL_REPRESENTATION('',(#6069),#6073);
#6069 = ELLIPSE('',#6070,26.221220350972,9.);
#6070 = AXIS2_PLACEMENT_2D('',#6071,#6072);
#6071 = CARTESIAN_POINT('',(30.672727272727,11.818181818182));
#6072 = DIRECTION('',(8.194569213205E-02,-0.996636796201));
#6073 = ( GEOMETRIC_REPRESENTATION_CONTEXT(2) 
PARAMETRIC_REPRESENTATION_CONTEXT() REPRESENTATION_CONTEXT('2D SPACE',''
  ) );
#6074 = PCURVE('',#6040,#6075);
#6075 = DEFINITIONAL_REPRESENTATION('',(#6076),#6086);
#6076 = B_SPLINE_CURVE_WITH_KNOTS('',8,(#6077,#6078,#6079,#6080,#6081,
    #6082,#6083,#6084,#6085),.UNSPECIFIED.,.F.,.F.,(9,9),(1.933595985886
    ,3.113378725075),.PIECEWISE_BEZIER_KNOTS.);
#6077 = CARTESIAN_POINT('',(7.462968046368,480.72237310114));
#6078 = CARTESIAN_POINT('',(7.315495203969,477.32678829265));
#6079 = CARTESIAN_POINT('',(7.168022361571,474.14844736325));
#6080 = CARTESIAN_POINT('',(7.020549519171,471.29988125069));
#6081 = CARTESIAN_POINT('',(6.873076676774,468.88353798709));
#6082 = CARTESIAN_POINT('',(6.725603834373,466.98396646927));
#6083 = CARTESIAN_POINT('',(6.578130991977,465.66111175514));
#6084 = CARTESIAN_POINT('',(6.430658149578,464.94675660526));
#6085 = CARTESIAN_POINT('',(6.28318530718,464.84429712363));
#6086 = ( GEOMETRIC_REPRESENTATION_CONTEXT(2) 
PARAMETRIC_REPRESENTATION_CONTEXT() REPRESENTATION_CONTEXT('2D SPACE',''
  ) );
#6087 = ORIENTED_EDGE('',*,*,#6088,.T.);
#6088 = EDGE_CURVE('',#6059,#6089,#6091,.T.);
#6089 = VERTEX_POINT('',#6090);
#6090 = CARTESIAN_POINT('',(0.403109049977,67.,248.52429925647));
#6091 = SURFACE_CURVE('',#6092,(#6096,#6102),.PCURVE_S1.);
#6092 = LINE('',#6093,#6094);
#6093 = CARTESIAN_POINT('',(-0.199588951729,67.,241.19418842492));
#6094 = VECTOR('',#6095,1.);
#6095 = DIRECTION('',(-8.194569213205E-02,0.,-0.996636796201));
#6096 = PCURVE('',#4915,#6097);
#6097 = DEFINITIONAL_REPRESENTATION('',(#6098),#6101);
#6098 = B_SPLINE_CURVE_WITH_KNOTS('',1,(#6099,#6100),.UNSPECIFIED.,.F.,
  .F.,(2,2),(-24.86273243009,-6.855565821253),.PIECEWISE_BEZIER_KNOTS.);
#6099 = CARTESIAN_POINT('',(38.973302418844,21.837804865549));
#6100 = CARTESIAN_POINT('',(21.026697581156,20.362195134451));
#6101 = ( GEOMETRIC_REPRESENTATION_CONTEXT(2) 
PARAMETRIC_REPRESENTATION_CONTEXT() REPRESENTATION_CONTEXT('2D SPACE',''
  ) );
#6102 = PCURVE('',#6103,#6108);
#6103 = PLANE('',#6104);
#6104 = AXIS2_PLACEMENT_3D('',#6105,#6106,#6107);
#6105 = CARTESIAN_POINT('',(0.,70.,257.));
#6106 = DIRECTION('',(-0.936091235149,-0.343233452888,7.696750155669E-02
    ));
#6107 = DIRECTION('',(0.344254649158,-0.938876315887,-3.469446951954E-18
    ));
#6108 = DEFINITIONAL_REPRESENTATION('',(#6109),#6112);
#6109 = B_SPLINE_CURVE_WITH_KNOTS('',1,(#6110,#6111),.UNSPECIFIED.,.F.,
  .F.,(2,2),(-24.86273243009,-6.855565821253),.PIECEWISE_BEZIER_KNOTS.);
#6110 = CARTESIAN_POINT('',(3.449301816871,9.));
#6111 = CARTESIAN_POINT('',(2.941316306597,-9.));
#6112 = ( GEOMETRIC_REPRESENTATION_CONTEXT(2) 
PARAMETRIC_REPRESENTATION_CONTEXT() REPRESENTATION_CONTEXT('2D SPACE',''
  ) );
#6113 = ORIENTED_EDGE('',*,*,#6114,.F.);
#6114 = EDGE_CURVE('',#6115,#6089,#6117,.T.);
#6115 = VERTEX_POINT('',#6116);
#6116 = CARTESIAN_POINT('',(2.116975200447,67.,248.62943200256));
#6117 = SURFACE_CURVE('',#6118,(#6123,#6130),.PCURVE_S1.);
#6118 = ELLIPSE('',#6119,26.221220350972,9.);
#6119 = AXIS2_PLACEMENT_3D('',#6120,#6121,#6122);
#6120 = CARTESIAN_POINT('',(-8.181818181818,67.,257.67272727272));
#6121 = DIRECTION('',(-0.,1.,0.));
#6122 = DIRECTION('',(-0.996636796201,-0.,8.194569213205E-02));
#6123 = PCURVE('',#4915,#6124);
#6124 = DEFINITIONAL_REPRESENTATION('',(#6125),#6129);
#6125 = ELLIPSE('',#6126,26.221220350972,9.);
#6126 = AXIS2_PLACEMENT_2D('',#6127,#6128);
#6127 = CARTESIAN_POINT('',(30.672727272727,11.818181818182));
#6128 = DIRECTION('',(8.194569213205E-02,-0.996636796201));
#6129 = ( GEOMETRIC_REPRESENTATION_CONTEXT(2) 
PARAMETRIC_REPRESENTATION_CONTEXT() REPRESENTATION_CONTEXT('2D SPACE',''
  ) );
#6130 = PCURVE('',#6040,#6131);
#6131 = DEFINITIONAL_REPRESENTATION('',(#6132),#6142);
#6132 = B_SPLINE_CURVE_WITH_KNOTS('',8,(#6133,#6134,#6135,#6136,#6137,
    #6138,#6139,#6140,#6141),.UNSPECIFIED.,.F.,.F.,(9,9),(4.279267089221
    ,4.349589321293),.PIECEWISE_BEZIER_KNOTS.);
#6133 = CARTESIAN_POINT('',(5.117296943033,479.12612982151));
#6134 = CARTESIAN_POINT('',(5.108506664024,479.32262865181));
#6135 = CARTESIAN_POINT('',(5.099716385015,479.52004028529));
#6136 = CARTESIAN_POINT('',(5.090926106006,479.71834158553));
#6137 = CARTESIAN_POINT('',(5.082135826997,479.91750926562));
#6138 = CARTESIAN_POINT('',(5.073345547988,480.11751989389));
#6139 = CARTESIAN_POINT('',(5.064555268979,480.31834989968));
#6140 = CARTESIAN_POINT('',(5.05576498997,480.51997557913));
#6141 = CARTESIAN_POINT('',(5.046974710961,480.72237310114));
#6142 = ( GEOMETRIC_REPRESENTATION_CONTEXT(2) 
PARAMETRIC_REPRESENTATION_CONTEXT() REPRESENTATION_CONTEXT('2D SPACE',''
  ) );
#6143 = ORIENTED_EDGE('',*,*,#6144,.T.);
#6144 = EDGE_CURVE('',#6115,#6145,#6147,.T.);
#6145 = VERTEX_POINT('',#6146);
#6146 = CARTESIAN_POINT('',(-8.892855086412E-03,67.,236.41699849205));
#6147 = SURFACE_CURVE('',#6148,(#6152,#6158),.PCURVE_S1.);
#6148 = LINE('',#6149,#6150);
#6149 = CARTESIAN_POINT('',(-0.204236509606,67.,235.29481154056));
#6150 = VECTOR('',#6151,1.);
#6151 = DIRECTION('',(-0.171495160114,0.,-0.985184962359));
#6152 = PCURVE('',#4915,#6153);
#6153 = DEFINITIONAL_REPRESENTATION('',(#6154),#6157);
#6154 = B_SPLINE_CURVE_WITH_KNOTS('',1,(#6155,#6156),.UNSPECIFIED.,.F.,
  .F.,(2,2),(-20.47966950059,-0.836959740882),.PIECEWISE_BEZIER_KNOTS.);
#6155 = CARTESIAN_POINT('',(28.471073966621,23.307927690486));
#6156 = CARTESIAN_POINT('',(9.119371691377,19.939298035166));
#6157 = ( GEOMETRIC_REPRESENTATION_CONTEXT(2) 
PARAMETRIC_REPRESENTATION_CONTEXT() REPRESENTATION_CONTEXT('2D SPACE',''
  ) );
#6158 = PCURVE('',#6159,#6164);
#6159 = PLANE('',#6160);
#6160 = AXIS2_PLACEMENT_3D('',#6161,#6162,#6163);
#6161 = CARTESIAN_POINT('',(0.,70.,247.));
#6162 = DIRECTION('',(-0.844022043133,-0.515791248582,0.146922355657));
#6163 = DIRECTION('',(0.521450009454,-0.853281833652,-2.775557561563E-17
    ));
#6164 = DEFINITIONAL_REPRESENTATION('',(#6165),#6168);
#6165 = B_SPLINE_CURVE_WITH_KNOTS('',1,(#6166,#6167),.UNSPECIFIED.,.F.,
  .F.,(2,2),(-20.47966950059,-0.836959740882),.PIECEWISE_BEZIER_KNOTS.);
#6166 = CARTESIAN_POINT('',(4.284764426433,8.564010366845));
#6167 = CARTESIAN_POINT('',(2.528192460819,-11.));
#6168 = ( GEOMETRIC_REPRESENTATION_CONTEXT(2) 
PARAMETRIC_REPRESENTATION_CONTEXT() REPRESENTATION_CONTEXT('2D SPACE',''
  ) );
#6169 = ORIENTED_EDGE('',*,*,#6170,.F.);
#6170 = EDGE_CURVE('',#5989,#6145,#6171,.T.);
#6171 = SURFACE_CURVE('',#6172,(#6177,#6184),.PCURVE_S1.);
#6172 = ELLIPSE('',#6173,21.326457225188,11.);
#6173 = AXIS2_PLACEMENT_3D('',#6174,#6175,#6176);
#6174 = CARTESIAN_POINT('',(-4.909090909091,67.,247.85454545454));
#6175 = DIRECTION('',(-0.,1.,0.));
#6176 = DIRECTION('',(-0.985184962359,-0.,0.171495160114));
#6177 = PCURVE('',#4915,#6178);
#6178 = DEFINITIONAL_REPRESENTATION('',(#6179),#6183);
#6179 = ELLIPSE('',#6180,21.326457225188,11.);
#6180 = AXIS2_PLACEMENT_2D('',#6181,#6182);
#6181 = CARTESIAN_POINT('',(20.854545454545,15.090909090909));
#6182 = DIRECTION('',(0.171495160114,-0.985184962359));
#6183 = ( GEOMETRIC_REPRESENTATION_CONTEXT(2) 
PARAMETRIC_REPRESENTATION_CONTEXT() REPRESENTATION_CONTEXT('2D SPACE',''
  ) );
#6184 = PCURVE('',#6005,#6185);
#6185 = DEFINITIONAL_REPRESENTATION('',(#6186),#6196);
#6186 = B_SPLINE_CURVE_WITH_KNOTS('',8,(#6187,#6188,#6189,#6190,#6191,
    #6192,#6193,#6194,#6195),.UNSPECIFIED.,.F.,.F.,(9,9),(3.05204687904,
    4.388410068975),.PIECEWISE_BEZIER_KNOTS.);
#6187 = CARTESIAN_POINT('',(6.28318530718,307.51568636737));
#6188 = CARTESIAN_POINT('',(6.116139908438,307.24275478314));
#6189 = CARTESIAN_POINT('',(5.949094509697,307.55014956226));
#6190 = CARTESIAN_POINT('',(5.782049110955,308.44947471224));
#6191 = CARTESIAN_POINT('',(5.615003712215,309.91779432896));
#6192 = CARTESIAN_POINT('',(5.44795831347,311.89657162684));
#6193 = CARTESIAN_POINT('',(5.280912914729,314.29583293718));
#6194 = CARTESIAN_POINT('',(5.113867515987,317.00360334857));
#6195 = CARTESIAN_POINT('',(4.946822117245,319.89685837782));
#6196 = ( GEOMETRIC_REPRESENTATION_CONTEXT(2) 
PARAMETRIC_REPRESENTATION_CONTEXT() REPRESENTATION_CONTEXT('2D SPACE',''
  ) );
#6197 = ADVANCED_FACE('',(#6198),#5042,.T.);
#6198 = FACE_BOUND('',#6199,.T.);
#6199 = EDGE_LOOP('',(#6200,#6201,#6202));
#6200 = ORIENTED_EDGE('',*,*,#5213,.T.);
#6201 = ORIENTED_EDGE('',*,*,#5025,.F.);
#6202 = ORIENTED_EDGE('',*,*,#5101,.T.);
#6203 = ADVANCED_FACE('',(#6204),#5177,.F.);
#6204 = FACE_BOUND('',#6205,.F.);
#6205 = EDGE_LOOP('',(#6206,#6207,#6208,#6209));
#6206 = ORIENTED_EDGE('',*,*,#5961,.F.);
#6207 = ORIENTED_EDGE('',*,*,#5911,.T.);
#6208 = ORIENTED_EDGE('',*,*,#5161,.T.);
#6209 = ORIENTED_EDGE('',*,*,#5862,.F.);
#6210 = ADVANCED_FACE('',(#6211),#5304,.T.);
#6211 = FACE_BOUND('',#6212,.T.);
#6212 = EDGE_LOOP('',(#6213,#6214,#6215));
#6213 = ORIENTED_EDGE('',*,*,#5354,.F.);
#6214 = ORIENTED_EDGE('',*,*,#5589,.F.);
#6215 = ORIENTED_EDGE('',*,*,#5289,.T.);
#6216 = ADVANCED_FACE('',(#6217),#5475,.T.);
#6217 = FACE_BOUND('',#6218,.T.);
#6218 = EDGE_LOOP('',(#6219,#6242,#6243,#6244));
#6219 = ORIENTED_EDGE('',*,*,#6220,.F.);
#6220 = EDGE_CURVE('',#5538,#6221,#6223,.T.);
#6221 = VERTEX_POINT('',#6222);
#6222 = CARTESIAN_POINT('',(-20.,-67.,267.));
#6223 = SURFACE_CURVE('',#6224,(#6228,#6235),.PCURVE_S1.);
#6224 = LINE('',#6225,#6226);
#6225 = CARTESIAN_POINT('',(-20.,-73.,267.));
#6226 = VECTOR('',#6227,1.);
#6227 = DIRECTION('',(-0.,1.,0.));
#6228 = PCURVE('',#5475,#6229);
#6229 = DEFINITIONAL_REPRESENTATION('',(#6230),#6234);
#6230 = LINE('',#6231,#6232);
#6231 = CARTESIAN_POINT('',(0.,0.));
#6232 = VECTOR('',#6233,1.);
#6233 = DIRECTION('',(0.,1.));
#6234 = ( GEOMETRIC_REPRESENTATION_CONTEXT(2) 
PARAMETRIC_REPRESENTATION_CONTEXT() REPRESENTATION_CONTEXT('2D SPACE',''
  ) );
#6235 = PCURVE('',#5553,#6236);
#6236 = DEFINITIONAL_REPRESENTATION('',(#6237),#6241);
#6237 = LINE('',#6238,#6239);
#6238 = CARTESIAN_POINT('',(40.,0.));
#6239 = VECTOR('',#6240,1.);
#6240 = DIRECTION('',(0.,-1.));
#6241 = ( GEOMETRIC_REPRESENTATION_CONTEXT(2) 
PARAMETRIC_REPRESENTATION_CONTEXT() REPRESENTATION_CONTEXT('2D SPACE',''
  ) );
#6242 = ORIENTED_EDGE('',*,*,#5565,.T.);
#6243 = ORIENTED_EDGE('',*,*,#5459,.T.);
#6244 = ORIENTED_EDGE('',*,*,#6245,.F.);
#6245 = EDGE_CURVE('',#6221,#5432,#6246,.T.);
#6246 = SURFACE_CURVE('',#6247,(#6251,#6258),.PCURVE_S1.);
#6247 = LINE('',#6248,#6249);
#6248 = CARTESIAN_POINT('',(-20.,-67.,267.));
#6249 = VECTOR('',#6250,1.);
#6250 = DIRECTION('',(1.,0.,-0.));
#6251 = PCURVE('',#5475,#6252);
#6252 = DEFINITIONAL_REPRESENTATION('',(#6253),#6257);
#6253 = LINE('',#6254,#6255);
#6254 = CARTESIAN_POINT('',(0.,6.));
#6255 = VECTOR('',#6256,1.);
#6256 = DIRECTION('',(1.,0.));
#6257 = ( GEOMETRIC_REPRESENTATION_CONTEXT(2) 
PARAMETRIC_REPRESENTATION_CONTEXT() REPRESENTATION_CONTEXT('2D SPACE',''
  ) );
#6258 = PCURVE('',#5447,#6259);
#6259 = DEFINITIONAL_REPRESENTATION('',(#6260),#6264);
#6260 = LINE('',#6261,#6262);
#6261 = CARTESIAN_POINT('',(40.,0.));
#6262 = VECTOR('',#6263,1.);
#6263 = DIRECTION('',(0.,1.));
#6264 = ( GEOMETRIC_REPRESENTATION_CONTEXT(2) 
PARAMETRIC_REPRESENTATION_CONTEXT() REPRESENTATION_CONTEXT('2D SPACE',''
  ) );
#6265 = ADVANCED_FACE('',(#6266,#6314),#5447,.T.);
#6266 = FACE_BOUND('',#6267,.T.);
#6267 = EDGE_LOOP('',(#6268,#6291,#6312,#6313));
#6268 = ORIENTED_EDGE('',*,*,#6269,.F.);
#6269 = EDGE_CURVE('',#6270,#5404,#6272,.T.);
#6270 = VERTEX_POINT('',#6271);
#6271 = CARTESIAN_POINT('',(-20.,-67.,227.));
#6272 = SURFACE_CURVE('',#6273,(#6277,#6284),.PCURVE_S1.);
#6273 = LINE('',#6274,#6275);
#6274 = CARTESIAN_POINT('',(-20.,-67.,227.));
#6275 = VECTOR('',#6276,1.);
#6276 = DIRECTION('',(1.,0.,-0.));
#6277 = PCURVE('',#5447,#6278);
#6278 = DEFINITIONAL_REPRESENTATION('',(#6279),#6283);
#6279 = LINE('',#6280,#6281);
#6280 = CARTESIAN_POINT('',(0.,0.));
#6281 = VECTOR('',#6282,1.);
#6282 = DIRECTION('',(0.,1.));
#6283 = ( GEOMETRIC_REPRESENTATION_CONTEXT(2) 
PARAMETRIC_REPRESENTATION_CONTEXT() REPRESENTATION_CONTEXT('2D SPACE',''
  ) );
#6284 = PCURVE('',#5419,#6285);
#6285 = DEFINITIONAL_REPRESENTATION('',(#6286),#6290);
#6286 = LINE('',#6287,#6288);
#6287 = CARTESIAN_POINT('',(0.,6.));
#6288 = VECTOR('',#6289,1.);
#6289 = DIRECTION('',(1.,0.));
#6290 = ( GEOMETRIC_REPRESENTATION_CONTEXT(2) 
PARAMETRIC_REPRESENTATION_CONTEXT() REPRESENTATION_CONTEXT('2D SPACE',''
  ) );
#6291 = ORIENTED_EDGE('',*,*,#6292,.T.);
#6292 = EDGE_CURVE('',#6270,#6221,#6293,.T.);
#6293 = SURFACE_CURVE('',#6294,(#6298,#6305),.PCURVE_S1.);
#6294 = LINE('',#6295,#6296);
#6295 = CARTESIAN_POINT('',(-20.,-67.,227.));
#6296 = VECTOR('',#6297,1.);
#6297 = DIRECTION('',(0.,0.,1.));
#6298 = PCURVE('',#5447,#6299);
#6299 = DEFINITIONAL_REPRESENTATION('',(#6300),#6304);
#6300 = LINE('',#6301,#6302);
#6301 = CARTESIAN_POINT('',(0.,0.));
#6302 = VECTOR('',#6303,1.);
#6303 = DIRECTION('',(1.,0.));
#6304 = ( GEOMETRIC_REPRESENTATION_CONTEXT(2) 
PARAMETRIC_REPRESENTATION_CONTEXT() REPRESENTATION_CONTEXT('2D SPACE',''
  ) );
#6305 = PCURVE('',#5553,#6306);
#6306 = DEFINITIONAL_REPRESENTATION('',(#6307),#6311);
#6307 = LINE('',#6308,#6309);
#6308 = CARTESIAN_POINT('',(0.,-6.));
#6309 = VECTOR('',#6310,1.);
#6310 = DIRECTION('',(1.,0.));
#6311 = ( GEOMETRIC_REPRESENTATION_CONTEXT(2) 
PARAMETRIC_REPRESENTATION_CONTEXT() REPRESENTATION_CONTEXT('2D SPACE',''
  ) );
#6312 = ORIENTED_EDGE('',*,*,#6245,.T.);
#6313 = ORIENTED_EDGE('',*,*,#5431,.F.);
#6314 = FACE_BOUND('',#6315,.T.);
#6315 = EDGE_LOOP('',(#6316,#6360,#6402,#6428,#6465));
#6316 = ORIENTED_EDGE('',*,*,#6317,.F.);
#6317 = EDGE_CURVE('',#6318,#6320,#6322,.T.);
#6318 = VERTEX_POINT('',#6319);
#6319 = CARTESIAN_POINT('',(13.429259361529,-67.,251.02668420479));
#6320 = VERTEX_POINT('',#6321);
#6321 = CARTESIAN_POINT('',(-8.89285508641E-03,-67.,236.41699849205));
#6322 = SURFACE_CURVE('',#6323,(#6328,#6335),.PCURVE_S1.);
#6323 = ELLIPSE('',#6324,21.326457225188,11.);
#6324 = AXIS2_PLACEMENT_3D('',#6325,#6326,#6327);
#6325 = CARTESIAN_POINT('',(-4.909090909091,-67.,247.85454545454));
#6326 = DIRECTION('',(-0.,1.,0.));
#6327 = DIRECTION('',(-0.985184962359,-0.,0.171495160114));
#6328 = PCURVE('',#5447,#6329);
#6329 = DEFINITIONAL_REPRESENTATION('',(#6330),#6334);
#6330 = ELLIPSE('',#6331,21.326457225188,11.);
#6331 = AXIS2_PLACEMENT_2D('',#6332,#6333);
#6332 = CARTESIAN_POINT('',(20.854545454545,15.090909090909));
#6333 = DIRECTION('',(0.171495160114,-0.985184962359));
#6334 = ( GEOMETRIC_REPRESENTATION_CONTEXT(2) 
PARAMETRIC_REPRESENTATION_CONTEXT() REPRESENTATION_CONTEXT('2D SPACE',''
  ) );
#6335 = PCURVE('',#6336,#6341);
#6336 = CYLINDRICAL_SURFACE('',#6337,11.);
#6337 = AXIS2_PLACEMENT_3D('',#6338,#6339,#6340);
#6338 = CARTESIAN_POINT('',(270.,-235.,200.));
#6339 = DIRECTION('',(-0.844022043133,0.515791248582,0.146922355657));
#6340 = DIRECTION('',(-0.521450009454,-0.853281833652,2.775557561563E-17
    ));
#6341 = DEFINITIONAL_REPRESENTATION('',(#6342),#6359);
#6342 = B_SPLINE_CURVE_WITH_KNOTS('',8,(#6343,#6344,#6345,#6346,#6347,
    #6348,#6349,#6350,#6351,#6352,#6353,#6354,#6355,#6356,#6357,#6358),
  .UNSPECIFIED.,.F.,.F.,(9,7,9),(1.894775099084,3.14159265359,
    4.388410208096),.UNSPECIFIED.);
#6343 = CARTESIAN_POINT('',(1.984320873634,319.89686078741));
#6344 = CARTESIAN_POINT('',(2.140173067947,317.1974738574));
#6345 = CARTESIAN_POINT('',(2.29602526226,314.65954681826));
#6346 = CARTESIAN_POINT('',(2.451877456572,312.38299341371));
#6347 = CARTESIAN_POINT('',(2.607729650888,310.45935633825));
#6348 = CARTESIAN_POINT('',(2.763581845196,308.96406004182));
#6349 = CARTESIAN_POINT('',(2.919434039511,307.94967629574));
#6350 = CARTESIAN_POINT('',(3.075286233826,307.44248406963));
#6351 = CARTESIAN_POINT('',(3.386990622453,307.44248406963));
#6352 = CARTESIAN_POINT('',(3.542842816764,307.949676296));
#6353 = CARTESIAN_POINT('',(3.69869501109,308.96406004065));
#6354 = CARTESIAN_POINT('',(3.854547205367,310.45935633988));
#6355 = CARTESIAN_POINT('',(4.01039939972,312.3829934129));
#6356 = CARTESIAN_POINT('',(4.166251594015,314.65954681864));
#6357 = CARTESIAN_POINT('',(4.322103788332,317.1974738574));
#6358 = CARTESIAN_POINT('',(4.477955982645,319.89686078741));
#6359 = ( GEOMETRIC_REPRESENTATION_CONTEXT(2) 
PARAMETRIC_REPRESENTATION_CONTEXT() REPRESENTATION_CONTEXT('2D SPACE',''
  ) );
#6360 = ORIENTED_EDGE('',*,*,#6361,.F.);
#6361 = EDGE_CURVE('',#6362,#6318,#6364,.T.);
#6362 = VERTEX_POINT('',#6363);
#6363 = CARTESIAN_POINT('',(1.782117737814,-67.,265.29602654097));
#6364 = SURFACE_CURVE('',#6365,(#6370,#6377),.PCURVE_S1.);
#6365 = ELLIPSE('',#6366,26.221220350972,9.);
#6366 = AXIS2_PLACEMENT_3D('',#6367,#6368,#6369);
#6367 = CARTESIAN_POINT('',(-8.181818181818,-67.,257.67272727272));
#6368 = DIRECTION('',(-0.,1.,0.));
#6369 = DIRECTION('',(-0.996636796201,-0.,8.194569213205E-02));
#6370 = PCURVE('',#5447,#6371);
#6371 = DEFINITIONAL_REPRESENTATION('',(#6372),#6376);
#6372 = ELLIPSE('',#6373,26.221220350972,9.);
#6373 = AXIS2_PLACEMENT_2D('',#6374,#6375);
#6374 = CARTESIAN_POINT('',(30.672727272727,11.818181818182));
#6375 = DIRECTION('',(8.194569213205E-02,-0.996636796201));
#6376 = ( GEOMETRIC_REPRESENTATION_CONTEXT(2) 
PARAMETRIC_REPRESENTATION_CONTEXT() REPRESENTATION_CONTEXT('2D SPACE',''
  ) );
#6377 = PCURVE('',#6378,#6383);
#6378 = CYLINDRICAL_SURFACE('',#6379,9.);
#6379 = AXIS2_PLACEMENT_3D('',#6380,#6381,#6382);
#6380 = CARTESIAN_POINT('',(450.,-235.,220.));
#6381 = DIRECTION('',(-0.936091235149,0.343233452888,7.696750155669E-02)
  );
#6382 = DIRECTION('',(-0.344254649158,-0.938876315887,3.469446951954E-18
    ));
#6383 = DEFINITIONAL_REPRESENTATION('',(#6384),#6401);
#6384 = B_SPLINE_CURVE_WITH_KNOTS('',8,(#6385,#6386,#6387,#6388,#6389,
    #6390,#6391,#6392,#6393,#6394,#6395,#6396,#6397,#6398,#6399,#6400),
  .UNSPECIFIED.,.F.,.F.,(9,7,9),(1.933595880851,3.14159265359,
    4.349589426328),.UNSPECIFIED.);
#6385 = CARTESIAN_POINT('',(1.961809809366,480.7223755196));
#6386 = CARTESIAN_POINT('',(2.112809405959,477.2455865164));
#6387 = CARTESIAN_POINT('',(2.263809002553,473.99655616213));
#6388 = CARTESIAN_POINT('',(2.414808599132,471.09608350228));
#6389 = CARTESIAN_POINT('',(2.56580819575,468.65388458734));
#6390 = CARTESIAN_POINT('',(2.716807792318,466.75979726994));
#6391 = CARTESIAN_POINT('',(2.867807388922,465.47626292228));
#6392 = CARTESIAN_POINT('',(3.018806985512,464.83449539939));
#6393 = CARTESIAN_POINT('',(3.320806178697,464.83449539939));
#6394 = CARTESIAN_POINT('',(3.471805775283,465.47626292234));
#6395 = CARTESIAN_POINT('',(3.622805371893,466.75979727157));
#6396 = CARTESIAN_POINT('',(3.77380496843,468.65388458594));
#6397 = CARTESIAN_POINT('',(3.924804565075,471.09608350391));
#6398 = CARTESIAN_POINT('',(4.075804161653,473.99655616225));
#6399 = CARTESIAN_POINT('',(4.226803758251,477.2455865164));
#6400 = CARTESIAN_POINT('',(4.377803354843,480.7223755196));
#6401 = ( GEOMETRIC_REPRESENTATION_CONTEXT(2) 
PARAMETRIC_REPRESENTATION_CONTEXT() REPRESENTATION_CONTEXT('2D SPACE',''
  ) );
#6402 = ORIENTED_EDGE('',*,*,#6403,.T.);
#6403 = EDGE_CURVE('',#6362,#6404,#6406,.T.);
#6404 = VERTEX_POINT('',#6405);
#6405 = CARTESIAN_POINT('',(0.403109049977,-67.,248.52429925647));
#6406 = SURFACE_CURVE('',#6407,(#6411,#6417),.PCURVE_S1.);
#6407 = LINE('',#6408,#6409);
#6408 = CARTESIAN_POINT('',(-0.199588951729,-67.,241.19418842492));
#6409 = VECTOR('',#6410,1.);
#6410 = DIRECTION('',(-8.194569213205E-02,0.,-0.996636796201));
#6411 = PCURVE('',#5447,#6412);
#6412 = DEFINITIONAL_REPRESENTATION('',(#6413),#6416);
#6413 = B_SPLINE_CURVE_WITH_KNOTS('',1,(#6414,#6415),.UNSPECIFIED.,.F.,
  .F.,(2,2),(-24.86273243009,-6.855565821253),.PIECEWISE_BEZIER_KNOTS.);
#6414 = CARTESIAN_POINT('',(38.973302418844,21.837804865549));
#6415 = CARTESIAN_POINT('',(21.026697581156,20.362195134451));
#6416 = ( GEOMETRIC_REPRESENTATION_CONTEXT(2) 
PARAMETRIC_REPRESENTATION_CONTEXT() REPRESENTATION_CONTEXT('2D SPACE',''
  ) );
#6417 = PCURVE('',#6418,#6423);
#6418 = PLANE('',#6419);
#6419 = AXIS2_PLACEMENT_3D('',#6420,#6421,#6422);
#6420 = CARTESIAN_POINT('',(0.,-70.,257.));
#6421 = DIRECTION('',(-0.936091235149,0.343233452888,7.696750155669E-02)
  );
#6422 = DIRECTION('',(-0.344254649158,-0.938876315887,3.469446951954E-18
    ));
#6423 = DEFINITIONAL_REPRESENTATION('',(#6424),#6427);
#6424 = B_SPLINE_CURVE_WITH_KNOTS('',1,(#6425,#6426),.UNSPECIFIED.,.F.,
  .F.,(2,2),(-24.86273243009,-6.855565821253),.PIECEWISE_BEZIER_KNOTS.);
#6425 = CARTESIAN_POINT('',(-3.449301816871,9.));
#6426 = CARTESIAN_POINT('',(-2.941316306597,-9.));
#6427 = ( GEOMETRIC_REPRESENTATION_CONTEXT(2) 
PARAMETRIC_REPRESENTATION_CONTEXT() REPRESENTATION_CONTEXT('2D SPACE',''
  ) );
#6428 = ORIENTED_EDGE('',*,*,#6429,.F.);
#6429 = EDGE_CURVE('',#6430,#6404,#6432,.T.);
#6430 = VERTEX_POINT('',#6431);
#6431 = CARTESIAN_POINT('',(2.116975200447,-67.,248.62943200256));
#6432 = SURFACE_CURVE('',#6433,(#6438,#6445),.PCURVE_S1.);
#6433 = ELLIPSE('',#6434,26.221220350972,9.);
#6434 = AXIS2_PLACEMENT_3D('',#6435,#6436,#6437);
#6435 = CARTESIAN_POINT('',(-8.181818181818,-67.,257.67272727272));
#6436 = DIRECTION('',(-0.,1.,0.));
#6437 = DIRECTION('',(-0.996636796201,-0.,8.194569213205E-02));
#6438 = PCURVE('',#5447,#6439);
#6439 = DEFINITIONAL_REPRESENTATION('',(#6440),#6444);
#6440 = ELLIPSE('',#6441,26.221220350972,9.);
#6441 = AXIS2_PLACEMENT_2D('',#6442,#6443);
#6442 = CARTESIAN_POINT('',(30.672727272727,11.818181818182));
#6443 = DIRECTION('',(8.194569213205E-02,-0.996636796201));
#6444 = ( GEOMETRIC_REPRESENTATION_CONTEXT(2) 
PARAMETRIC_REPRESENTATION_CONTEXT() REPRESENTATION_CONTEXT('2D SPACE',''
  ) );
#6445 = PCURVE('',#6378,#6446);
#6446 = DEFINITIONAL_REPRESENTATION('',(#6447),#6464);
#6447 = B_SPLINE_CURVE_WITH_KNOTS('',8,(#6448,#6449,#6450,#6451,#6452,
    #6453,#6454,#6455,#6456,#6457,#6458,#6459,#6460,#6461,#6462,#6463),
  .UNSPECIFIED.,.F.,.F.,(9,7,9),(1.933595880851,3.14159265359,
    4.349589426328),.UNSPECIFIED.);
#6448 = CARTESIAN_POINT('',(1.961809809366,480.7223755196));
#6449 = CARTESIAN_POINT('',(2.112809405959,477.2455865164));
#6450 = CARTESIAN_POINT('',(2.263809002553,473.99655616213));
#6451 = CARTESIAN_POINT('',(2.414808599132,471.09608350228));
#6452 = CARTESIAN_POINT('',(2.56580819575,468.65388458734));
#6453 = CARTESIAN_POINT('',(2.716807792318,466.75979726994));
#6454 = CARTESIAN_POINT('',(2.867807388922,465.47626292228));
#6455 = CARTESIAN_POINT('',(3.018806985512,464.83449539939));
#6456 = CARTESIAN_POINT('',(3.320806178697,464.83449539939));
#6457 = CARTESIAN_POINT('',(3.471805775283,465.47626292234));
#6458 = CARTESIAN_POINT('',(3.622805371893,466.75979727157));
#6459 = CARTESIAN_POINT('',(3.77380496843,468.65388458594));
#6460 = CARTESIAN_POINT('',(3.924804565075,471.09608350391));
#6461 = CARTESIAN_POINT('',(4.075804161653,473.99655616225));
#6462 = CARTESIAN_POINT('',(4.226803758251,477.2455865164));
#6463 = CARTESIAN_POINT('',(4.377803354843,480.7223755196));
#6464 = ( GEOMETRIC_REPRESENTATION_CONTEXT(2) 
PARAMETRIC_REPRESENTATION_CONTEXT() REPRESENTATION_CONTEXT('2D SPACE',''
  ) );
#6465 = ORIENTED_EDGE('',*,*,#6466,.T.);
#6466 = EDGE_CURVE('',#6430,#6320,#6467,.T.);
#6467 = SURFACE_CURVE('',#6468,(#6472,#6478),.PCURVE_S1.);
#6468 = LINE('',#6469,#6470);
#6469 = CARTESIAN_POINT('',(-0.204236509606,-67.,235.29481154056));
#6470 = VECTOR('',#6471,1.);
#6471 = DIRECTION('',(-0.171495160114,0.,-0.985184962359));
#6472 = PCURVE('',#5447,#6473);
#6473 = DEFINITIONAL_REPRESENTATION('',(#6474),#6477);
#6474 = B_SPLINE_CURVE_WITH_KNOTS('',1,(#6475,#6476),.UNSPECIFIED.,.F.,
  .F.,(2,2),(-20.47966950059,-0.836959740882),.PIECEWISE_BEZIER_KNOTS.);
#6475 = CARTESIAN_POINT('',(28.471073966621,23.307927690486));
#6476 = CARTESIAN_POINT('',(9.119371691377,19.939298035166));
#6477 = ( GEOMETRIC_REPRESENTATION_CONTEXT(2) 
PARAMETRIC_REPRESENTATION_CONTEXT() REPRESENTATION_CONTEXT('2D SPACE',''
  ) );
#6478 = PCURVE('',#6479,#6484);
#6479 = PLANE('',#6480);
#6480 = AXIS2_PLACEMENT_3D('',#6481,#6482,#6483);
#6481 = CARTESIAN_POINT('',(0.,-70.,247.));
#6482 = DIRECTION('',(-0.844022043133,0.515791248582,0.146922355657));
#6483 = DIRECTION('',(-0.521450009454,-0.853281833652,2.775557561563E-17
    ));
#6484 = DEFINITIONAL_REPRESENTATION('',(#6485),#6488);
#6485 = B_SPLINE_CURVE_WITH_KNOTS('',1,(#6486,#6487),.UNSPECIFIED.,.F.,
  .F.,(2,2),(-20.47966950059,-0.836959740882),.PIECEWISE_BEZIER_KNOTS.);
#6486 = CARTESIAN_POINT('',(-4.284764426433,8.564010366845));
#6487 = CARTESIAN_POINT('',(-2.528192460819,-11.));
#6488 = ( GEOMETRIC_REPRESENTATION_CONTEXT(2) 
PARAMETRIC_REPRESENTATION_CONTEXT() REPRESENTATION_CONTEXT('2D SPACE',''
  ) );
#6489 = ADVANCED_FACE('',(#6490),#5419,.F.);
#6490 = FACE_BOUND('',#6491,.F.);
#6491 = EDGE_LOOP('',(#6492,#6513,#6514,#6515));
#6492 = ORIENTED_EDGE('',*,*,#6493,.F.);
#6493 = EDGE_CURVE('',#5515,#6270,#6494,.T.);
#6494 = SURFACE_CURVE('',#6495,(#6499,#6506),.PCURVE_S1.);
#6495 = LINE('',#6496,#6497);
#6496 = CARTESIAN_POINT('',(-20.,-73.,227.));
#6497 = VECTOR('',#6498,1.);
#6498 = DIRECTION('',(-0.,1.,0.));
#6499 = PCURVE('',#5419,#6500);
#6500 = DEFINITIONAL_REPRESENTATION('',(#6501),#6505);
#6501 = LINE('',#6502,#6503);
#6502 = CARTESIAN_POINT('',(0.,0.));
#6503 = VECTOR('',#6504,1.);
#6504 = DIRECTION('',(0.,1.));
#6505 = ( GEOMETRIC_REPRESENTATION_CONTEXT(2) 
PARAMETRIC_REPRESENTATION_CONTEXT() REPRESENTATION_CONTEXT('2D SPACE',''
  ) );
#6506 = PCURVE('',#5553,#6507);
#6507 = DEFINITIONAL_REPRESENTATION('',(#6508),#6512);
#6508 = LINE('',#6509,#6510);
#6509 = CARTESIAN_POINT('',(0.,0.));
#6510 = VECTOR('',#6511,1.);
#6511 = DIRECTION('',(0.,-1.));
#6512 = ( GEOMETRIC_REPRESENTATION_CONTEXT(2) 
PARAMETRIC_REPRESENTATION_CONTEXT() REPRESENTATION_CONTEXT('2D SPACE',''
  ) );
#6513 = ORIENTED_EDGE('',*,*,#5514,.T.);
#6514 = ORIENTED_EDGE('',*,*,#5403,.T.);
#6515 = ORIENTED_EDGE('',*,*,#6269,.F.);
#6516 = ADVANCED_FACE('',(#6517),#5553,.F.);
#6517 = FACE_BOUND('',#6518,.F.);
#6518 = EDGE_LOOP('',(#6519,#6520,#6521,#6522));
#6519 = ORIENTED_EDGE('',*,*,#5537,.F.);
#6520 = ORIENTED_EDGE('',*,*,#6493,.T.);
#6521 = ORIENTED_EDGE('',*,*,#6292,.T.);
#6522 = ORIENTED_EDGE('',*,*,#6220,.F.);
#6523 = ADVANCED_FACE('',(#6524),#5664,.F.);
#6524 = FACE_BOUND('',#6525,.F.);
#6525 = EDGE_LOOP('',(#6526,#6547,#6548,#6569));
#6526 = ORIENTED_EDGE('',*,*,#6527,.F.);
#6527 = EDGE_CURVE('',#5647,#5765,#6528,.T.);
#6528 = SURFACE_CURVE('',#6529,(#6533,#6540),.PCURVE_S1.);
#6529 = LINE('',#6530,#6531);
#6530 = CARTESIAN_POINT('',(1.46E+03,-55.,195.));
#6531 = VECTOR('',#6532,1.);
#6532 = DIRECTION('',(-0.,1.,0.));
#6533 = PCURVE('',#5664,#6534);
#6534 = DEFINITIONAL_REPRESENTATION('',(#6535),#6539);
#6535 = LINE('',#6536,#6537);
#6536 = CARTESIAN_POINT('',(0.,0.));
#6537 = VECTOR('',#6538,1.);
#6538 = DIRECTION('',(0.,1.));
#6539 = ( GEOMETRIC_REPRESENTATION_CONTEXT(2) 
PARAMETRIC_REPRESENTATION_CONTEXT() REPRESENTATION_CONTEXT('2D SPACE',''
  ) );
#6540 = PCURVE('',#5692,#6541);
#6541 = DEFINITIONAL_REPRESENTATION('',(#6542),#6546);
#6542 = LINE('',#6543,#6544);
#6543 = CARTESIAN_POINT('',(0.,0.));
#6544 = VECTOR('',#6545,1.);
#6545 = DIRECTION('',(0.,-1.));
#6546 = ( GEOMETRIC_REPRESENTATION_CONTEXT(2) 
PARAMETRIC_REPRESENTATION_CONTEXT() REPRESENTATION_CONTEXT('2D SPACE',''
  ) );
#6547 = ORIENTED_EDGE('',*,*,#5646,.T.);
#6548 = ORIENTED_EDGE('',*,*,#6549,.T.);
#6549 = EDGE_CURVE('',#5649,#5767,#6550,.T.);
#6550 = SURFACE_CURVE('',#6551,(#6555,#6562),.PCURVE_S1.);
#6551 = LINE('',#6552,#6553);
#6552 = CARTESIAN_POINT('',(1.5E+03,-55.,195.));
#6553 = VECTOR('',#6554,1.);
#6554 = DIRECTION('',(-0.,1.,0.));
#6555 = PCURVE('',#5664,#6556);
#6556 = DEFINITIONAL_REPRESENTATION('',(#6557),#6561);
#6557 = LINE('',#6558,#6559);
#6558 = CARTESIAN_POINT('',(40.,0.));
#6559 = VECTOR('',#6560,1.);
#6560 = DIRECTION('',(0.,1.));
#6561 = ( GEOMETRIC_REPRESENTATION_CONTEXT(2) 
PARAMETRIC_REPRESENTATION_CONTEXT() REPRESENTATION_CONTEXT('2D SPACE',''
  ) );
#6562 = PCURVE('',#5746,#6563);
#6563 = DEFINITIONAL_REPRESENTATION('',(#6564),#6568);
#6564 = LINE('',#6565,#6566);
#6565 = CARTESIAN_POINT('',(0.,0.));
#6566 = VECTOR('',#6567,1.);
#6567 = DIRECTION('',(0.,-1.));
#6568 = ( GEOMETRIC_REPRESENTATION_CONTEXT(2) 
PARAMETRIC_REPRESENTATION_CONTEXT() REPRESENTATION_CONTEXT('2D SPACE',''
  ) );
#6569 = ORIENTED_EDGE('',*,*,#5764,.F.);
#6570 = ADVANCED_FACE('',(#6571),#5746,.T.);
#6571 = FACE_BOUND('',#6572,.T.);
#6572 = EDGE_LOOP('',(#6573,#6596,#6597,#6598,#6599,#6622,#6657));
#6573 = ORIENTED_EDGE('',*,*,#6574,.F.);
#6574 = EDGE_CURVE('',#5705,#6575,#6577,.T.);
#6575 = VERTEX_POINT('',#6576);
#6576 = CARTESIAN_POINT('',(1.5E+03,-18.5623341474,225.));
#6577 = SURFACE_CURVE('',#6578,(#6582,#6589),.PCURVE_S1.);
#6578 = LINE('',#6579,#6580);
#6579 = CARTESIAN_POINT('',(1.5E+03,-55.,225.));
#6580 = VECTOR('',#6581,1.);
#6581 = DIRECTION('',(-0.,1.,0.));
#6582 = PCURVE('',#5746,#6583);
#6583 = DEFINITIONAL_REPRESENTATION('',(#6584),#6588);
#6584 = LINE('',#6585,#6586);
#6585 = CARTESIAN_POINT('',(30.,0.));
#6586 = VECTOR('',#6587,1.);
#6587 = DIRECTION('',(0.,-1.));
#6588 = ( GEOMETRIC_REPRESENTATION_CONTEXT(2) 
PARAMETRIC_REPRESENTATION_CONTEXT() REPRESENTATION_CONTEXT('2D SPACE',''
  ) );
#6589 = PCURVE('',#5720,#6590);
#6590 = DEFINITIONAL_REPRESENTATION('',(#6591),#6595);
#6591 = LINE('',#6592,#6593);
#6592 = CARTESIAN_POINT('',(40.,0.));
#6593 = VECTOR('',#6594,1.);
#6594 = DIRECTION('',(0.,1.));
#6595 = ( GEOMETRIC_REPRESENTATION_CONTEXT(2) 
PARAMETRIC_REPRESENTATION_CONTEXT() REPRESENTATION_CONTEXT('2D SPACE',''
  ) );
#6596 = ORIENTED_EDGE('',*,*,#5732,.F.);
#6597 = ORIENTED_EDGE('',*,*,#6549,.T.);
#6598 = ORIENTED_EDGE('',*,*,#5835,.T.);
#6599 = ORIENTED_EDGE('',*,*,#6600,.F.);
#6600 = EDGE_CURVE('',#6601,#5813,#6603,.T.);
#6601 = VERTEX_POINT('',#6602);
#6602 = CARTESIAN_POINT('',(1.5E+03,18.562334147403,225.));
#6603 = SURFACE_CURVE('',#6604,(#6608,#6615),.PCURVE_S1.);
#6604 = LINE('',#6605,#6606);
#6605 = CARTESIAN_POINT('',(1.5E+03,-55.,225.));
#6606 = VECTOR('',#6607,1.);
#6607 = DIRECTION('',(-0.,1.,0.));
#6608 = PCURVE('',#5746,#6609);
#6609 = DEFINITIONAL_REPRESENTATION('',(#6610),#6614);
#6610 = LINE('',#6611,#6612);
#6611 = CARTESIAN_POINT('',(30.,0.));
#6612 = VECTOR('',#6613,1.);
#6613 = DIRECTION('',(0.,-1.));
#6614 = ( GEOMETRIC_REPRESENTATION_CONTEXT(2) 
PARAMETRIC_REPRESENTATION_CONTEXT() REPRESENTATION_CONTEXT('2D SPACE',''
  ) );
#6615 = PCURVE('',#5720,#6616);
#6616 = DEFINITIONAL_REPRESENTATION('',(#6617),#6621);
#6617 = LINE('',#6618,#6619);
#6618 = CARTESIAN_POINT('',(40.,0.));
#6619 = VECTOR('',#6620,1.);
#6620 = DIRECTION('',(0.,1.));
#6621 = ( GEOMETRIC_REPRESENTATION_CONTEXT(2) 
PARAMETRIC_REPRESENTATION_CONTEXT() REPRESENTATION_CONTEXT('2D SPACE',''
  ) );
#6622 = ORIENTED_EDGE('',*,*,#6623,.F.);
#6623 = EDGE_CURVE('',#6624,#6601,#6626,.T.);
#6624 = VERTEX_POINT('',#6625);
#6625 = CARTESIAN_POINT('',(1.5E+03,-5.388445916248E-15,200.83401491393)
  );
#6626 = SURFACE_CURVE('',#6627,(#6632,#6639),.PCURVE_S1.);
#6627 = ELLIPSE('',#6628,52.165985086069,22.);
#6628 = AXIS2_PLACEMENT_3D('',#6629,#6630,#6631);
#6629 = CARTESIAN_POINT('',(1.5E+03,0.,253.));
#6630 = DIRECTION('',(1.,0.,-0.));
#6631 = DIRECTION('',(0.,0.,1.));
#6632 = PCURVE('',#5746,#6633);
#6633 = DEFINITIONAL_REPRESENTATION('',(#6634),#6638);
#6634 = ELLIPSE('',#6635,52.165985086069,22.);
#6635 = AXIS2_PLACEMENT_2D('',#6636,#6637);
#6636 = CARTESIAN_POINT('',(58.,-55.));
#6637 = DIRECTION('',(1.,0.));
#6638 = ( GEOMETRIC_REPRESENTATION_CONTEXT(2) 
PARAMETRIC_REPRESENTATION_CONTEXT() REPRESENTATION_CONTEXT('2D SPACE',''
  ) );
#6639 = PCURVE('',#6640,#6645);
#6640 = CYLINDRICAL_SURFACE('',#6641,22.);
#6641 = AXIS2_PLACEMENT_3D('',#6642,#6643,#6644);
#6642 = CARTESIAN_POINT('',(1.48E+03,0.,210.));
#6643 = DIRECTION('',(0.421730749716,0.,0.906721111889));
#6644 = DIRECTION('',(0.906721111889,0.,-0.421730749716));
#6645 = DEFINITIONAL_REPRESENTATION('',(#6646),#6656);
#6646 = B_SPLINE_CURVE_WITH_KNOTS('',8,(#6647,#6648,#6649,#6650,#6651,
    #6652,#6653,#6654,#6655),.UNSPECIFIED.,.F.,.F.,(9,9),(3.14159265359,
    4.212600971288),.PIECEWISE_BEZIER_KNOTS.);
#6647 = CARTESIAN_POINT('',(-8.881784197001E-16,0.123622805518));
#6648 = CARTESIAN_POINT('',(0.133876039712,0.123622805518));
#6649 = CARTESIAN_POINT('',(0.267752079424,1.0924778875));
#6650 = CARTESIAN_POINT('',(0.401628119137,3.030187644155));
#6651 = CARTESIAN_POINT('',(0.535504158847,5.899709318561));
#6652 = CARTESIAN_POINT('',(0.669380198561,9.626949432157));
#6653 = CARTESIAN_POINT('',(0.803256238273,14.104325148722));
#6654 = CARTESIAN_POINT('',(0.937132277986,19.197803308434));
#6655 = CARTESIAN_POINT('',(1.071008317698,24.755595008306));
#6656 = ( GEOMETRIC_REPRESENTATION_CONTEXT(2) 
PARAMETRIC_REPRESENTATION_CONTEXT() REPRESENTATION_CONTEXT('2D SPACE',''
  ) );
#6657 = ORIENTED_EDGE('',*,*,#6658,.F.);
#6658 = EDGE_CURVE('',#6575,#6624,#6659,.T.);
#6659 = SURFACE_CURVE('',#6660,(#6665,#6672),.PCURVE_S1.);
#6660 = ELLIPSE('',#6661,52.165985086069,22.);
#6661 = AXIS2_PLACEMENT_3D('',#6662,#6663,#6664);
#6662 = CARTESIAN_POINT('',(1.5E+03,0.,253.));
#6663 = DIRECTION('',(1.,0.,-0.));
#6664 = DIRECTION('',(0.,0.,1.));
#6665 = PCURVE('',#5746,#6666);
#6666 = DEFINITIONAL_REPRESENTATION('',(#6667),#6671);
#6667 = ELLIPSE('',#6668,52.165985086069,22.);
#6668 = AXIS2_PLACEMENT_2D('',#6669,#6670);
#6669 = CARTESIAN_POINT('',(58.,-55.));
#6670 = DIRECTION('',(1.,0.));
#6671 = ( GEOMETRIC_REPRESENTATION_CONTEXT(2) 
PARAMETRIC_REPRESENTATION_CONTEXT() REPRESENTATION_CONTEXT('2D SPACE',''
  ) );
#6672 = PCURVE('',#6640,#6673);
#6673 = DEFINITIONAL_REPRESENTATION('',(#6674),#6684);
#6674 = B_SPLINE_CURVE_WITH_KNOTS('',8,(#6675,#6676,#6677,#6678,#6679,
    #6680,#6681,#6682,#6683),.UNSPECIFIED.,.F.,.F.,(9,9),(2.070584335892
    ,3.14159265359),.PIECEWISE_BEZIER_KNOTS.);
#6675 = CARTESIAN_POINT('',(5.212176989482,24.755595008306));
#6676 = CARTESIAN_POINT('',(5.346053029194,19.197803308434));
#6677 = CARTESIAN_POINT('',(5.479929068896,14.104325148728));
#6678 = CARTESIAN_POINT('',(5.613805108656,9.626949432153));
#6679 = CARTESIAN_POINT('',(5.747681148248,5.899709318561));
#6680 = CARTESIAN_POINT('',(5.881557188077,3.030187644148));
#6681 = CARTESIAN_POINT('',(6.015433227743,1.09247788751));
#6682 = CARTESIAN_POINT('',(6.149309267467,0.123622805518));
#6683 = CARTESIAN_POINT('',(6.28318530718,0.123622805518));
#6684 = ( GEOMETRIC_REPRESENTATION_CONTEXT(2) 
PARAMETRIC_REPRESENTATION_CONTEXT() REPRESENTATION_CONTEXT('2D SPACE',''
  ) );
#6685 = ADVANCED_FACE('',(#6686),#5692,.F.);
#6686 = FACE_BOUND('',#6687,.F.);
#6687 = EDGE_LOOP('',(#6688,#6689,#6690,#6691));
#6688 = ORIENTED_EDGE('',*,*,#5676,.F.);
#6689 = ORIENTED_EDGE('',*,*,#6527,.T.);
#6690 = ORIENTED_EDGE('',*,*,#5789,.T.);
#6691 = ORIENTED_EDGE('',*,*,#6692,.F.);
#6692 = EDGE_CURVE('',#5677,#5790,#6693,.T.);
#6693 = SURFACE_CURVE('',#6694,(#6698,#6705),.PCURVE_S1.);
#6694 = LINE('',#6695,#6696);
#6695 = CARTESIAN_POINT('',(1.46E+03,-55.,225.));
#6696 = VECTOR('',#6697,1.);
#6697 = DIRECTION('',(-0.,1.,0.));
#6698 = PCURVE('',#5692,#6699);
#6699 = DEFINITIONAL_REPRESENTATION('',(#6700),#6704);
#6700 = LINE('',#6701,#6702);
#6701 = CARTESIAN_POINT('',(30.,0.));
#6702 = VECTOR('',#6703,1.);
#6703 = DIRECTION('',(0.,-1.));
#6704 = ( GEOMETRIC_REPRESENTATION_CONTEXT(2) 
PARAMETRIC_REPRESENTATION_CONTEXT() REPRESENTATION_CONTEXT('2D SPACE',''
  ) );
#6705 = PCURVE('',#5720,#6706);
#6706 = DEFINITIONAL_REPRESENTATION('',(#6707),#6711);
#6707 = LINE('',#6708,#6709);
#6708 = CARTESIAN_POINT('',(0.,0.));
#6709 = VECTOR('',#6710,1.);
#6710 = DIRECTION('',(0.,1.));
#6711 = ( GEOMETRIC_REPRESENTATION_CONTEXT(2) 
PARAMETRIC_REPRESENTATION_CONTEXT() REPRESENTATION_CONTEXT('2D SPACE',''
  ) );
#6712 = ADVANCED_FACE('',(#6713),#5720,.T.);
#6713 = FACE_BOUND('',#6714,.T.);
#6714 = EDGE_LOOP('',(#6715,#6716,#6717,#6718,#6719,#6768));
#6715 = ORIENTED_EDGE('',*,*,#5812,.F.);
#6716 = ORIENTED_EDGE('',*,*,#6692,.F.);
#6717 = ORIENTED_EDGE('',*,*,#5704,.T.);
#6718 = ORIENTED_EDGE('',*,*,#6574,.T.);
#6719 = ORIENTED_EDGE('',*,*,#6720,.F.);
#6720 = EDGE_CURVE('',#6601,#6575,#6721,.T.);
#6721 = SURFACE_CURVE('',#6722,(#6727,#6734),.PCURVE_S1.);
#6722 = ELLIPSE('',#6723,24.263248877242,22.);
#6723 = AXIS2_PLACEMENT_3D('',#6724,#6725,#6726);
#6724 = CARTESIAN_POINT('',(1.486976744186E+03,0.,225.));
#6725 = DIRECTION('',(0.,0.,1.));
#6726 = DIRECTION('',(1.,0.,-0.));
#6727 = PCURVE('',#5720,#6728);
#6728 = DEFINITIONAL_REPRESENTATION('',(#6729),#6733);
#6729 = ELLIPSE('',#6730,24.263248877242,22.);
#6730 = AXIS2_PLACEMENT_2D('',#6731,#6732);
#6731 = CARTESIAN_POINT('',(26.976744186047,55.));
#6732 = DIRECTION('',(1.,0.));
#6733 = ( GEOMETRIC_REPRESENTATION_CONTEXT(2) 
PARAMETRIC_REPRESENTATION_CONTEXT() REPRESENTATION_CONTEXT('2D SPACE',''
  ) );
#6734 = PCURVE('',#6640,#6735);
#6735 = DEFINITIONAL_REPRESENTATION('',(#6736),#6767);
#6736 = B_SPLINE_CURVE_WITH_KNOTS('',8,(#6737,#6738,#6739,#6740,#6741,
    #6742,#6743,#6744,#6745,#6746,#6747,#6748,#6749,#6750,#6751,#6752,
    #6753,#6754,#6755,#6756,#6757,#6758,#6759,#6760,#6761,#6762,#6763,
    #6764,#6765,#6766),.UNSPECIFIED.,.F.,.F.,(9,7,7,7,9),(0.793146637088
    ,1.967369645339,3.728704157715,4.609371413903,5.490038670092),
  .UNSPECIFIED.);
#6737 = CARTESIAN_POINT('',(0.793146637088,23.722354671503));
#6738 = CARTESIAN_POINT('',(0.939924513119,22.65214468194));
#6739 = CARTESIAN_POINT('',(1.086702389151,21.405171583045));
#6740 = CARTESIAN_POINT('',(1.233480265182,20.016570579617));
#6741 = CARTESIAN_POINT('',(1.380258141213,18.529593440741));
#6742 = CARTESIAN_POINT('',(1.527036017245,16.993211083926));
#6743 = CARTESIAN_POINT('',(1.673813893276,15.458711107346));
#6744 = CARTESIAN_POINT('',(1.820591769308,13.976047225047));
#6745 = CARTESIAN_POINT('',(2.187536459386,10.512673062317));
#6746 = CARTESIAN_POINT('',(2.407703273433,8.653605276235));
#6747 = CARTESIAN_POINT('',(2.627870087486,7.166991804494));
#6748 = CARTESIAN_POINT('',(2.848036901512,6.1836550427));
#6749 = CARTESIAN_POINT('',(3.068203715575,5.788078939346));
#6750 = CARTESIAN_POINT('',(3.288370529619,6.000014769865));
#6751 = CARTESIAN_POINT('',(3.508537343668,6.776070305538));
#6752 = CARTESIAN_POINT('',(3.838787564739,8.648064929512));
#6753 = CARTESIAN_POINT('',(3.948870971762,9.390048309891));
#6754 = CARTESIAN_POINT('',(4.058954378786,10.238493676103));
#6755 = CARTESIAN_POINT('',(4.169037785809,11.178829220512));
#6756 = CARTESIAN_POINT('',(4.279121192832,12.193876465723));
#6757 = CARTESIAN_POINT('',(4.389204599856,13.264502169552));
#6758 = CARTESIAN_POINT('',(4.49928800688,14.370391591184));
#6759 = CARTESIAN_POINT('',(4.719454820927,16.61131746086));
#6760 = CARTESIAN_POINT('',(4.82953822795,17.746353826701));
#6761 = CARTESIAN_POINT('',(4.939621634974,18.875273284292));
#6762 = CARTESIAN_POINT('',(5.049705041996,19.977007971469));
#6763 = CARTESIAN_POINT('',(5.15978844902,21.030916934356));
#6764 = CARTESIAN_POINT('',(5.269871856045,22.01761053635));
#6765 = CARTESIAN_POINT('',(5.379955263068,22.919697179331));
#6766 = CARTESIAN_POINT('',(5.490038670092,23.722354671503));
#6767 = ( GEOMETRIC_REPRESENTATION_CONTEXT(2) 
PARAMETRIC_REPRESENTATION_CONTEXT() REPRESENTATION_CONTEXT('2D SPACE',''
  ) );
#6768 = ORIENTED_EDGE('',*,*,#6600,.T.);
#6769 = ADVANCED_FACE('',(#6770),#6005,.T.);
#6770 = FACE_BOUND('',#6771,.T.);
#6771 = EDGE_LOOP('',(#6772,#6800,#6801,#6802));
#6772 = ORIENTED_EDGE('',*,*,#6773,.T.);
#6773 = EDGE_CURVE('',#6774,#6145,#6776,.T.);
#6774 = VERTEX_POINT('',#6775);
#6775 = CARTESIAN_POINT('',(5.404713804318,63.027585658557,
    253.57073108144));
#6776 = SURFACE_CURVE('',#6777,(#6782,#6789),.PCURVE_S1.);
#6777 = CIRCLE('',#6778,11.);
#6778 = AXIS2_PLACEMENT_3D('',#6779,#6780,#6781);
#6779 = CARTESIAN_POINT('',(0.,70.,247.));
#6780 = DIRECTION('',(0.844022043133,0.515791248582,-0.146922355657));
#6781 = DIRECTION('',(0.491337618574,-0.633855849222,0.597339189222));
#6782 = PCURVE('',#6005,#6783);
#6783 = DEFINITIONAL_REPRESENTATION('',(#6784),#6788);
#6784 = LINE('',#6785,#6786);
#6785 = CARTESIAN_POINT('',(6.93156111494,319.89685837782));
#6786 = VECTOR('',#6787,1.);
#6787 = DIRECTION('',(-1.,-0.));
#6788 = ( GEOMETRIC_REPRESENTATION_CONTEXT(2) 
PARAMETRIC_REPRESENTATION_CONTEXT() REPRESENTATION_CONTEXT('2D SPACE',''
  ) );
#6789 = PCURVE('',#6159,#6790);
#6790 = DEFINITIONAL_REPRESENTATION('',(#6791),#6799);
#6791 = ( BOUNDED_CURVE() B_SPLINE_CURVE(2,(#6792,#6793,#6794,#6795,
#6796,#6797,#6798),.UNSPECIFIED.,.T.,.F.) B_SPLINE_CURVE_WITH_KNOTS((1,2
    ,2,2,2,1),(-2.094395102393,0.,2.094395102393,4.188790204786,
6.28318530718,8.377580409573),.UNSPECIFIED.) CURVE() 
GEOMETRIC_REPRESENTATION_ITEM() RATIONAL_B_SPLINE_CURVE((1.,0.5,1.,0.5,
1.,0.5,1.)) REPRESENTATION_ITEM('') );
#6792 = CARTESIAN_POINT('',(8.767722558605,6.642818764299));
#6793 = CARTESIAN_POINT('',(20.273422163843,-8.543322173873));
#6794 = CARTESIAN_POINT('',(1.368988523316,-10.91447985123));
#6795 = CARTESIAN_POINT('',(-17.53544511721,-13.28563752859));
#6796 = CARTESIAN_POINT('',(-10.13671108192,4.271661086936));
#6797 = CARTESIAN_POINT('',(-2.737977046633,21.828959702471));
#6798 = CARTESIAN_POINT('',(8.767722558605,6.642818764299));
#6799 = ( GEOMETRIC_REPRESENTATION_CONTEXT(2) 
PARAMETRIC_REPRESENTATION_CONTEXT() REPRESENTATION_CONTEXT('2D SPACE',''
  ) );
#6800 = ORIENTED_EDGE('',*,*,#6170,.F.);
#6801 = ORIENTED_EDGE('',*,*,#5986,.F.);
#6802 = ORIENTED_EDGE('',*,*,#6803,.T.);
#6803 = EDGE_CURVE('',#5987,#6774,#6804,.T.);
#6804 = SURFACE_CURVE('',#6805,(#6899,#6912),.PCURVE_S1.);
#6805 = B_SPLINE_CURVE_WITH_KNOTS('',8,(#6806,#6807,#6808,#6809,#6810,
    #6811,#6812,#6813,#6814,#6815,#6816,#6817,#6818,#6819,#6820,#6821,
    #6822,#6823,#6824,#6825,#6826,#6827,#6828,#6829,#6830,#6831,#6832,
    #6833,#6834,#6835,#6836,#6837,#6838,#6839,#6840,#6841,#6842,#6843,
    #6844,#6845,#6846,#6847,#6848,#6849,#6850,#6851,#6852,#6853,#6854,
    #6855,#6856,#6857,#6858,#6859,#6860,#6861,#6862,#6863,#6864,#6865,
    #6866,#6867,#6868,#6869,#6870,#6871,#6872,#6873,#6874,#6875,#6876,
    #6877,#6878,#6879,#6880,#6881,#6882,#6883,#6884,#6885,#6886,#6887,
    #6888,#6889,#6890,#6891,#6892,#6893,#6894,#6895,#6896,#6897,#6898),
  .UNSPECIFIED.,.F.,.F.,(9,7,7,7,7,7,7,7,7,7,7,7,7,9),(0.,
    7.858114593141E-02,0.236755696783,0.414482284294,0.457340997569,
    0.478366261718,0.492520614978,0.500233299627,0.521147171288,
    0.542821257376,0.593894305514,0.755381939777,0.877208373069,1.),
  .UNSPECIFIED.);
#6806 = CARTESIAN_POINT('',(-3.137824277677,77.886672944832,
    254.0076015199));
#6807 = CARTESIAN_POINT('',(-1.824438613448,78.429647692657,
    254.06143599232));
#6808 = CARTESIAN_POINT('',(-0.509765748539,78.965031323,254.10532605432
    ));
#6809 = CARTESIAN_POINT('',(0.806844522142,79.493999035412,
    254.13892252771));
#6810 = CARTESIAN_POINT('',(2.125642995039,80.017492668402,
    254.16198440483));
#6811 = CARTESIAN_POINT('',(3.446491123594,80.536225839501,
    254.17437828701));
#6812 = CARTESIAN_POINT('',(4.768871083877,81.050689085326,
    254.17607782308));
#6813 = CARTESIAN_POINT('',(6.091895840228,81.561155001641,
    254.16716314784));
#6814 = CARTESIAN_POINT('',(10.076201017427,83.087265095204,
    254.10888549731));
#6815 = CARTESIAN_POINT('',(12.732090728451,84.089531814788,
    254.02775050949));
#6816 = CARTESIAN_POINT('',(15.388293704427,85.081347495106,
    253.90589134041));
#6817 = CARTESIAN_POINT('',(18.047507573427,86.066412983338,
    253.74498923038));
#6818 = CARTESIAN_POINT('',(20.709798639459,87.04618115748,
    253.54675190024));
#6819 = CARTESIAN_POINT('',(23.373151560029,88.020354178926,
    253.31281884938));
#6820 = CARTESIAN_POINT('',(26.033557979484,88.98704576942,
    253.04473047693));
#6821 = CARTESIAN_POINT('',(31.663359494128,91.016464917021,
    252.40597030503));
#6822 = CARTESIAN_POINT('',(34.548534306966,92.046817740367,
    252.0359917408));
#6823 = CARTESIAN_POINT('',(37.407054349403,93.057020314166,
    251.63154247324));
#6824 = CARTESIAN_POINT('',(40.29689824673,94.064819629248,
    251.18420628731));
#6825 = CARTESIAN_POINT('',(43.248594615978,95.075741714267,
    250.68399323177));
#6826 = CARTESIAN_POINT('',(46.251016712298,96.076253503651,
    250.1231107577));
#6827 = CARTESIAN_POINT('',(49.241830586249,97.028466328487,
    249.49901598033));
#6828 = CARTESIAN_POINT('',(52.776386525562,98.060548603801,
    248.65593285332));
#6829 = CARTESIAN_POINT('',(53.451534890686,98.253101875689,
    248.48970042159));
#6830 = CARTESIAN_POINT('',(54.12504277725,98.440187501568,
    248.31842464463));
#6831 = CARTESIAN_POINT('',(54.803367565724,98.622825186136,
    248.13982916491));
#6832 = CARTESIAN_POINT('',(55.489073779084,98.800417554046,
    247.95212003942));
#6833 = CARTESIAN_POINT('',(56.180613276113,98.970653731178,
    247.75408749037));
#6834 = CARTESIAN_POINT('',(56.872276695155,99.12944535247,
    247.54516873698));
#6835 = CARTESIAN_POINT('',(57.888905280051,99.340286163216,
    247.21769490106));
#6836 = CARTESIAN_POINT('',(58.216485923333,99.404530719724,
    247.10883593401));
#6837 = CARTESIAN_POINT('',(58.543484999002,99.464683925351,
    246.99662864137));
#6838 = CARTESIAN_POINT('',(58.87393588334,99.520840575162,
    246.87916922997));
#6839 = CARTESIAN_POINT('',(59.209249653733,99.572093759125,
    246.75501556969));
#6840 = CARTESIAN_POINT('',(59.548127061929,99.616506733128,
    246.62323792882));
#6841 = CARTESIAN_POINT('',(59.886611234886,99.651097901668,
    246.4834213543));
#6842 = CARTESIAN_POINT('',(60.441563552759,99.685801903979,
    246.23611859853));
#6843 = CARTESIAN_POINT('',(60.634714842071,99.691753585443,
    246.1451784788));
#6844 = CARTESIAN_POINT('',(60.823951949861,99.692675863584,
    246.05198148609));
#6845 = CARTESIAN_POINT('',(61.024570849401,99.687983416423,
    245.94842646863));
#6846 = CARTESIAN_POINT('',(61.240946508525,99.673523693017,
    245.82912897432));
#6847 = CARTESIAN_POINT('',(61.466532889618,99.641576913464,
    245.69142125074));
#6848 = CARTESIAN_POINT('',(61.683862949627,99.580856068903,
    245.53535224515));
#6849 = CARTESIAN_POINT('',(61.963003986275,99.419647236546,
    245.27014781399));
#6850 = CARTESIAN_POINT('',(62.042664556099,99.354424260939,
    245.17956279961));
#6851 = CARTESIAN_POINT('',(62.103992708267,99.28103875689,
    245.09192290145));
#6852 = CARTESIAN_POINT('',(62.147435753487,99.19968473421,
    245.00721762699));
#6853 = CARTESIAN_POINT('',(62.173425954437,99.11054945032,
    244.92543565107));
#6854 = CARTESIAN_POINT('',(62.182380525758,99.013813410246,
    244.84656481591));
#6855 = CARTESIAN_POINT('',(62.174701634062,98.909650366625,
    244.77059213108));
#6856 = CARTESIAN_POINT('',(62.085900243793,98.496090332439,
    244.49931590525));
#6857 = CARTESIAN_POINT('',(61.910752266902,98.183361669153,
    244.35040932934));
#6858 = CARTESIAN_POINT('',(61.692195955681,97.889321732028,
    244.23965159786));
#6859 = CARTESIAN_POINT('',(61.473387486786,97.630432521257,
    244.15685208243));
#6860 = CARTESIAN_POINT('',(61.274600735791,97.410217443133,
    244.09351857441));
#6861 = CARTESIAN_POINT('',(61.092592732272,97.216879984049,
    244.04218136691));
#6862 = CARTESIAN_POINT('',(60.898330085936,97.017544040426,
    243.99297050777));
#6863 = CARTESIAN_POINT('',(60.384492607,96.520182793935,243.88714031894
    ));
#6864 = CARTESIAN_POINT('',(60.114321604779,96.270801431393,
    243.84136792873));
#6865 = CARTESIAN_POINT('',(59.839858850032,96.026619340597,
    243.80246718376));
#6866 = CARTESIAN_POINT('',(59.563967362629,95.78826610929,
    243.76935452786));
#6867 = CARTESIAN_POINT('',(59.28795562962,95.555479544824,
    243.74108566448));
#6868 = CARTESIAN_POINT('',(59.011582059597,95.327091457487,
    243.71686726819));
#6869 = CARTESIAN_POINT('',(58.733107050318,95.10105964658,
    243.69607320975));
#6870 = CARTESIAN_POINT('',(57.780845070112,94.340787121347,
    243.63630253262));
#6871 = CARTESIAN_POINT('',(57.09204516797,93.81141067257,
    243.61147636528));
#6872 = CARTESIAN_POINT('',(56.395659184215,93.291230814961,
    243.60058307617));
#6873 = CARTESIAN_POINT('',(55.699430571841,92.782517164336,
    243.60096097712));
#6874 = CARTESIAN_POINT('',(55.00630373054,92.284966291171,
    243.6105647494));
#6875 = CARTESIAN_POINT('',(54.314687108286,91.795798281761,
    243.62802915794));
#6876 = CARTESIAN_POINT('',(53.618855689726,91.309978449585,
    243.65272213874));
#6877 = CARTESIAN_POINT('',(50.666561862884,89.273087539057,
    243.78617381537));
#6878 = CARTESIAN_POINT('',(48.336456866855,87.722864761848,
    243.95909415273));
#6879 = CARTESIAN_POINT('',(45.991363238702,86.199112467578,
    244.18652837111));
#6880 = CARTESIAN_POINT('',(43.663141443829,84.712115424714,
    244.45695612342));
#6881 = CARTESIAN_POINT('',(41.356514498479,83.259033162517,
    244.76417812944));
#6882 = CARTESIAN_POINT('',(39.058371018136,81.828635012967,
    245.10697652686));
#6883 = CARTESIAN_POINT('',(36.7449154221,80.405210927067,
    245.48877840315));
#6884 = CARTESIAN_POINT('',(32.609717686415,77.892509355778,
    246.23991564405));
#6885 = CARTESIAN_POINT('',(30.826829753793,76.819222975734,
    246.58563623753));
#6886 = CARTESIAN_POINT('',(29.041846148359,75.754928803539,
    246.95368690626));
#6887 = CARTESIAN_POINT('',(27.256161610016,74.701052564333,
    247.34386532981));
#6888 = CARTESIAN_POINT('',(25.470032791514,73.65870363066,
    247.75614101134));
#6889 = CARTESIAN_POINT('',(23.682573647542,72.628703333826,
    248.19064065803));
#6890 = CARTESIAN_POINT('',(21.891642010665,71.611579028921,
    248.6476426325));
#6891 = CARTESIAN_POINT('',(18.281347497053,69.595513975899,
    249.61132071896));
#6892 = CARTESIAN_POINT('',(16.459516869717,68.595466831676,
    250.11899011288));
#6893 = CARTESIAN_POINT('',(14.632091157654,67.611945600563,
    250.64907819907));
#6894 = CARTESIAN_POINT('',(12.800869776558,66.648434499059,
    251.19988969722));
#6895 = CARTESIAN_POINT('',(10.96563234998,65.70738709361,
    251.76953520231));
#6896 = CARTESIAN_POINT('',(9.124231896551,64.790211129112,
    252.35597921686));
#6897 = CARTESIAN_POINT('',(7.27261030621,63.897220467575,
    252.95710200772));
#6898 = CARTESIAN_POINT('',(5.40471168493,63.027584671841,
    253.57073177769));
#6899 = PCURVE('',#6005,#6900);
#6900 = DEFINITIONAL_REPRESENTATION('',(#6901),#6911);
#6901 = B_SPLINE_CURVE_WITH_KNOTS('',8,(#6902,#6903,#6904,#6905,#6906,
    #6907,#6908,#6909,#6910),.UNSPECIFIED.,.F.,.F.,(9,9),(0.933303383951
    ,0.999999982585),.PIECEWISE_BEZIER_KNOTS.);
#6902 = CARTESIAN_POINT('',(6.800154428403,310.70125112926));
#6903 = CARTESIAN_POINT('',(6.814011557119,311.85368610834));
#6904 = CARTESIAN_POINT('',(6.828609918477,313.0050388782));
#6905 = CARTESIAN_POINT('',(6.843946532554,314.15518631434));
#6906 = CARTESIAN_POINT('',(6.860017476702,315.3041960123));
#6907 = CARTESIAN_POINT('',(6.876818367195,316.45232473583));
#6908 = CARTESIAN_POINT('',(6.894344885526,317.60001904061));
#6909 = CARTESIAN_POINT('',(6.91259332271,318.74791805233));
#6910 = CARTESIAN_POINT('',(6.931561114941,319.89685837777));
#6911 = ( GEOMETRIC_REPRESENTATION_CONTEXT(2) 
PARAMETRIC_REPRESENTATION_CONTEXT() REPRESENTATION_CONTEXT('2D SPACE',''
  ) );
#6912 = PCURVE('',#6040,#6913);
#6913 = DEFINITIONAL_REPRESENTATION('',(#6914),#6924);
#6914 = B_SPLINE_CURVE_WITH_KNOTS('',8,(#6915,#6916,#6917,#6918,#6919,
    #6920,#6921,#6922,#6923),.UNSPECIFIED.,.F.,.F.,(9,9),(0.933303383951
    ,0.999999982585),.PIECEWISE_BEZIER_KNOTS.);
#6915 = CARTESIAN_POINT('',(5.685490233182,468.72131028512));
#6916 = CARTESIAN_POINT('',(5.714227074643,469.85464629597));
#6917 = CARTESIAN_POINT('',(5.743088794663,470.98772199566));
#6918 = CARTESIAN_POINT('',(5.772060915605,472.12050578132));
#6919 = CARTESIAN_POINT('',(5.801129454956,473.25315758911));
#6920 = CARTESIAN_POINT('',(5.830280784125,474.38602679064));
#6921 = CARTESIAN_POINT('',(5.859501521298,475.51965225481));
#6922 = CARTESIAN_POINT('',(5.888778362152,476.65476470094));
#6923 = CARTESIAN_POINT('',(5.918097752254,477.79229146903));
#6924 = ( GEOMETRIC_REPRESENTATION_CONTEXT(2) 
PARAMETRIC_REPRESENTATION_CONTEXT() REPRESENTATION_CONTEXT('2D SPACE',''
  ) );
#6925 = ADVANCED_FACE('',(#6926),#6159,.T.);
#6926 = FACE_BOUND('',#6927,.T.);
#6927 = EDGE_LOOP('',(#6928,#6929,#6930));
#6928 = ORIENTED_EDGE('',*,*,#6144,.T.);
#6929 = ORIENTED_EDGE('',*,*,#6773,.F.);
#6930 = ORIENTED_EDGE('',*,*,#6931,.F.);
#6931 = EDGE_CURVE('',#6115,#6774,#6932,.T.);
#6932 = SURFACE_CURVE('',#6933,(#6938,#6945),.PCURVE_S1.);
#6933 = ELLIPSE('',#6934,9.198440770968,9.);
#6934 = AXIS2_PLACEMENT_3D('',#6935,#6936,#6937);
#6935 = CARTESIAN_POINT('',(1.405651850276,70.515405678435,
    256.8844241812));
#6936 = DIRECTION('',(-0.844022043133,-0.515791248582,0.146922355657));
#6937 = DIRECTION('',(-0.53378790912,0.781388822692,-0.323267653579));
#6938 = PCURVE('',#6159,#6939);
#6939 = DEFINITIONAL_REPRESENTATION('',(#6940),#6944);
#6940 = ELLIPSE('',#6941,9.198440770968,9.);
#6941 = AXIS2_PLACEMENT_2D('',#6942,#6943);
#6942 = CARTESIAN_POINT('',(0.293190868246,9.992866487961));
#6943 = DIRECTION('',(-0.945088597678,-0.32681423246));
#6944 = ( GEOMETRIC_REPRESENTATION_CONTEXT(2) 
PARAMETRIC_REPRESENTATION_CONTEXT() REPRESENTATION_CONTEXT('2D SPACE',''
  ) );
#6945 = PCURVE('',#6040,#6946);
#6946 = DEFINITIONAL_REPRESENTATION('',(#6947),#6962);
#6947 = B_SPLINE_CURVE_WITH_KNOTS('',7,(#6948,#6949,#6950,#6951,#6952,
    #6953,#6954,#6955,#6956,#6957,#6958,#6959,#6960,#6961),
  .UNSPECIFIED.,.F.,.F.,(8,6,8),(1.620610425594,1.723093703035,
    2.421411234814),.UNSPECIFIED.);
#6948 = CARTESIAN_POINT('',(5.117296943033,479.12612982277));
#6949 = CARTESIAN_POINT('',(5.131937411239,479.09834238857));
#6950 = CARTESIAN_POINT('',(5.146577879445,479.07057861709));
#6951 = CARTESIAN_POINT('',(5.161218347651,479.04284823654));
#6952 = CARTESIAN_POINT('',(5.175858815857,479.01516096271));
#6953 = CARTESIAN_POINT('',(5.190499284062,478.98752649036));
#6954 = CARTESIAN_POINT('',(5.205139752268,478.95995448476));
#6955 = CARTESIAN_POINT('',(5.319539867871,478.74507112057));
#6956 = CARTESIAN_POINT('',(5.419299515268,478.56103505009));
#6957 = CARTESIAN_POINT('',(5.519059162665,478.38339210521));
#6958 = CARTESIAN_POINT('',(5.618818810062,478.21510691096));
#6959 = CARTESIAN_POINT('',(5.718578457459,478.05893795344));
#6960 = CARTESIAN_POINT('',(5.818338104856,477.91732201348));
#6961 = CARTESIAN_POINT('',(5.918097752253,477.79229146686));
#6962 = ( GEOMETRIC_REPRESENTATION_CONTEXT(2) 
PARAMETRIC_REPRESENTATION_CONTEXT() REPRESENTATION_CONTEXT('2D SPACE',''
  ) );
#6963 = ADVANCED_FACE('',(#6964),#6040,.T.);
#6964 = FACE_BOUND('',#6965,.T.);
#6965 = EDGE_LOOP('',(#6966,#6967,#6968,#6994,#6995,#6996));
#6966 = ORIENTED_EDGE('',*,*,#6023,.F.);
#6967 = ORIENTED_EDGE('',*,*,#6058,.F.);
#6968 = ORIENTED_EDGE('',*,*,#6969,.T.);
#6969 = EDGE_CURVE('',#6059,#6089,#6970,.T.);
#6970 = SURFACE_CURVE('',#6971,(#6976,#6983),.PCURVE_S1.);
#6971 = CIRCLE('',#6972,9.);
#6972 = AXIS2_PLACEMENT_3D('',#6973,#6974,#6975);
#6973 = CARTESIAN_POINT('',(0.,70.,257.));
#6974 = DIRECTION('',(0.936091235149,0.343233452888,-7.696750155669E-02)
  );
#6975 = DIRECTION('',(0.198013081979,-0.333333333333,0.921780726775));
#6976 = PCURVE('',#6040,#6977);
#6977 = DEFINITIONAL_REPRESENTATION('',(#6978),#6982);
#6978 = LINE('',#6979,#6980);
#6979 = CARTESIAN_POINT('',(7.462968046368,480.72237310114));
#6980 = VECTOR('',#6981,1.);
#6981 = DIRECTION('',(-1.,-0.));
#6982 = ( GEOMETRIC_REPRESENTATION_CONTEXT(2) 
PARAMETRIC_REPRESENTATION_CONTEXT() REPRESENTATION_CONTEXT('2D SPACE',''
  ) );
#6983 = PCURVE('',#6103,#6984);
#6984 = DEFINITIONAL_REPRESENTATION('',(#6985),#6993);
#6985 = ( BOUNDED_CURVE() B_SPLINE_CURVE(2,(#6986,#6987,#6988,#6989,
#6990,#6991,#6992),.UNSPECIFIED.,.T.,.F.) B_SPLINE_CURVE_WITH_KNOTS((1,2
    ,2,2,2,1),(-2.094395102393,0.,2.094395102393,4.188790204786,
6.28318530718,8.377580409573),.UNSPECIFIED.) CURVE() 
GEOMETRIC_REPRESENTATION_ITEM() RATIONAL_B_SPLINE_CURVE((1.,0.5,1.,0.5,
1.,0.5,1.)) REPRESENTATION_ITEM('') );
#6986 = CARTESIAN_POINT('',(3.43013126425,8.320709074954));
#6987 = CARTESIAN_POINT('',(17.842022137069,2.379547448642));
#6988 = CARTESIAN_POINT('',(5.490879804285,-7.130935350632));
#6989 = CARTESIAN_POINT('',(-6.8602625285,-16.6414181499));
#6990 = CARTESIAN_POINT('',(-8.921011068534,-1.189773724321));
#6991 = CARTESIAN_POINT('',(-10.98175960856,14.261870701265));
#6992 = CARTESIAN_POINT('',(3.43013126425,8.320709074954));
#6993 = ( GEOMETRIC_REPRESENTATION_CONTEXT(2) 
PARAMETRIC_REPRESENTATION_CONTEXT() REPRESENTATION_CONTEXT('2D SPACE',''
  ) );
#6994 = ORIENTED_EDGE('',*,*,#6114,.F.);
#6995 = ORIENTED_EDGE('',*,*,#6931,.T.);
#6996 = ORIENTED_EDGE('',*,*,#6803,.F.);
#6997 = ADVANCED_FACE('',(#6998),#6103,.T.);
#6998 = FACE_BOUND('',#6999,.T.);
#6999 = EDGE_LOOP('',(#7000,#7001));
#7000 = ORIENTED_EDGE('',*,*,#6088,.T.);
#7001 = ORIENTED_EDGE('',*,*,#6969,.F.);
#7002 = ADVANCED_FACE('',(#7003),#6336,.T.);
#7003 = FACE_BOUND('',#7004,.T.);
#7004 = EDGE_LOOP('',(#7005,#7006,#7030));
#7005 = ORIENTED_EDGE('',*,*,#6317,.T.);
#7006 = ORIENTED_EDGE('',*,*,#7007,.F.);
#7007 = EDGE_CURVE('',#7008,#6320,#7010,.T.);
#7008 = VERTEX_POINT('',#7009);
#7009 = CARTESIAN_POINT('',(5.404713804318,-63.02758565855,
    253.57073108144));
#7010 = SURFACE_CURVE('',#7011,(#7016,#7023),.PCURVE_S1.);
#7011 = CIRCLE('',#7012,11.);
#7012 = AXIS2_PLACEMENT_3D('',#7013,#7014,#7015);
#7013 = CARTESIAN_POINT('',(0.,-70.,247.));
#7014 = DIRECTION('',(-0.844022043133,0.515791248582,0.146922355657));
#7015 = DIRECTION('',(-0.521450009454,-0.853281833652,4.163336342344E-17
    ));
#7016 = PCURVE('',#6336,#7017);
#7017 = DEFINITIONAL_REPRESENTATION('',(#7018),#7022);
#7018 = LINE('',#7019,#7020);
#7019 = CARTESIAN_POINT('',(0.,319.89685837782));
#7020 = VECTOR('',#7021,1.);
#7021 = DIRECTION('',(1.,0.));
#7022 = ( GEOMETRIC_REPRESENTATION_CONTEXT(2) 
PARAMETRIC_REPRESENTATION_CONTEXT() REPRESENTATION_CONTEXT('2D SPACE',''
  ) );
#7023 = PCURVE('',#6479,#7024);
#7024 = DEFINITIONAL_REPRESENTATION('',(#7025),#7029);
#7025 = CIRCLE('',#7026,11.);
#7026 = AXIS2_PLACEMENT_2D('',#7027,#7028);
#7027 = CARTESIAN_POINT('',(0.,0.));
#7028 = DIRECTION('',(1.,0.));
#7029 = ( GEOMETRIC_REPRESENTATION_CONTEXT(2) 
PARAMETRIC_REPRESENTATION_CONTEXT() REPRESENTATION_CONTEXT('2D SPACE',''
  ) );
#7030 = ORIENTED_EDGE('',*,*,#7031,.T.);
#7031 = EDGE_CURVE('',#7008,#6318,#7032,.T.);
#7032 = SURFACE_CURVE('',#7033,(#7134,#7238),.PCURVE_S1.);
#7033 = B_SPLINE_CURVE_WITH_KNOTS('',8,(#7034,#7035,#7036,#7037,#7038,
    #7039,#7040,#7041,#7042,#7043,#7044,#7045,#7046,#7047,#7048,#7049,
    #7050,#7051,#7052,#7053,#7054,#7055,#7056,#7057,#7058,#7059,#7060,
    #7061,#7062,#7063,#7064,#7065,#7066,#7067,#7068,#7069,#7070,#7071,
    #7072,#7073,#7074,#7075,#7076,#7077,#7078,#7079,#7080,#7081,#7082,
    #7083,#7084,#7085,#7086,#7087,#7088,#7089,#7090,#7091,#7092,#7093,
    #7094,#7095,#7096,#7097,#7098,#7099,#7100,#7101,#7102,#7103,#7104,
    #7105,#7106,#7107,#7108,#7109,#7110,#7111,#7112,#7113,#7114,#7115,
    #7116,#7117,#7118,#7119,#7120,#7121,#7122,#7123,#7124,#7125,#7126,
    #7127,#7128,#7129,#7130,#7131,#7132,#7133),.UNSPECIFIED.,.F.,.F.,(9,
    7,7,7,7,7,7,7,7,7,7,7,7,7,9),(0.,0.107592583254,0.215712331618,
    0.378778643503,0.412912993422,0.437886054612,0.4453561552,
    0.452542996249,0.469913136715,0.48622987146,0.529409987165,
    0.658080254879,0.73205164495,0.915718133996,1.),.UNSPECIFIED.);
#7034 = CARTESIAN_POINT('',(5.404711693545,-63.0275846747,
    253.57073177365));
#7035 = CARTESIAN_POINT('',(7.26173380308,-63.89215670338,
    252.96067508383));
#7036 = CARTESIAN_POINT('',(9.102733209547,-64.77984281659,
    252.36295868199));
#7037 = CARTESIAN_POINT('',(10.933631394155,-65.69144919388,
    251.77972715286));
#7038 = CARTESIAN_POINT('',(12.758402810471,-66.62666314228,
    251.21307321814));
#7039 = CARTESIAN_POINT('',(14.57915514006,-67.58410110347,
    250.66500641314));
#7040 = CARTESIAN_POINT('',(16.396111786369,-68.56135439648,
    250.13739312658));
#7041 = CARTESIAN_POINT('',(18.207519984214,-69.55500350746,
    249.63190985599));
#7042 = CARTESIAN_POINT('',(21.820324915504,-71.57106689227,
    248.66583227397));
#7043 = CARTESIAN_POINT('',(23.623867738557,-72.5948467308,
    248.20487161921));
#7044 = CARTESIAN_POINT('',(25.423865896883,-73.63171917214,
    247.76672735878));
#7045 = CARTESIAN_POINT('',(27.222523151657,-74.68114644305,
    247.3511162886));
#7046 = CARTESIAN_POINT('',(29.020749238938,-75.74228735854,
    246.95791036166));
#7047 = CARTESIAN_POINT('',(30.818278445205,-76.81400400374,
    246.58714226538));
#7048 = CARTESIAN_POINT('',(32.613675019248,-77.89483281728,
    246.23902042341));
#7049 = CARTESIAN_POINT('',(37.104735314091,-80.62397436123,
    245.42368704784));
#7050 = CARTESIAN_POINT('',(39.70542401544,-82.22757680587,
    245.00198495899));
#7051 = CARTESIAN_POINT('',(42.27118695203,-83.8297853255,
    244.63096769412));
#7052 = CARTESIAN_POINT('',(44.859108779136,-85.46768794099,
    244.30203625041));
#7053 = CARTESIAN_POINT('',(47.502048494269,-87.16723176133,
    244.01718149044));
#7054 = CARTESIAN_POINT('',(50.189518755864,-88.93279801189,
    243.78952862948));
#7055 = CARTESIAN_POINT('',(52.850162512547,-90.73877567114,
    243.64324592723));
#7056 = CARTESIAN_POINT('',(55.83101904348,-92.88528732269,
    243.60763039413));
#7057 = CARTESIAN_POINT('',(56.337597307498,-93.25489162574,
    243.60659435616));
#7058 = CARTESIAN_POINT('',(56.840995622434,-93.62745809561,
    243.61089352329));
#7059 = CARTESIAN_POINT('',(57.344898724459,-94.00651807553,
    243.62119520002));
#7060 = CARTESIAN_POINT('',(57.850184367482,-94.39403842591,
    243.63859535076));
#7061 = CARTESIAN_POINT('',(58.35473683494,-94.79031634316,
    243.66458436252));
#7062 = CARTESIAN_POINT('',(58.853354024649,-95.19395759879,
    243.70101082504));
#7063 = CARTESIAN_POINT('',(59.69213607894,-95.90042123776,
    243.78591604002));
#7064 = CARTESIAN_POINT('',(60.007011963918,-96.1743611535,
    243.82530801899));
#7065 = CARTESIAN_POINT('',(60.31311865785,-96.44843966348,
    243.87013343548));
#7066 = CARTESIAN_POINT('',(60.629351918626,-96.74123156231,
    243.92449332717));
#7067 = CARTESIAN_POINT('',(60.959049108376,-97.06102536172,
    243.99314736638));
#7068 = CARTESIAN_POINT('',(61.290184611256,-97.40654596089,
    244.08190247635));
#7069 = CARTESIAN_POINT('',(61.596150462578,-97.76826677999,
    244.19774735054));
#7070 = CARTESIAN_POINT('',(61.907016561201,-98.23641597113,
    244.39361570207));
#7071 = CARTESIAN_POINT('',(61.96870078769,-98.33817136929,
    244.43936475098));
#7072 = CARTESIAN_POINT('',(62.026892374022,-98.4430317391,
    244.48938582974));
#7073 = CARTESIAN_POINT('',(62.083416394755,-98.55735778312,
    244.5476131097));
#7074 = CARTESIAN_POINT('',(62.135179826574,-98.68326965208,
    244.61730369042));
#7075 = CARTESIAN_POINT('',(62.174199199659,-98.81931167062,
    244.70151021298));
#7076 = CARTESIAN_POINT('',(62.187660166896,-98.96108553179,
    244.80343189778));
#7077 = CARTESIAN_POINT('',(62.129208365696,-99.23620479312,
    245.04454732672));
#7078 = CARTESIAN_POINT('',(62.066822538491,-99.33997514905,
    245.15615960817));
#7079 = CARTESIAN_POINT('',(61.983231328355,-99.4193614406,
    245.25972370182));
#7080 = CARTESIAN_POINT('',(61.88830990848,-99.48000292865,
    245.35447721057));
#7081 = CARTESIAN_POINT('',(61.789256776962,-99.52646066627,
    245.44027433017));
#7082 = CARTESIAN_POINT('',(61.690495594888,-99.56234234989,
    245.51767377737));
#7083 = CARTESIAN_POINT('',(61.59357468826,-99.59043828984,
    245.58806079167));
#7084 = CARTESIAN_POINT('',(61.264020926572,-99.66679229723,
    245.8123311131));
#7085 = CARTESIAN_POINT('',(61.011079993013,-99.69244433992,
    245.95858576051));
#7086 = CARTESIAN_POINT('',(60.754339926068,-99.69907307485,
    246.09151698776));
#7087 = CARTESIAN_POINT('',(60.503861948404,-99.69358702629,
    246.21151616908));
#7088 = CARTESIAN_POINT('',(60.263594187855,-99.68055532688,
    246.32026686516));
#7089 = CARTESIAN_POINT('',(60.030744795101,-99.6623165145,
    246.42103242385));
#7090 = CARTESIAN_POINT('',(59.795602178657,-99.63906736119,
    246.51877877916));
#7091 = CARTESIAN_POINT('',(59.306165247409,-99.58035351542,
    246.71355335802));
#7092 = CARTESIAN_POINT('',(59.06814145282,-99.54742405568,
    246.80459694926));
#7093 = CARTESIAN_POINT('',(58.830360162052,-99.51088440708,
    246.89244293402));
#7094 = CARTESIAN_POINT('',(58.593526961504,-99.47141713333,
    246.9772870948));
#7095 = CARTESIAN_POINT('',(58.357856089496,-99.42950967361,
    247.05941629904));
#7096 = CARTESIAN_POINT('',(58.123073805462,-99.38545700829,
    247.13920454321));
#7097 = CARTESIAN_POINT('',(57.88842175915,-99.33936432456,
    247.21710899683));
#7098 = CARTESIAN_POINT('',(57.028748488862,-99.16355590364,
    247.49626431869));
#7099 = CARTESIAN_POINT('',(56.39735362035,-99.02115898462,
    247.68933360247));
#7100 = CARTESIAN_POINT('',(55.766236164665,-98.86873265205,
    247.87285302667));
#7101 = CARTESIAN_POINT('',(55.13993430561,-98.70961857007,
    248.04733861642));
#7102 = CARTESIAN_POINT('',(54.519668046497,-98.54574772536,
    248.21382709972));
#7103 = CARTESIAN_POINT('',(53.903371788361,-98.37768618267,
    248.37382989541));
#7104 = CARTESIAN_POINT('',(53.285855440299,-98.20470521041,
    248.52925728289));
#7105 = CARTESIAN_POINT('',(50.791439169652,-97.48901103828,
    249.13839509678));
#7106 = CARTESIAN_POINT('',(48.87803129683,-96.90276184732,
    249.56453912197));
#7107 = CARTESIAN_POINT('',(46.963148973658,-96.29124787566,
    249.95913557608));
#7108 = CARTESIAN_POINT('',(45.069621606172,-95.6692514457,
    250.32376141904));
#7109 = CARTESIAN_POINT('',(43.201819641758,-95.04299711319,
    250.66206393161));
#7110 = CARTESIAN_POINT('',(41.347917195402,-94.41146495814,
    250.97895032888));
#7111 = CARTESIAN_POINT('',(39.482779267027,-93.76776521962,
    251.27971459536));
#7112 = CARTESIAN_POINT('',(36.474810386554,-92.71784311658,
    251.73488751044));
#7113 = CARTESIAN_POINT('',(35.376361102093,-92.33201330752,
    251.89498418907));
#7114 = CARTESIAN_POINT('',(34.27795817705,-91.9440667207,
    252.04909709732));
#7115 = CARTESIAN_POINT('',(33.179823924676,-91.55431787712,
    252.19730211574));
#7116 = CARTESIAN_POINT('',(32.081963273627,-91.16296268955,
    252.33966965759));
#7117 = CARTESIAN_POINT('',(30.984205122092,-90.77009815117,
    252.47625756712));
#7118 = CARTESIAN_POINT('',(29.886244393663,-90.37574060506,
    252.60710446001));
#7119 = CARTESIAN_POINT('',(26.06002773313,-88.99685177176,
    253.04288653215));
#7120 = CARTESIAN_POINT('',(23.321431382074,-88.00175302889,
    253.31906250833));
#7121 = CARTESIAN_POINT('',(20.57929359607,-86.99859221485,
    253.55909170881));
#7122 = CARTESIAN_POINT('',(17.838285836237,-85.98953318567,
    253.76124350454));
#7123 = CARTESIAN_POINT('',(15.100820628689,-84.97494879647,
    253.92370044871));
#7124 = CARTESIAN_POINT('',(12.366939017979,-83.9532298903,
    254.04459315587));
#7125 = CARTESIAN_POINT('',(9.63366059329,-82.92020564991,
    254.12211241442));
#7126 = CARTESIAN_POINT('',(5.636574447153,-81.38525840875,
    254.16969039738));
#7127 = CARTESIAN_POINT('',(4.378912833771,-80.89879977461,
    254.17518784441));
#7128 = CARTESIAN_POINT('',(3.121916596258,-80.40862122007,
    254.17107493444));
#7129 = CARTESIAN_POINT('',(1.866334993366,-79.91446937182,
    254.15729798508));
#7130 = CARTESIAN_POINT('',(0.612603924016,-79.4159085925,
    254.13389238518));
#7131 = CARTESIAN_POINT('',(-0.639153919659,-78.91232053365,
    254.1009829701));
#7132 = CARTESIAN_POINT('',(-1.889128899263,-78.40290368855,
    254.05878439697));
#7133 = CARTESIAN_POINT('',(-3.137824277097,-77.88667294509,254.00760152
    ));
#7134 = PCURVE('',#6336,#7135);
#7135 = DEFINITIONAL_REPRESENTATION('',(#7136),#7237);
#7136 = B_SPLINE_CURVE_WITH_KNOTS('',8,(#7137,#7138,#7139,#7140,#7141,
    #7142,#7143,#7144,#7145,#7146,#7147,#7148,#7149,#7150,#7151,#7152,
    #7153,#7154,#7155,#7156,#7157,#7158,#7159,#7160,#7161,#7162,#7163,
    #7164,#7165,#7166,#7167,#7168,#7169,#7170,#7171,#7172,#7173,#7174,
    #7175,#7176,#7177,#7178,#7179,#7180,#7181,#7182,#7183,#7184,#7185,
    #7186,#7187,#7188,#7189,#7190,#7191,#7192,#7193,#7194,#7195,#7196,
    #7197,#7198,#7199,#7200,#7201,#7202,#7203,#7204,#7205,#7206,#7207,
    #7208,#7209,#7210,#7211,#7212,#7213,#7214,#7215,#7216,#7217,#7218,
    #7219,#7220,#7221,#7222,#7223,#7224,#7225,#7226,#7227,#7228,#7229,
    #7230,#7231,#7232,#7233,#7234,#7235,#7236),.UNSPECIFIED.,.F.,.F.,(9,
    7,7,7,7,7,7,7,7,7,7,7,7,7,9),(0.,0.107592583254,0.215712331618,
    0.378778643503,0.412912993422,0.437886054612,0.4453561552,
    0.452542996249,0.469913136715,0.48622987146,0.529409987165,
    0.658080254879,0.73205164495,0.915718133996,1.),.UNSPECIFIED.);
#7137 = CARTESIAN_POINT('',(2.493216806515,319.89686077782));
#7138 = CARTESIAN_POINT('',(2.527934083447,317.79392353067));
#7139 = CARTESIAN_POINT('',(2.560242670684,315.69440077429));
#7140 = CARTESIAN_POINT('',(2.590126040347,313.59319407033));
#7141 = CARTESIAN_POINT('',(2.617555039293,311.48741745288));
#7142 = CARTESIAN_POINT('',(2.642498843421,309.37630092576));
#7143 = CARTESIAN_POINT('',(2.664936278194,307.26117262192));
#7144 = CARTESIAN_POINT('',(2.68486564717,305.14552185277));
#7145 = CARTESIAN_POINT('',(2.719842250588,300.91442860865));
#7146 = CARTESIAN_POINT('',(2.734886802266,298.79641660381));
#7147 = CARTESIAN_POINT('',(2.747533145745,296.67799556258));
#7148 = CARTESIAN_POINT('',(2.757845941206,294.55754123169));
#7149 = CARTESIAN_POINT('',(2.765872890367,292.43470083672));
#7150 = CARTESIAN_POINT('',(2.771648908308,290.31029037479));
#7151 = CARTESIAN_POINT('',(2.775197805399,288.18630716582));
#7152 = CARTESIAN_POINT('',(2.778542927728,282.86829525523));
#7153 = CARTESIAN_POINT('',(2.775449220967,279.78417509256));
#7154 = CARTESIAN_POINT('',(2.767927475645,276.73769875316));
#7155 = CARTESIAN_POINT('',(2.755785893749,273.66029246768));
#7156 = CARTESIAN_POINT('',(2.738187757127,270.51113172781));
#7157 = CARTESIAN_POINT('',(2.713787058927,267.29873667141));
#7158 = CARTESIAN_POINT('',(2.680993778314,264.10009502084));
#7159 = CARTESIAN_POINT('',(2.628788335729,260.47180175845));
#7160 = CARTESIAN_POINT('',(2.619311462013,259.85344765496));
#7161 = CARTESIAN_POINT('',(2.609243362493,259.23703349976));
#7162 = CARTESIAN_POINT('',(2.59842352288,258.61772590033));
#7163 = CARTESIAN_POINT('',(2.586688830381,257.9939305453));
#7164 = CARTESIAN_POINT('',(2.573877474086,257.36749882596));
#7165 = CARTESIAN_POINT('',(2.559829657013,256.74381216122));
#7166 = CARTESIAN_POINT('',(2.533085728663,255.68394832978));
#7167 = CARTESIAN_POINT('',(2.522055681398,255.28267789317));
#7168 = CARTESIAN_POINT('',(2.510461472188,254.88953565487));
#7169 = CARTESIAN_POINT('',(2.497404723649,254.47959499625));
#7170 = CARTESIAN_POINT('',(2.482175153126,254.04646327064));
#7171 = CARTESIAN_POINT('',(2.46418577341,253.60180121551));
#7172 = CARTESIAN_POINT('',(2.442903198047,253.17400706144));
#7173 = CARTESIAN_POINT('',(2.410318086369,252.69893940553));
#7174 = CARTESIAN_POINT('',(2.402887033096,252.60111357282));
#7175 = CARTESIAN_POINT('',(2.394911972379,252.50526174488));
#7176 = CARTESIAN_POINT('',(2.385808981105,252.40714074157));
#7177 = CARTESIAN_POINT('',(2.375166332547,252.30874612827));
#7178 = CARTESIAN_POINT('',(2.362674656434,252.21801545533));
#7179 = CARTESIAN_POINT('',(2.348065705253,252.14850295941));
#7180 = CARTESIAN_POINT('',(2.314790195487,252.09135870758));
#7181 = CARTESIAN_POINT('',(2.299889642529,252.10688821878));
#7182 = CARTESIAN_POINT('',(2.286406998118,252.15171016891));
#7183 = CARTESIAN_POINT('',(2.274305363647,252.21446899952));
#7184 = CARTESIAN_POINT('',(2.263507389132,252.28671504639));
#7185 = CARTESIAN_POINT('',(2.25387758625,252.36293591178));
#7186 = CARTESIAN_POINT('',(2.245202213343,252.44058907942));
#7187 = CARTESIAN_POINT('',(2.217793160959,252.7123073138));
#7188 = CARTESIAN_POINT('',(2.200345594743,252.93405201553));
#7189 = CARTESIAN_POINT('',(2.184754573117,253.16685781698));
#7190 = CARTESIAN_POINT('',(2.170849588425,253.39872696967));
#7191 = CARTESIAN_POINT('',(2.15836061188,253.62421780079));
#7192 = CARTESIAN_POINT('',(2.146870549473,253.84495995406));
#7193 = CARTESIAN_POINT('',(2.135795659059,254.06977834022));
#7194 = CARTESIAN_POINT('',(2.113873110742,254.54177472668));
#7195 = CARTESIAN_POINT('',(2.103690413779,254.77303312215));
#7196 = CARTESIAN_POINT('',(2.093916847196,255.00547914299));
#7197 = CARTESIAN_POINT('',(2.084518636099,255.23819396317));
#7198 = CARTESIAN_POINT('',(2.075454840589,255.4707874912));
#7199 = CARTESIAN_POINT('',(2.066677283442,255.7033935703));
#7200 = CARTESIAN_POINT('',(2.058130477802,255.93666517858));
#7201 = CARTESIAN_POINT('',(2.027577825398,256.79394297102));
#7202 = CARTESIAN_POINT('',(2.006590078669,257.4286674366));
#7203 = CARTESIAN_POINT('',(1.986714319505,258.06692775551));
#7204 = CARTESIAN_POINT('',(1.96784636468,258.70324581509));
#7205 = CARTESIAN_POINT('',(1.94984441315,259.33574823815));
#7206 = CARTESIAN_POINT('',(1.932525984572,259.96610852572));
#7207 = CARTESIAN_POINT('',(1.9156692261,260.59936376504));
#7208 = CARTESIAN_POINT('',(1.84940218191,263.1633508354));
#7209 = CARTESIAN_POINT('',(1.8025815049,265.14330154378));
#7210 = CARTESIAN_POINT('',(1.758340050257,267.13289303008));
#7211 = CARTESIAN_POINT('',(1.71635700556,269.10546387052));
#7212 = CARTESIAN_POINT('',(1.676186853668,271.05465060686));
#7213 = CARTESIAN_POINT('',(1.637237699954,272.99168159214));
#7214 = CARTESIAN_POINT('',(1.59877052239,274.94210280355));
#7215 = CARTESIAN_POINT('',(1.537619106721,278.08931055308));
#7216 = CARTESIAN_POINT('',(1.515469363478,279.23895538254));
#7217 = CARTESIAN_POINT('',(1.493463065821,280.38877374943));
#7218 = CARTESIAN_POINT('',(1.471570629504,281.53842693784));
#7219 = CARTESIAN_POINT('',(1.449761956146,282.68782008307));
#7220 = CARTESIAN_POINT('',(1.428006408715,283.8370560692));
#7221 = CARTESIAN_POINT('',(1.406272938495,284.98638963131));
#7222 = CARTESIAN_POINT('',(1.330544864512,288.99104575618));
#7223 = CARTESIAN_POINT('',(1.276359747796,291.85632109176));
#7224 = CARTESIAN_POINT('',(1.221764558471,294.72343305282));
#7225 = CARTESIAN_POINT('',(1.166548884963,297.5870684571));
#7226 = CARTESIAN_POINT('',(1.110499412553,300.44473174041));
#7227 = CARTESIAN_POINT('',(1.053392645129,303.29694359479));
#7228 = CARTESIAN_POINT('',(0.994984576199,306.14810501009));
#7229 = CARTESIAN_POINT('',(0.90747189847,310.3204364491));
#7230 = CARTESIAN_POINT('',(0.879634412794,311.63364936863));
#7231 = CARTESIAN_POINT('',(0.851498634361,312.94680743496));
#7232 = CARTESIAN_POINT('',(0.823075325784,314.25940105444));
#7233 = CARTESIAN_POINT('',(0.794373762815,315.57129220152));
#7234 = CARTESIAN_POINT('',(0.765401986016,316.88271458926));
#7235 = CARTESIAN_POINT('',(0.736167052433,318.19427383977));
#7236 = CARTESIAN_POINT('',(0.70667528728,319.50694765469));
#7237 = ( GEOMETRIC_REPRESENTATION_CONTEXT(2) 
PARAMETRIC_REPRESENTATION_CONTEXT() REPRESENTATION_CONTEXT('2D SPACE',''
  ) );
#7238 = PCURVE('',#6378,#7239);
#7239 = DEFINITIONAL_REPRESENTATION('',(#7240),#7341);
#7240 = B_SPLINE_CURVE_WITH_KNOTS('',8,(#7241,#7242,#7243,#7244,#7245,
    #7246,#7247,#7248,#7249,#7250,#7251,#7252,#7253,#7254,#7255,#7256,
    #7257,#7258,#7259,#7260,#7261,#7262,#7263,#7264,#7265,#7266,#7267,
    #7268,#7269,#7270,#7271,#7272,#7273,#7274,#7275,#7276,#7277,#7278,
    #7279,#7280,#7281,#7282,#7283,#7284,#7285,#7286,#7287,#7288,#7289,
    #7290,#7291,#7292,#7293,#7294,#7295,#7296,#7297,#7298,#7299,#7300,
    #7301,#7302,#7303,#7304,#7305,#7306,#7307,#7308,#7309,#7310,#7311,
    #7312,#7313,#7314,#7315,#7316,#7317,#7318,#7319,#7320,#7321,#7322,
    #7323,#7324,#7325,#7326,#7327,#7328,#7329,#7330,#7331,#7332,#7333,
    #7334,#7335,#7336,#7337,#7338,#7339,#7340),.UNSPECIFIED.,.F.,.F.,(9,
    7,7,7,7,7,7,7,7,7,7,7,7,7,9),(0.,0.107592583254,0.215712331618,
    0.378778643503,0.412912993422,0.437886054612,0.4453561552,
    0.452542996249,0.469913136715,0.48622987146,0.529409987165,
    0.658080254879,0.73205164495,0.915718133996,1.),.UNSPECIFIED.);
#7241 = CARTESIAN_POINT('',(3.506680147746,477.79229382673));
#7242 = CARTESIAN_POINT('',(3.560344238217,475.71024712462));
#7243 = CARTESIAN_POINT('',(3.613867671601,473.636215453));
#7244 = CARTESIAN_POINT('',(3.667166530911,471.56454396884));
#7245 = CARTESIAN_POINT('',(3.720159738551,469.49178080654));
#7246 = CARTESIAN_POINT('',(3.772762323605,467.41658247698));
#7247 = CARTESIAN_POINT('',(3.824884607725,465.33971014784));
#7248 = CARTESIAN_POINT('',(3.87643070252,463.26410742315));
#7249 = CARTESIAN_POINT('',(3.97839791099,459.11585541806));
#7250 = CARTESIAN_POINT('',(4.028875425332,457.04070031029));
#7251 = CARTESIAN_POINT('',(4.078824303584,454.96612563371));
#7252 = CARTESIAN_POINT('',(4.128338654947,452.89023125104));
#7253 = CARTESIAN_POINT('',(4.177507433246,450.8124444337));
#7254 = CARTESIAN_POINT('',(4.226416755757,448.73340700011));
#7255 = CARTESIAN_POINT('',(4.275151756162,446.65498132947));
#7256 = CARTESIAN_POINT('',(4.397166242148,441.45145230254));
#7257 = CARTESIAN_POINT('',(4.467920012306,438.43410304356));
#7258 = CARTESIAN_POINT('',(4.538357295433,435.45382701271));
#7259 = CARTESIAN_POINT('',(4.610607367187,432.44379607164));
#7260 = CARTESIAN_POINT('',(4.686450065456,429.36449851616));
#7261 = CARTESIAN_POINT('',(4.767205560423,426.22525788723));
#7262 = CARTESIAN_POINT('',(4.853891815275,423.10352162478));
#7263 = CARTESIAN_POINT('',(4.966900543603,419.57367210852));
#7264 = CARTESIAN_POINT('',(4.986727149004,418.97252833326));
#7265 = CARTESIAN_POINT('',(5.007117634345,418.37375520313));
#7266 = CARTESIAN_POINT('',(5.028332481651,417.77274275452));
#7267 = CARTESIAN_POINT('',(5.050587446963,417.16807859104));
#7268 = CARTESIAN_POINT('',(5.074052208762,416.56175592005));
#7269 = CARTESIAN_POINT('',(5.098854408967,415.95926521098));
#7270 = CARTESIAN_POINT('',(5.144282661603,414.93814166988));
#7271 = CARTESIAN_POINT('',(5.162515489103,414.55239567283));
#7272 = CARTESIAN_POINT('',(5.181292890866,414.1752290666));
#7273 = CARTESIAN_POINT('',(5.201999302994,413.78289385354));
#7274 = CARTESIAN_POINT('',(5.225561653297,413.36978740387));
#7275 = CARTESIAN_POINT('',(5.252535582025,412.94805139273));
#7276 = CARTESIAN_POINT('',(5.283247850825,412.54640104587));
#7277 = CARTESIAN_POINT('',(5.328181171172,412.10979304995));
#7278 = CARTESIAN_POINT('',(5.338306149371,412.02064631953));
#7279 = CARTESIAN_POINT('',(5.349067581765,411.93403209625));
#7280 = CARTESIAN_POINT('',(5.361222120678,411.84636154129));
#7281 = CARTESIAN_POINT('',(5.375247645721,411.7600529908));
#7282 = CARTESIAN_POINT('',(5.391432041929,411.68331429155));
#7283 = CARTESIAN_POINT('',(5.409956387416,411.62989672364));
#7284 = CARTESIAN_POINT('',(5.451051925088,411.60874086055));
#7285 = CARTESIAN_POINT('',(5.469007957528,411.64011274746));
#7286 = CARTESIAN_POINT('',(5.484925918083,411.69908478519));
#7287 = CARTESIAN_POINT('',(5.498972940695,411.77441864786));
#7288 = CARTESIAN_POINT('',(5.51133321367,411.85779915633));
#7289 = CARTESIAN_POINT('',(5.522230388565,411.94389008115));
#7290 = CARTESIAN_POINT('',(5.531951378328,412.0303909385));
#7291 = CARTESIAN_POINT('',(5.562381340237,412.32993760304));
#7292 = CARTESIAN_POINT('',(5.581229276085,412.56916560957));
#7293 = CARTESIAN_POINT('',(5.597697703586,412.81745391681));
#7294 = CARTESIAN_POINT('',(5.61211947315,413.06304318886));
#7295 = CARTESIAN_POINT('',(5.62488182321,413.30079891816));
#7296 = CARTESIAN_POINT('',(5.636474803929,413.53278303767));
#7297 = CARTESIAN_POINT('',(5.647513129133,413.76840115986));
#7298 = CARTESIAN_POINT('',(5.669054533902,414.26170265007));
#7299 = CARTESIAN_POINT('',(5.678922569392,414.50282452786));
#7300 = CARTESIAN_POINT('',(5.688272241583,414.74471242576));
#7301 = CARTESIAN_POINT('',(5.697154221031,414.98648664071));
#7302 = CARTESIAN_POINT('',(5.705622317537,415.22780140013));
#7303 = CARTESIAN_POINT('',(5.713733447096,415.46884048862));
#7304 = CARTESIAN_POINT('',(5.721547598844,415.71031287462));
#7305 = CARTESIAN_POINT('',(5.749187823491,416.59687470706));
#7306 = CARTESIAN_POINT('',(5.76760011133,417.25165335599));
#7307 = CARTESIAN_POINT('',(5.784545617853,417.90887972261));
#7308 = CARTESIAN_POINT('',(5.800208494774,418.56319839909));
#7309 = CARTESIAN_POINT('',(5.814781482498,419.21288436616));
#7310 = CARTESIAN_POINT('',(5.828466719466,419.85979325068));
#7311 = CARTESIAN_POINT('',(5.841471971536,420.50918060574));
#7312 = CARTESIAN_POINT('',(5.891340725257,423.13671581106));
#7313 = CARTESIAN_POINT('',(5.923735577635,425.16185972506));
#7314 = CARTESIAN_POINT('',(5.951879609873,427.1946274393));
#7315 = CARTESIAN_POINT('',(5.976409257909,429.208696134));
#7316 = CARTESIAN_POINT('',(5.997922123228,431.19811891797));
#7317 = CARTESIAN_POINT('',(6.016954682185,433.17469366529));
#7318 = CARTESIAN_POINT('',(6.033926773297,435.16472129041));
#7319 = CARTESIAN_POINT('',(6.057759062758,438.37585650576));
#7320 = CARTESIAN_POINT('',(6.065736812762,439.54885719215));
#7321 = CARTESIAN_POINT('',(6.073013415033,440.72208047498));
#7322 = CARTESIAN_POINT('',(6.079605637971,441.89521613498));
#7323 = CARTESIAN_POINT('',(6.085526267079,443.06819773417));
#7324 = CARTESIAN_POINT('',(6.090784026203,444.2411566003));
#7325 = CARTESIAN_POINT('',(6.095383438393,445.41437567538));
#7326 = CARTESIAN_POINT('',(6.109110357855,449.5028853878));
#7327 = CARTESIAN_POINT('',(6.114864200868,452.42926918099));
#7328 = CARTESIAN_POINT('',(6.116501947596,455.35895312591));
#7329 = CARTESIAN_POINT('',(6.113884343974,458.28668839877));
#7330 = CARTESIAN_POINT('',(6.106822631663,461.20994879433));
#7331 = CARTESIAN_POINT('',(6.095083914481,464.12910432573));
#7332 = CARTESIAN_POINT('',(6.078381205698,467.0482372429));
#7333 = CARTESIAN_POINT('',(6.046215419207,471.3203817505));
#7334 = CARTESIAN_POINT('',(6.034980125752,472.66505977433));
#7335 = CARTESIAN_POINT('',(6.022607280809,474.00965204872));
#7336 = CARTESIAN_POINT('',(6.009080937269,475.35354003694));
#7337 = CARTESIAN_POINT('',(5.994387921956,476.69646796184));
#7338 = CARTESIAN_POINT('',(5.978516705244,478.03854283071));
#7339 = CARTESIAN_POINT('',(5.961456270674,479.38023446018));
#7340 = CARTESIAN_POINT('',(5.943194984573,480.72237550114));
#7341 = ( GEOMETRIC_REPRESENTATION_CONTEXT(2) 
PARAMETRIC_REPRESENTATION_CONTEXT() REPRESENTATION_CONTEXT('2D SPACE',''
  ) );
#7342 = ADVANCED_FACE('',(#7343),#6479,.T.);
#7343 = FACE_BOUND('',#7344,.T.);
#7344 = EDGE_LOOP('',(#7345,#7378,#7379));
#7345 = ORIENTED_EDGE('',*,*,#7346,.F.);
#7346 = EDGE_CURVE('',#7008,#6430,#7347,.T.);
#7347 = SURFACE_CURVE('',#7348,(#7353,#7360),.PCURVE_S1.);
#7348 = ELLIPSE('',#7349,9.198440770968,9.);
#7349 = AXIS2_PLACEMENT_3D('',#7350,#7351,#7352);
#7350 = CARTESIAN_POINT('',(1.405651850276,-70.51540567843,
    256.8844241812));
#7351 = DIRECTION('',(-0.844022043133,0.515791248582,0.146922355657));
#7352 = DIRECTION('',(-0.53378790912,-0.781388822692,-0.323267653579));
#7353 = PCURVE('',#6479,#7354);
#7354 = DEFINITIONAL_REPRESENTATION('',(#7355),#7359);
#7355 = ELLIPSE('',#7356,9.198440770968,9.);
#7356 = AXIS2_PLACEMENT_2D('',#7357,#7358);
#7357 = CARTESIAN_POINT('',(-0.293190868246,9.992866487961));
#7358 = DIRECTION('',(0.945088597678,-0.32681423246));
#7359 = ( GEOMETRIC_REPRESENTATION_CONTEXT(2) 
PARAMETRIC_REPRESENTATION_CONTEXT() REPRESENTATION_CONTEXT('2D SPACE',''
  ) );
#7360 = PCURVE('',#6378,#7361);
#7361 = DEFINITIONAL_REPRESENTATION('',(#7362),#7377);
#7362 = B_SPLINE_CURVE_WITH_KNOTS('',7,(#7363,#7364,#7365,#7366,#7367,
    #7368,#7369,#7370,#7371,#7372,#7373,#7374,#7375,#7376),
  .UNSPECIFIED.,.F.,.F.,(8,6,8),(3.117865631183,4.370681161017,
    5.62349669085),.UNSPECIFIED.);
#7363 = CARTESIAN_POINT('',(2.762771767334,477.32094417278));
#7364 = CARTESIAN_POINT('',(2.941745414453,477.31287509092));
#7365 = CARTESIAN_POINT('',(3.120719061572,477.3758025989));
#7366 = CARTESIAN_POINT('',(3.299692708691,477.51014584302));
#7367 = CARTESIAN_POINT('',(3.478666355811,477.71076740691));
#7368 = CARTESIAN_POINT('',(3.657640002929,477.96685739228));
#7369 = CARTESIAN_POINT('',(3.836613650048,478.26350751589));
#7370 = CARTESIAN_POINT('',(4.194560944286,478.90440303994));
#7371 = CARTESIAN_POINT('',(4.373534591405,479.24864799647));
#7372 = CARTESIAN_POINT('',(4.552508238524,479.5999256579));
#7373 = CARTESIAN_POINT('',(4.731481885643,479.93960058793));
#7374 = CARTESIAN_POINT('',(4.910455532763,480.24937041173));
#7375 = CARTESIAN_POINT('',(5.089429179882,480.51393093256));
#7376 = CARTESIAN_POINT('',(5.268402827001,480.72237550114));
#7377 = ( GEOMETRIC_REPRESENTATION_CONTEXT(2) 
PARAMETRIC_REPRESENTATION_CONTEXT() REPRESENTATION_CONTEXT('2D SPACE',''
  ) );
#7378 = ORIENTED_EDGE('',*,*,#7007,.T.);
#7379 = ORIENTED_EDGE('',*,*,#6466,.F.);
#7380 = ADVANCED_FACE('',(#7381),#6378,.T.);
#7381 = FACE_BOUND('',#7382,.T.);
#7382 = EDGE_LOOP('',(#7383,#7405,#7406,#7407,#7408));
#7383 = ORIENTED_EDGE('',*,*,#7384,.F.);
#7384 = EDGE_CURVE('',#6362,#6404,#7385,.T.);
#7385 = SURFACE_CURVE('',#7386,(#7391,#7398),.PCURVE_S1.);
#7386 = CIRCLE('',#7387,9.);
#7387 = AXIS2_PLACEMENT_3D('',#7388,#7389,#7390);
#7388 = CARTESIAN_POINT('',(0.,-70.,257.));
#7389 = DIRECTION('',(-0.936091235149,0.343233452888,7.696750155669E-02)
  );
#7390 = DIRECTION('',(-0.344254649158,-0.938876315887,3.469446951954E-18
    ));
#7391 = PCURVE('',#6378,#7392);
#7392 = DEFINITIONAL_REPRESENTATION('',(#7393),#7397);
#7393 = LINE('',#7394,#7395);
#7394 = CARTESIAN_POINT('',(0.,480.72237310114));
#7395 = VECTOR('',#7396,1.);
#7396 = DIRECTION('',(1.,0.));
#7397 = ( GEOMETRIC_REPRESENTATION_CONTEXT(2) 
PARAMETRIC_REPRESENTATION_CONTEXT() REPRESENTATION_CONTEXT('2D SPACE',''
  ) );
#7398 = PCURVE('',#6418,#7399);
#7399 = DEFINITIONAL_REPRESENTATION('',(#7400),#7404);
#7400 = CIRCLE('',#7401,9.);
#7401 = AXIS2_PLACEMENT_2D('',#7402,#7403);
#7402 = CARTESIAN_POINT('',(0.,0.));
#7403 = DIRECTION('',(1.,0.));
#7404 = ( GEOMETRIC_REPRESENTATION_CONTEXT(2) 
PARAMETRIC_REPRESENTATION_CONTEXT() REPRESENTATION_CONTEXT('2D SPACE',''
  ) );
#7405 = ORIENTED_EDGE('',*,*,#6361,.T.);
#7406 = ORIENTED_EDGE('',*,*,#7031,.F.);
#7407 = ORIENTED_EDGE('',*,*,#7346,.T.);
#7408 = ORIENTED_EDGE('',*,*,#6429,.T.);
#7409 = ADVANCED_FACE('',(#7410),#6418,.T.);
#7410 = FACE_BOUND('',#7411,.T.);
#7411 = EDGE_LOOP('',(#7412,#7413));
#7412 = ORIENTED_EDGE('',*,*,#6403,.F.);
#7413 = ORIENTED_EDGE('',*,*,#7384,.T.);
#7414 = ADVANCED_FACE('',(#7415),#6640,.T.);
#7415 = FACE_BOUND('',#7416,.T.);
#7416 = EDGE_LOOP('',(#7417,#7418,#7441,#7470,#7525,#7547,#7548,#7549));
#7417 = ORIENTED_EDGE('',*,*,#6658,.T.);
#7418 = ORIENTED_EDGE('',*,*,#7419,.T.);
#7419 = EDGE_CURVE('',#6624,#7420,#7422,.T.);
#7420 = VERTEX_POINT('',#7421);
#7421 = CARTESIAN_POINT('',(1.699947864462E+03,-5.388445916248E-15,
    630.72192350625));
#7422 = SEAM_CURVE('',#7423,(#7427,#7434),.PCURVE_S1.);
#7423 = LINE('',#7424,#7425);
#7424 = CARTESIAN_POINT('',(1.499947864462E+03,-5.388445916248E-15,
    200.72192350625));
#7425 = VECTOR('',#7426,1.);
#7426 = DIRECTION('',(0.421730749716,-1.232595164408E-32,0.906721111889)
  );
#7427 = PCURVE('',#6640,#7428);
#7428 = DEFINITIONAL_REPRESENTATION('',(#7429),#7433);
#7429 = LINE('',#7430,#7431);
#7430 = CARTESIAN_POINT('',(0.,-0.));
#7431 = VECTOR('',#7432,1.);
#7432 = DIRECTION('',(0.,1.));
#7433 = ( GEOMETRIC_REPRESENTATION_CONTEXT(2) 
PARAMETRIC_REPRESENTATION_CONTEXT() REPRESENTATION_CONTEXT('2D SPACE',''
  ) );
#7434 = PCURVE('',#6640,#7435);
#7435 = DEFINITIONAL_REPRESENTATION('',(#7436),#7440);
#7436 = LINE('',#7437,#7438);
#7437 = CARTESIAN_POINT('',(6.28318530718,-0.));
#7438 = VECTOR('',#7439,1.);
#7439 = DIRECTION('',(0.,1.));
#7440 = ( GEOMETRIC_REPRESENTATION_CONTEXT(2) 
PARAMETRIC_REPRESENTATION_CONTEXT() REPRESENTATION_CONTEXT('2D SPACE',''
  ) );
#7441 = ORIENTED_EDGE('',*,*,#7442,.F.);
#7442 = EDGE_CURVE('',#7443,#7420,#7445,.T.);
#7443 = VERTEX_POINT('',#7444);
#7444 = CARTESIAN_POINT('',(1.68E+03,-22.,640.));
#7445 = SURFACE_CURVE('',#7446,(#7451,#7458),.PCURVE_S1.);
#7446 = CIRCLE('',#7447,22.);
#7447 = AXIS2_PLACEMENT_3D('',#7448,#7449,#7450);
#7448 = CARTESIAN_POINT('',(1.68E+03,0.,640.));
#7449 = DIRECTION('',(0.421730749716,0.,0.906721111889));
#7450 = DIRECTION('',(0.906721111889,0.,-0.421730749716));
#7451 = PCURVE('',#6640,#7452);
#7452 = DEFINITIONAL_REPRESENTATION('',(#7453),#7457);
#7453 = LINE('',#7454,#7455);
#7454 = CARTESIAN_POINT('',(0.,474.23622805517));
#7455 = VECTOR('',#7456,1.);
#7456 = DIRECTION('',(1.,0.));
#7457 = ( GEOMETRIC_REPRESENTATION_CONTEXT(2) 
PARAMETRIC_REPRESENTATION_CONTEXT() REPRESENTATION_CONTEXT('2D SPACE',''
  ) );
#7458 = PCURVE('',#7459,#7464);
#7459 = PLANE('',#7460);
#7460 = AXIS2_PLACEMENT_3D('',#7461,#7462,#7463);
#7461 = CARTESIAN_POINT('',(1.68E+03,0.,640.));
#7462 = DIRECTION('',(0.421730749716,0.,0.906721111889));
#7463 = DIRECTION('',(0.906721111889,0.,-0.421730749716));
#7464 = DEFINITIONAL_REPRESENTATION('',(#7465),#7469);
#7465 = CIRCLE('',#7466,22.);
#7466 = AXIS2_PLACEMENT_2D('',#7467,#7468);
#7467 = CARTESIAN_POINT('',(0.,0.));
#7468 = DIRECTION('',(1.,0.));
#7469 = ( GEOMETRIC_REPRESENTATION_CONTEXT(2) 
PARAMETRIC_REPRESENTATION_CONTEXT() REPRESENTATION_CONTEXT('2D SPACE',''
  ) );
#7470 = ORIENTED_EDGE('',*,*,#7471,.F.);
#7471 = EDGE_CURVE('',#7472,#7443,#7474,.T.);
#7472 = VERTEX_POINT('',#7473);
#7473 = CARTESIAN_POINT('',(1.68E+03,22.,640.));
#7474 = SURFACE_CURVE('',#7475,(#7480,#7500),.PCURVE_S1.);
#7475 = ELLIPSE('',#7476,23.807803860817,22.);
#7476 = AXIS2_PLACEMENT_3D('',#7477,#7478,#7479);
#7477 = CARTESIAN_POINT('',(1.68E+03,0.,640.));
#7478 = DIRECTION('',(4.313032914904E-02,0.,0.999069454396));
#7479 = DIRECTION('',(0.999069454396,0.,-4.313032914904E-02));
#7480 = PCURVE('',#6640,#7481);
#7481 = DEFINITIONAL_REPRESENTATION('',(#7482),#7499);
#7482 = B_SPLINE_CURVE_WITH_KNOTS('',8,(#7483,#7484,#7485,#7486,#7487,
    #7488,#7489,#7490,#7491,#7492,#7493,#7494,#7495,#7496,#7497,#7498),
  .UNSPECIFIED.,.F.,.F.,(9,7,9),(1.57079606091,3.141592586581,
    4.712389112252),.UNSPECIFIED.);
#7483 = CARTESIAN_POINT('',(1.57079606091,474.23623047474));
#7484 = CARTESIAN_POINT('',(1.767145626619,472.449432978));
#7485 = CARTESIAN_POINT('',(1.963495192328,470.66263494972));
#7486 = CARTESIAN_POINT('',(2.159844758032,468.980810459));
#7487 = CARTESIAN_POINT('',(2.356194323742,467.50891253631));
#7488 = CARTESIAN_POINT('',(2.552543889447,466.33901179092));
#7489 = CARTESIAN_POINT('',(2.748893455164,465.53710137499));
#7490 = CARTESIAN_POINT('',(2.945243020872,465.13614440193));
#7491 = CARTESIAN_POINT('',(3.33794215229,465.13614416247));
#7492 = CARTESIAN_POINT('',(3.534291717991,465.5371008967));
#7493 = CARTESIAN_POINT('',(3.730641283715,466.33901108591));
#7494 = CARTESIAN_POINT('',(3.926990849388,467.50891163572));
#7495 = CARTESIAN_POINT('',(4.12334041513,468.98080939962));
#7496 = CARTESIAN_POINT('',(4.319689980828,470.6626337844));
#7497 = CARTESIAN_POINT('',(4.516039546543,472.44943175843));
#7498 = CARTESIAN_POINT('',(4.712389112252,474.23622925517));
#7499 = ( GEOMETRIC_REPRESENTATION_CONTEXT(2) 
PARAMETRIC_REPRESENTATION_CONTEXT() REPRESENTATION_CONTEXT('2D SPACE',''
  ) );
#7500 = PCURVE('',#7501,#7506);
#7501 = CYLINDRICAL_SURFACE('',#7502,22.);
#7502 = AXIS2_PLACEMENT_3D('',#7503,#7504,#7505);
#7503 = CARTESIAN_POINT('',(1.68E+03,0.,640.));
#7504 = DIRECTION('',(-0.342020143326,0.,0.939692620786));
#7505 = DIRECTION('',(0.939692620786,0.,0.342020143326));
#7506 = DEFINITIONAL_REPRESENTATION('',(#7507),#7524);
#7507 = B_SPLINE_CURVE_WITH_KNOTS('',8,(#7508,#7509,#7510,#7511,#7512,
    #7513,#7514,#7515,#7516,#7517,#7518,#7519,#7520,#7521,#7522,#7523),
  .UNSPECIFIED.,.F.,.F.,(9,7,9),(1.57079606091,3.141592586581,
    4.712389112252),.UNSPECIFIED.);
#7508 = CARTESIAN_POINT('',(1.57079606091,-2.419571842438E-06));
#7509 = CARTESIAN_POINT('',(1.767145626619,1.786795077166));
#7510 = CARTESIAN_POINT('',(1.963495192322,3.573593104752));
#7511 = CARTESIAN_POINT('',(2.159844758046,5.255417596083));
#7512 = CARTESIAN_POINT('',(2.356194323724,6.72731551688));
#7513 = CARTESIAN_POINT('',(2.55254388946,7.897216264639));
#7514 = CARTESIAN_POINT('',(2.748893455158,8.699126679404));
#7515 = CARTESIAN_POINT('',(2.945243020872,9.100083653243));
#7516 = CARTESIAN_POINT('',(3.33794215229,9.100083892706));
#7517 = CARTESIAN_POINT('',(3.534291717993,8.699127158328));
#7518 = CARTESIAN_POINT('',(3.73064128371,7.897216968962));
#7519 = CARTESIAN_POINT('',(3.926990849395,6.72731641847));
#7520 = CARTESIAN_POINT('',(4.123340415135,5.255418654444));
#7521 = CARTESIAN_POINT('',(4.319689980829,3.573594270589));
#7522 = CARTESIAN_POINT('',(4.516039546543,1.786796296737));
#7523 = CARTESIAN_POINT('',(4.712389112252,-1.200000042445E-06));
#7524 = ( GEOMETRIC_REPRESENTATION_CONTEXT(2) 
PARAMETRIC_REPRESENTATION_CONTEXT() REPRESENTATION_CONTEXT('2D SPACE',''
  ) );
#7525 = ORIENTED_EDGE('',*,*,#7526,.F.);
#7526 = EDGE_CURVE('',#7420,#7472,#7527,.T.);
#7527 = SURFACE_CURVE('',#7528,(#7533,#7540),.PCURVE_S1.);
#7528 = CIRCLE('',#7529,22.);
#7529 = AXIS2_PLACEMENT_3D('',#7530,#7531,#7532);
#7530 = CARTESIAN_POINT('',(1.68E+03,0.,640.));
#7531 = DIRECTION('',(0.421730749716,0.,0.906721111889));
#7532 = DIRECTION('',(0.906721111889,0.,-0.421730749716));
#7533 = PCURVE('',#6640,#7534);
#7534 = DEFINITIONAL_REPRESENTATION('',(#7535),#7539);
#7535 = LINE('',#7536,#7537);
#7536 = CARTESIAN_POINT('',(0.,474.23622805517));
#7537 = VECTOR('',#7538,1.);
#7538 = DIRECTION('',(1.,0.));
#7539 = ( GEOMETRIC_REPRESENTATION_CONTEXT(2) 
PARAMETRIC_REPRESENTATION_CONTEXT() REPRESENTATION_CONTEXT('2D SPACE',''
  ) );
#7540 = PCURVE('',#7459,#7541);
#7541 = DEFINITIONAL_REPRESENTATION('',(#7542),#7546);
#7542 = CIRCLE('',#7543,22.);
#7543 = AXIS2_PLACEMENT_2D('',#7544,#7545);
#7544 = CARTESIAN_POINT('',(0.,0.));
#7545 = DIRECTION('',(1.,0.));
#7546 = ( GEOMETRIC_REPRESENTATION_CONTEXT(2) 
PARAMETRIC_REPRESENTATION_CONTEXT() REPRESENTATION_CONTEXT('2D SPACE',''
  ) );
#7547 = ORIENTED_EDGE('',*,*,#7419,.F.);
#7548 = ORIENTED_EDGE('',*,*,#6623,.T.);
#7549 = ORIENTED_EDGE('',*,*,#6720,.T.);
#7550 = ADVANCED_FACE('',(#7551),#7459,.T.);
#7551 = FACE_BOUND('',#7552,.T.);
#7552 = EDGE_LOOP('',(#7553,#7554,#7555));
#7553 = ORIENTED_EDGE('',*,*,#7442,.T.);
#7554 = ORIENTED_EDGE('',*,*,#7526,.T.);
#7555 = ORIENTED_EDGE('',*,*,#7556,.T.);
#7556 = EDGE_CURVE('',#7472,#7443,#7557,.T.);
#7557 = SURFACE_CURVE('',#7558,(#7562,#7568),.PCURVE_S1.);
#7558 = LINE('',#7559,#7560);
#7559 = CARTESIAN_POINT('',(1.68E+03,0.,640.));
#7560 = VECTOR('',#7561,1.);
#7561 = DIRECTION('',(0.,-1.,0.));
#7562 = PCURVE('',#7459,#7563);
#7563 = DEFINITIONAL_REPRESENTATION('',(#7564),#7567);
#7564 = B_SPLINE_CURVE_WITH_KNOTS('',1,(#7565,#7566),.UNSPECIFIED.,.F.,
  .F.,(2,2),(-22.,22.),.PIECEWISE_BEZIER_KNOTS.);
#7565 = CARTESIAN_POINT('',(0.,22.));
#7566 = CARTESIAN_POINT('',(0.,-22.));
#7567 = ( GEOMETRIC_REPRESENTATION_CONTEXT(2) 
PARAMETRIC_REPRESENTATION_CONTEXT() REPRESENTATION_CONTEXT('2D SPACE',''
  ) );
#7568 = PCURVE('',#7569,#7574);
#7569 = PLANE('',#7570);
#7570 = AXIS2_PLACEMENT_3D('',#7571,#7572,#7573);
#7571 = CARTESIAN_POINT('',(1.68E+03,0.,640.));
#7572 = DIRECTION('',(-0.342020143326,0.,0.939692620786));
#7573 = DIRECTION('',(0.939692620786,0.,0.342020143326));
#7574 = DEFINITIONAL_REPRESENTATION('',(#7575),#7578);
#7575 = B_SPLINE_CURVE_WITH_KNOTS('',1,(#7576,#7577),.UNSPECIFIED.,.F.,
  .F.,(2,2),(-22.,22.),.PIECEWISE_BEZIER_KNOTS.);
#7576 = CARTESIAN_POINT('',(0.,22.));
#7577 = CARTESIAN_POINT('',(0.,-22.));
#7578 = ( GEOMETRIC_REPRESENTATION_CONTEXT(2) 
PARAMETRIC_REPRESENTATION_CONTEXT() REPRESENTATION_CONTEXT('2D SPACE',''
  ) );
#7579 = ADVANCED_FACE('',(#7580),#7501,.T.);
#7580 = FACE_BOUND('',#7581,.T.);
#7581 = EDGE_LOOP('',(#7582,#7607,#7634,#7635,#7657,#7658));
#7582 = ORIENTED_EDGE('',*,*,#7583,.T.);
#7583 = EDGE_CURVE('',#7584,#7586,#7588,.T.);
#7584 = VERTEX_POINT('',#7585);
#7585 = CARTESIAN_POINT('',(1.700673237657E+03,-5.388445916248E-15,
    647.52444315316));
#7586 = VERTEX_POINT('',#7587);
#7587 = CARTESIAN_POINT('',(1.649370216158E+03,-5.388445916248E-15,
    788.47833627105));
#7588 = SEAM_CURVE('',#7589,(#7593,#7600),.PCURVE_S1.);
#7589 = LINE('',#7590,#7591);
#7590 = CARTESIAN_POINT('',(1.700673237657E+03,-5.388445916248E-15,
    647.52444315316));
#7591 = VECTOR('',#7592,1.);
#7592 = DIRECTION('',(-0.342020143326,0.,0.939692620786));
#7593 = PCURVE('',#7501,#7594);
#7594 = DEFINITIONAL_REPRESENTATION('',(#7595),#7599);
#7595 = LINE('',#7596,#7597);
#7596 = CARTESIAN_POINT('',(6.28318530718,-0.));
#7597 = VECTOR('',#7598,1.);
#7598 = DIRECTION('',(0.,1.));
#7599 = ( GEOMETRIC_REPRESENTATION_CONTEXT(2) 
PARAMETRIC_REPRESENTATION_CONTEXT() REPRESENTATION_CONTEXT('2D SPACE',''
  ) );
#7600 = PCURVE('',#7501,#7601);
#7601 = DEFINITIONAL_REPRESENTATION('',(#7602),#7606);
#7602 = LINE('',#7603,#7604);
#7603 = CARTESIAN_POINT('',(0.,-0.));
#7604 = VECTOR('',#7605,1.);
#7605 = DIRECTION('',(0.,1.));
#7606 = ( GEOMETRIC_REPRESENTATION_CONTEXT(2) 
PARAMETRIC_REPRESENTATION_CONTEXT() REPRESENTATION_CONTEXT('2D SPACE',''
  ) );
#7607 = ORIENTED_EDGE('',*,*,#7608,.F.);
#7608 = EDGE_CURVE('',#7586,#7586,#7609,.T.);
#7609 = SURFACE_CURVE('',#7610,(#7615,#7622),.PCURVE_S1.);
#7610 = CIRCLE('',#7611,22.);
#7611 = AXIS2_PLACEMENT_3D('',#7612,#7613,#7614);
#7612 = CARTESIAN_POINT('',(1.628696978501E+03,0.,780.95389311788));
#7613 = DIRECTION('',(-0.342020143326,0.,0.939692620786));
#7614 = DIRECTION('',(0.939692620786,0.,0.342020143326));
#7615 = PCURVE('',#7501,#7616);
#7616 = DEFINITIONAL_REPRESENTATION('',(#7617),#7621);
#7617 = LINE('',#7618,#7619);
#7618 = CARTESIAN_POINT('',(0.,150.));
#7619 = VECTOR('',#7620,1.);
#7620 = DIRECTION('',(1.,0.));
#7621 = ( GEOMETRIC_REPRESENTATION_CONTEXT(2) 
PARAMETRIC_REPRESENTATION_CONTEXT() REPRESENTATION_CONTEXT('2D SPACE',''
  ) );
#7622 = PCURVE('',#7623,#7628);
#7623 = PLANE('',#7624);
#7624 = AXIS2_PLACEMENT_3D('',#7625,#7626,#7627);
#7625 = CARTESIAN_POINT('',(1.628696978501E+03,0.,780.95389311788));
#7626 = DIRECTION('',(-0.342020143326,0.,0.939692620786));
#7627 = DIRECTION('',(0.939692620786,0.,0.342020143326));
#7628 = DEFINITIONAL_REPRESENTATION('',(#7629),#7633);
#7629 = CIRCLE('',#7630,22.);
#7630 = AXIS2_PLACEMENT_2D('',#7631,#7632);
#7631 = CARTESIAN_POINT('',(0.,0.));
#7632 = DIRECTION('',(1.,0.));
#7633 = ( GEOMETRIC_REPRESENTATION_CONTEXT(2) 
PARAMETRIC_REPRESENTATION_CONTEXT() REPRESENTATION_CONTEXT('2D SPACE',''
  ) );
#7634 = ORIENTED_EDGE('',*,*,#7583,.F.);
#7635 = ORIENTED_EDGE('',*,*,#7636,.T.);
#7636 = EDGE_CURVE('',#7584,#7472,#7637,.T.);
#7637 = SURFACE_CURVE('',#7638,(#7643,#7650),.PCURVE_S1.);
#7638 = CIRCLE('',#7639,22.);
#7639 = AXIS2_PLACEMENT_3D('',#7640,#7641,#7642);
#7640 = CARTESIAN_POINT('',(1.68E+03,0.,640.));
#7641 = DIRECTION('',(-0.342020143326,0.,0.939692620786));
#7642 = DIRECTION('',(0.939692620786,0.,0.342020143326));
#7643 = PCURVE('',#7501,#7644);
#7644 = DEFINITIONAL_REPRESENTATION('',(#7645),#7649);
#7645 = LINE('',#7646,#7647);
#7646 = CARTESIAN_POINT('',(0.,0.));
#7647 = VECTOR('',#7648,1.);
#7648 = DIRECTION('',(1.,0.));
#7649 = ( GEOMETRIC_REPRESENTATION_CONTEXT(2) 
PARAMETRIC_REPRESENTATION_CONTEXT() REPRESENTATION_CONTEXT('2D SPACE',''
  ) );
#7650 = PCURVE('',#7569,#7651);
#7651 = DEFINITIONAL_REPRESENTATION('',(#7652),#7656);
#7652 = CIRCLE('',#7653,22.);
#7653 = AXIS2_PLACEMENT_2D('',#7654,#7655);
#7654 = CARTESIAN_POINT('',(0.,0.));
#7655 = DIRECTION('',(1.,0.));
#7656 = ( GEOMETRIC_REPRESENTATION_CONTEXT(2) 
PARAMETRIC_REPRESENTATION_CONTEXT() REPRESENTATION_CONTEXT('2D SPACE',''
  ) );
#7657 = ORIENTED_EDGE('',*,*,#7471,.T.);
#7658 = ORIENTED_EDGE('',*,*,#7659,.T.);
#7659 = EDGE_CURVE('',#7443,#7584,#7660,.T.);
#7660 = SURFACE_CURVE('',#7661,(#7666,#7673),.PCURVE_S1.);
#7661 = CIRCLE('',#7662,22.);
#7662 = AXIS2_PLACEMENT_3D('',#7663,#7664,#7665);
#7663 = CARTESIAN_POINT('',(1.68E+03,0.,640.));
#7664 = DIRECTION('',(-0.342020143326,0.,0.939692620786));
#7665 = DIRECTION('',(0.939692620786,0.,0.342020143326));
#7666 = PCURVE('',#7501,#7667);
#7667 = DEFINITIONAL_REPRESENTATION('',(#7668),#7672);
#7668 = LINE('',#7669,#7670);
#7669 = CARTESIAN_POINT('',(0.,0.));
#7670 = VECTOR('',#7671,1.);
#7671 = DIRECTION('',(1.,0.));
#7672 = ( GEOMETRIC_REPRESENTATION_CONTEXT(2) 
PARAMETRIC_REPRESENTATION_CONTEXT() REPRESENTATION_CONTEXT('2D SPACE',''
  ) );
#7673 = PCURVE('',#7569,#7674);
#7674 = DEFINITIONAL_REPRESENTATION('',(#7675),#7679);
#7675 = CIRCLE('',#7676,22.);
#7676 = AXIS2_PLACEMENT_2D('',#7677,#7678);
#7677 = CARTESIAN_POINT('',(0.,0.));
#7678 = DIRECTION('',(1.,0.));
#7679 = ( GEOMETRIC_REPRESENTATION_CONTEXT(2) 
PARAMETRIC_REPRESENTATION_CONTEXT() REPRESENTATION_CONTEXT('2D SPACE',''
  ) );
#7680 = ADVANCED_FACE('',(#7681),#7569,.F.);
#7681 = FACE_BOUND('',#7682,.F.);
#7682 = EDGE_LOOP('',(#7683,#7684,#7685));
#7683 = ORIENTED_EDGE('',*,*,#7659,.T.);
#7684 = ORIENTED_EDGE('',*,*,#7636,.T.);
#7685 = ORIENTED_EDGE('',*,*,#7556,.T.);
#7686 = ADVANCED_FACE('',(#7687),#7623,.T.);
#7687 = FACE_BOUND('',#7688,.T.);
#7688 = EDGE_LOOP('',(#7689));
#7689 = ORIENTED_EDGE('',*,*,#7608,.T.);
#7690 = ( GEOMETRIC_REPRESENTATION_CONTEXT(3) 
GLOBAL_UNCERTAINTY_ASSIGNED_CONTEXT((#7694)) 
GLOBAL_UNIT_ASSIGNED_CONTEXT((#7691,#7692,#7693)) REPRESENTATION_CONTEXT
('Context #1','3D Context with UNIT and UNCERTAINTY') );
#7691 = ( LENGTH_UNIT() NAMED_UNIT(*) SI_UNIT(.MILLI.,.METRE.) );
#7692 = ( NAMED_UNIT(*) PLANE_ANGLE_UNIT() SI_UNIT($,.RADIAN.) );
#7693 = ( NAMED_UNIT(*) SI_UNIT($,.STERADIAN.) SOLID_ANGLE_UNIT() );
#7694 = UNCERTAINTY_MEASURE_WITH_UNIT(LENGTH_MEASURE(2.E-06),#7691,
  'distance_accuracy_value','confusion accuracy');
#7695 = PRODUCT_RELATED_PRODUCT_CATEGORY('part',$,(#7));
ENDSEC;
END-ISO-10303-21;
